arm,bench,seed,rule,r,thr,tp,fp,fn,tn,recall,specificity,balanced_accuracy,precision,f1,nec,auc,ap,pauc95,r_test,r_val,T,T_at_bound
arm0,1,0,0.5,1,0.5,225,1790,1,2889,0.995575221238938,0.6174396238512503,0.8065074225450941,0.11166253101736973,0.20080321285140562,0.3651376146788991,0.917336829781721,0.36376368695068834,0.6620562218309259,20.70353982300885,3.4,0.01000000469331702,True
arm0,1,0,0.5,2,0.5,225,1790,1,2889,0.995575221238938,0.6174396238512503,0.8065074225450941,0.11166253101736973,0.20080321285140562,0.34924965893587995,0.917336829781721,0.36376368695068834,0.6620562218309259,20.70353982300885,3.4,0.01000000469331702,True
arm0,1,0,0.5,5,0.5,225,1790,1,2889,0.995575221238938,0.6174396238512503,0.8065074225450941,0.11166253101736973,0.20080321285140562,0.3090032707867103,0.917336829781721,0.36376368695068834,0.6620562218309259,20.70353982300885,3.4,0.01000000469331702,True
arm0,1,0,0.5,10,0.5,225,1790,1,2889,0.995575221238938,0.6174396238512503,0.8065074225450941,0.11166253101736973,0.20080321285140562,0.2594033722438392,0.917336829781721,0.36376368695068834,0.6620562218309259,20.70353982300885,3.4,0.01000000469331702,True
arm0,1,0,0.5,20,0.5,225,1790,1,2889,0.995575221238938,0.6174396238512503,0.8065074225450941,0.11166253101736973,0.20080321285140562,0.19676051744754863,0.917336829781721,0.36376368695068834,0.6620562218309259,20.70353982300885,3.4,0.01000000469331702,True
arm0,1,0,0.5,50,0.5,225,1790,1,2889,0.995575221238938,0.6174396238512503,0.8065074225450941,0.11166253101736973,0.20080321285140562,0.1151511358658239,0.917336829781721,0.36376368695068834,0.6620562218309259,20.70353982300885,3.4,0.01000000469331702,True
arm0,1,0,0.5,100,0.5,225,1790,1,2889,0.995575221238938,0.6174396238512503,0.8065074225450941,0.11166253101736973,0.20080321285140562,0.06928406466512702,0.917336829781721,0.36376368695068834,0.6620562218309259,20.70353982300885,3.4,0.01000000469331702,True
arm0,1,0,0.5,200,0.5,225,1790,1,2889,0.995575221238938,0.6174396238512503,0.8065074225450941,0.11166253101736973,0.20080321285140562,0.03989654965015337,0.917336829781721,0.36376368695068834,0.6620562218309259,20.70353982300885,3.4,0.01000000469331702,True
arm0,1,0,val-Youden,1,0.5016333998748503,225,1790,1,2889,0.995575221238938,0.6174396238512503,0.8065074225450941,0.11166253101736973,0.20080321285140562,0.3651376146788991,0.917336829781721,0.36376368695068834,0.6620562218309259,20.70353982300885,3.4,0.01000000469331702,True
arm0,1,0,val-Youden,2,0.5016333998748503,225,1790,1,2889,0.995575221238938,0.6174396238512503,0.8065074225450941,0.11166253101736973,0.20080321285140562,0.34924965893587995,0.917336829781721,0.36376368695068834,0.6620562218309259,20.70353982300885,3.4,0.01000000469331702,True
arm0,1,0,val-Youden,5,0.5016333998748503,225,1790,1,2889,0.995575221238938,0.6174396238512503,0.8065074225450941,0.11166253101736973,0.20080321285140562,0.3090032707867103,0.917336829781721,0.36376368695068834,0.6620562218309259,20.70353982300885,3.4,0.01000000469331702,True
arm0,1,0,val-Youden,10,0.5016333998748503,225,1790,1,2889,0.995575221238938,0.6174396238512503,0.8065074225450941,0.11166253101736973,0.20080321285140562,0.2594033722438392,0.917336829781721,0.36376368695068834,0.6620562218309259,20.70353982300885,3.4,0.01000000469331702,True
arm0,1,0,val-Youden,20,0.5016333998748503,225,1790,1,2889,0.995575221238938,0.6174396238512503,0.8065074225450941,0.11166253101736973,0.20080321285140562,0.19676051744754863,0.917336829781721,0.36376368695068834,0.6620562218309259,20.70353982300885,3.4,0.01000000469331702,True
arm0,1,0,val-Youden,50,0.5016333998748503,225,1790,1,2889,0.995575221238938,0.6174396238512503,0.8065074225450941,0.11166253101736973,0.20080321285140562,0.1151511358658239,0.917336829781721,0.36376368695068834,0.6620562218309259,20.70353982300885,3.4,0.01000000469331702,True
arm0,1,0,val-Youden,100,0.5016333998748503,225,1790,1,2889,0.995575221238938,0.6174396238512503,0.8065074225450941,0.11166253101736973,0.20080321285140562,0.06928406466512702,0.917336829781721,0.36376368695068834,0.6620562218309259,20.70353982300885,3.4,0.01000000469331702,True
arm0,1,0,val-Youden,200,0.5016333998748503,225,1790,1,2889,0.995575221238938,0.6174396238512503,0.8065074225450941,0.11166253101736973,0.20080321285140562,0.03989654965015337,0.917336829781721,0.36376368695068834,0.6620562218309259,20.70353982300885,3.4,0.01000000469331702,True
arm0,1,0,elkan-raw,1,0.5,225,1790,1,2889,0.995575221238938,0.6174396238512503,0.8065074225450941,0.11166253101736973,0.20080321285140562,0.3651376146788991,0.917336829781721,0.36376368695068834,0.6620562218309259,20.70353982300885,3.4,0.01000000469331702,True
arm0,1,0,elkan-raw,2,0.3333333333333333,226,1795,0,2884,1.0,0.6163710194486002,0.8081855097243,0.11182582879762494,0.20115709835336004,0.3498343402845449,0.917336829781721,0.36376368695068834,0.6620562218309259,20.70353982300885,3.4,0.01000000469331702,True
arm0,1,0,elkan-raw,5,0.16666666666666666,226,1845,0,2834,1.0,0.6056849754220988,0.8028424877110494,0.10912602607436021,0.19677840661732696,0.3176106042348081,0.917336829781721,0.36376368695068834,0.6620562218309259,20.70353982300885,3.4,0.01000000469331702,True
arm0,1,0,elkan-raw,10,0.09090909090909091,226,2854,0,1825,1.0,0.3900406069673007,0.6950203034836504,0.07337662337662337,0.1367211131276467,0.411298457991065,0.917336829781721,0.36376368695068834,0.6620562218309259,20.70353982300885,3.4,0.01000000469331702,True
arm0,1,0,elkan-raw,20,0.047619047619047616,226,4679,0,0,1.0,0.0,0.5,0.04607543323139653,0.08809198986552329,0.5086422437221437,0.917336829781721,0.36376368695068834,0.6620562218309259,20.70353982300885,3.4,0.01000000469331702,True
arm0,1,0,elkan-raw,50,0.0196078431372549,226,4679,0,0,1.0,0.0,0.5,0.04607543323139653,0.08809198986552329,0.29282182865010326,0.917336829781721,0.36376368695068834,0.6620562218309259,20.70353982300885,3.4,0.01000000469331702,True
arm0,1,0,elkan-raw,100,0.009900990099009901,226,4679,0,0,1.0,0.0,0.5,0.04607543323139653,0.08809198986552329,0.17152388284028006,0.917336829781721,0.36376368695068834,0.6620562218309259,20.70353982300885,3.4,0.01000000469331702,True
arm0,1,0,elkan-raw,200,0.004975124378109453,226,4679,0,0,1.0,0.0,0.5,0.04607543323139653,0.08809198986552329,0.09380701297139077,0.917336829781721,0.36376368695068834,0.6620562218309259,20.70353982300885,3.4,0.01000000469331702,True
arm0,1,0,elkan-cal,1,0.5,225,1790,1,2889,0.995575221238938,0.6174396238512503,0.8065074225450941,0.11166253101736973,0.20080321285140562,0.3651376146788991,0.917336829781721,0.36376368695068834,0.6620562218309259,20.70353982300885,3.4,0.01000000469331702,True
arm0,1,0,elkan-cal,2,0.3333333333333333,225,1790,1,2889,0.995575221238938,0.6174396238512503,0.8065074225450941,0.11166253101736973,0.20080321285140562,0.34924965893587995,0.917336829781721,0.36376368695068834,0.6620562218309259,20.70353982300885,3.4,0.01000000469331702,True
arm0,1,0,elkan-cal,5,0.16666666666666666,225,1790,1,2889,0.995575221238938,0.6174396238512503,0.8065074225450941,0.11166253101736973,0.20080321285140562,0.3090032707867103,0.917336829781721,0.36376368695068834,0.6620562218309259,20.70353982300885,3.4,0.01000000469331702,True
arm0,1,0,elkan-cal,10,0.09090909090909091,225,1790,1,2889,0.995575221238938,0.6174396238512503,0.8065074225450941,0.11166253101736973,0.20080321285140562,0.2594033722438392,0.917336829781721,0.36376368695068834,0.6620562218309259,20.70353982300885,3.4,0.01000000469331702,True
arm0,1,0,elkan-cal,20,0.047619047619047616,225,1790,1,2889,0.995575221238938,0.6174396238512503,0.8065074225450941,0.11166253101736973,0.20080321285140562,0.19676051744754863,0.917336829781721,0.36376368695068834,0.6620562218309259,20.70353982300885,3.4,0.01000000469331702,True
arm0,1,0,elkan-cal,50,0.0196078431372549,225,1790,1,2889,0.995575221238938,0.6174396238512503,0.8065074225450941,0.11166253101736973,0.20080321285140562,0.1151511358658239,0.917336829781721,0.36376368695068834,0.6620562218309259,20.70353982300885,3.4,0.01000000469331702,True
arm0,1,0,elkan-cal,100,0.009900990099009901,225,1790,1,2889,0.995575221238938,0.6174396238512503,0.8065074225450941,0.11166253101736973,0.20080321285140562,0.06928406466512702,0.917336829781721,0.36376368695068834,0.6620562218309259,20.70353982300885,3.4,0.01000000469331702,True
arm0,1,0,elkan-cal,200,0.004975124378109453,225,1790,1,2889,0.995575221238938,0.6174396238512503,0.8065074225450941,0.11166253101736973,0.20080321285140562,0.03989654965015337,0.917336829781721,0.36376368695068834,0.6620562218309259,20.70353982300885,3.4,0.01000000469331702,True
arm0,1,0,val-cost,1,0.5003893115729686,225,1790,1,2889,0.995575221238938,0.6174396238512503,0.8065074225450941,0.11166253101736973,0.20080321285140562,0.3651376146788991,0.917336829781721,0.36376368695068834,0.6620562218309259,20.70353982300885,3.4,0.01000000469331702,True
arm0,1,0,val-cost,2,0.5003893115729686,225,1790,1,2889,0.995575221238938,0.6174396238512503,0.8065074225450941,0.11166253101736973,0.20080321285140562,0.34924965893587995,0.917336829781721,0.36376368695068834,0.6620562218309259,20.70353982300885,3.4,0.01000000469331702,True
arm0,1,0,val-cost,5,0.5003893115729686,225,1790,1,2889,0.995575221238938,0.6174396238512503,0.8065074225450941,0.11166253101736973,0.20080321285140562,0.3090032707867103,0.917336829781721,0.36376368695068834,0.6620562218309259,20.70353982300885,3.4,0.01000000469331702,True
arm0,1,0,val-cost,10,0.5003893115729686,225,1790,1,2889,0.995575221238938,0.6174396238512503,0.8065074225450941,0.11166253101736973,0.20080321285140562,0.2594033722438392,0.917336829781721,0.36376368695068834,0.6620562218309259,20.70353982300885,3.4,0.01000000469331702,True
arm0,1,0,val-cost,20,0.5003893115729686,225,1790,1,2889,0.995575221238938,0.6174396238512503,0.8065074225450941,0.11166253101736973,0.20080321285140562,0.19676051744754863,0.917336829781721,0.36376368695068834,0.6620562218309259,20.70353982300885,3.4,0.01000000469331702,True
arm0,1,0,val-cost,50,0.5003893115729686,225,1790,1,2889,0.995575221238938,0.6174396238512503,0.8065074225450941,0.11166253101736973,0.20080321285140562,0.1151511358658239,0.917336829781721,0.36376368695068834,0.6620562218309259,20.70353982300885,3.4,0.01000000469331702,True
arm0,1,0,val-cost,100,0.5003893115729686,225,1790,1,2889,0.995575221238938,0.6174396238512503,0.8065074225450941,0.11166253101736973,0.20080321285140562,0.06928406466512702,0.917336829781721,0.36376368695068834,0.6620562218309259,20.70353982300885,3.4,0.01000000469331702,True
arm0,1,0,val-cost,200,0.5003893115729686,225,1790,1,2889,0.995575221238938,0.6174396238512503,0.8065074225450941,0.11166253101736973,0.20080321285140562,0.03989654965015337,0.917336829781721,0.36376368695068834,0.6620562218309259,20.70353982300885,3.4,0.01000000469331702,True
arm0,1,0,oracle,1,0.9530705809593201,62,49,164,4630,0.2743362831858407,0.9895276768540286,0.6319319800199347,0.5585585585585585,0.36795252225519287,0.04342507645259939,0.917336829781721,0.36376368695068834,0.6620562218309259,20.70353982300885,3.4,0.01000000469331702,True
arm0,1,0,oracle,2,0.9527133107185364,67,57,159,4622,0.29646017699115046,0.9878179098097885,0.6421390434004695,0.5403225806451613,0.38285714285714284,0.0730851685831222,0.917336829781721,0.36376368695068834,0.6620562218309259,20.70353982300885,3.4,0.01000000469331702,True
arm0,1,0,oracle,5,0.9453747272491455,127,260,99,4419,0.5619469026548672,0.9444325710621928,0.7531897368585301,0.3281653746770026,0.41435562805872755,0.12997073506627646,0.917336829781721,0.36376368695068834,0.6620562218309259,20.70353982300885,3.4,0.01000000469331702,True
arm0,1,0,oracle,10,0.935072660446167,187,771,39,3908,0.827433628318584,0.8352212011113486,0.8313274147149663,0.1951983298538622,0.3158783783783784,0.16731517509727625,0.917336829781721,0.36376368695068834,0.6620562218309259,20.70353982300885,3.4,0.01000000469331702,True
arm0,1,0,oracle,20,0.9291999042034149,210,1086,16,3593,0.9292035398230089,0.7678991237443898,0.8485513317836993,0.16203703703703703,0.2759526938239159,0.15284270029351016,0.917336829781721,0.36376368695068834,0.6620562218309259,20.70353982300885,3.4,0.01000000469331702,True
arm0,1,0,oracle,50,0.9230757057666779,219,1426,7,3253,0.9690265486725663,0.6952340243641804,0.8321302865183733,0.1331306990881459,0.2340994120791021,0.11114587896614306,0.917336829781721,0.36376368695068834,0.6620562218309259,20.70353982300885,3.4,0.01000000469331702,True
arm0,1,0,oracle,100,0.36665913462638855,226,1792,0,2887,1.0,0.6170121820901903,0.8085060910450952,0.11199207135777998,0.2014260249554367,0.06569155760841673,0.917336829781721,0.36376368695068834,0.6620562218309259,20.70353982300885,3.4,0.01000000469331702,True
arm0,1,0,oracle,200,0.36665913462638855,226,1792,0,2887,1.0,0.6170121820901903,0.8085060910450952,0.11199207135777998,0.2014260249554367,0.035926943202550174,0.917336829781721,0.36376368695068834,0.6620562218309259,20.70353982300885,3.4,0.01000000469331702,True
arm0,2,0,0.5,1,0.5,457,9,41,41289,0.9176706827309237,0.9997820717710301,0.9587263772509769,0.98068669527897,0.9481327800829875,0.0011962867260024883,0.9961943274089141,0.9890286133954218,0.924347007867783,82.92771084337349,30.2,0.43074389314413225,False
arm0,2,0,0.5,2,0.5,457,9,41,41289,0.9176706827309237,0.9997820717710301,0.9587263772509769,0.98068669527897,0.9481327800829875,0.0021516054286660046,0.9961943274089141,0.9890286133954218,0.924347007867783,82.92771084337349,30.2,0.43074389314413225,False
arm0,2,0,0.5,5,0.5,457,9,41,41289,0.9176706827309237,0.9997820717710301,0.9587263772509769,0.98068669527897,0.9481327800829875,0.004887183703297707,0.9961943274089141,0.9890286133954218,0.924347007867783,82.92771084337349,30.2,0.43074389314413225,False
arm0,2,0,0.5,10,0.5,457,9,41,41289,0.9176706827309237,0.9997820717710301,0.9587263772509769,0.98068669527897,0.9481327800829875,0.009053978132157829,0.9961943274089141,0.9890286133954218,0.924347007867783,82.92771084337349,30.2,0.43074389314413225,False
arm0,2,0,0.5,20,0.5,457,9,41,41289,0.9176706827309237,0.9997820717710301,0.9587263772509769,0.98068669527897,0.9481327800829875,0.016173085176947988,0.9961943274089141,0.9890286133954218,0.924347007867783,82.92771084337349,30.2,0.43074389314413225,False
arm0,2,0,0.5,50,0.5,457,9,41,41289,0.9176706827309237,0.9997820717710301,0.9587263772509769,0.98068669527897,0.9481327800829875,0.031103658720807274,0.9961943274089141,0.9890286133954218,0.924347007867783,82.92771084337349,30.2,0.43074389314413225,False
arm0,2,0,0.5,100,0.5,457,9,41,41289,0.9176706827309237,0.9997820717710301,0.9587263772509769,0.98068669527897,0.9481327800829875,0.04510527124635008,0.9961943274089141,0.9890286133954218,0.924347007867783,82.92771084337349,30.2,0.43074389314413225,False
arm0,2,0,0.5,200,0.5,457,9,41,41289,0.9176706827309237,0.9997820717710301,0.9587263772509769,0.98068669527897,0.9481327800829875,0.058262005138468964,0.9961943274089141,0.9890286133954218,0.924347007867783,82.92771084337349,30.2,0.43074389314413225,False
arm0,2,0,val-Youden,1,0.2199911847780876,492,60,6,41238,0.9879518072289156,0.9985471451402005,0.9932494761845581,0.8913043478260869,0.9371428571428572,0.0015790984783232845,0.9961943274089141,0.9890286133954218,0.924347007867783,82.92771084337349,30.2,0.43074389314413225,False
arm0,2,0,val-Youden,2,0.2199911847780876,492,60,6,41238,0.9879518072289156,0.9985471451402005,0.9932494761845581,0.8913043478260869,0.9371428571428572,0.0017023691303731025,0.9961943274089141,0.9890286133954218,0.924347007867783,82.92771084337349,30.2,0.43074389314413225,False
arm0,2,0,val-Youden,5,0.2199911847780876,492,60,6,41238,0.9879518072289156,0.9985471451402005,0.9932494761845581,0.8913043478260869,0.9371428571428572,0.0020553576322280076,0.9961943274089141,0.9890286133954218,0.924347007867783,82.92771084337349,30.2,0.43074389314413225,False
arm0,2,0,val-Youden,10,0.2199911847780876,492,60,6,41238,0.9879518072289156,0.9985471451402005,0.9932494761845581,0.8913043478260869,0.9371428571428572,0.0025930247633864905,0.9961943274089141,0.9890286133954218,0.924347007867783,82.92771084337349,30.2,0.43074389314413225,False
arm0,2,0,val-Youden,20,0.2199911847780876,492,60,6,41238,0.9879518072289156,0.9985471451402005,0.9932494761845581,0.8913043478260869,0.9371428571428572,0.0035116469624253775,0.9961943274089141,0.9890286133954218,0.924347007867783,82.92771084337349,30.2,0.43074389314413225,False
arm0,2,0,val-Youden,50,0.2199911847780876,492,60,6,41238,0.9879518072289156,0.9985471451402005,0.9932494761845581,0.8913043478260869,0.9371428571428572,0.0054382307622586785,0.9961943274089141,0.9890286133954218,0.924347007867783,82.92771084337349,30.2,0.43074389314413225,False
arm0,2,0,val-Youden,100,0.2199911847780876,492,60,6,41238,0.9879518072289156,0.9985471451402005,0.9932494761845581,0.8913043478260869,0.9371428571428572,0.007244945004281104,0.9961943274089141,0.9890286133954218,0.924347007867783,82.92771084337349,30.2,0.43074389314413225,False
arm0,2,0,val-Youden,200,0.2199911847780876,492,60,6,41238,0.9879518072289156,0.9985471451402005,0.9932494761845581,0.8913043478260869,0.9371428571428572,0.008942639356129966,0.9961943274089141,0.9890286133954218,0.924347007867783,82.92771084337349,30.2,0.43074389314413225,False
arm0,2,0,elkan-raw,1,0.5,457,9,41,41289,0.9176706827309237,0.9997820717710301,0.9587263772509769,0.98068669527897,0.9481327800829875,0.0011962867260024883,0.9961943274089141,0.9890286133954218,0.924347007867783,82.92771084337349,30.2,0.43074389314413225,False
arm0,2,0,elkan-raw,2,0.3333333333333333,482,23,16,41275,0.9678714859437751,0.9994430723037435,0.9836572791237593,0.9544554455445544,0.9611166500498505,0.0013004208634794534,0.9961943274089141,0.9890286133954218,0.924347007867783,82.92771084337349,30.2,0.43074389314413225,False
arm0,2,0,elkan-raw,5,0.16666666666666666,494,99,4,41199,0.9919678714859438,0.9976027894813309,0.9947853304836374,0.8330522765598651,0.9055912007332723,0.0027176395359459213,0.9961943274089141,0.9890286133954218,0.924347007867783,82.92771084337349,30.2,0.43074389314413225,False
arm0,2,0,elkan-raw,10,0.09090909090909091,495,327,3,40971,0.9939759036144579,0.9920819410140926,0.9930289223142752,0.6021897810218978,0.75,0.0077142486710748085,0.9961943274089141,0.9890286133954218,0.924347007867783,82.92771084337349,30.2,0.43074389314413225,False
arm0,2,0,elkan-raw,20,0.047619047619047616,498,40811,0,487,1.0,0.011792338612039323,0.5058961693060197,0.01205548427703406,0.023823761571028775,0.7961879121307893,0.9961943274089141,0.9890286133954218,0.924347007867783,82.92771084337349,30.2,0.43074389314413225,False
arm0,2,0,elkan-raw,50,0.0196078431372549,498,41298,0,0,1.0,0.0,0.5,0.011915015790984784,0.02354943963682792,0.6238557056104415,0.9961943274089141,0.9890286133954218,0.924347007867783,82.92771084337349,30.2,0.43074389314413225,False
arm0,2,0,elkan-raw,100,0.009900990099009901,498,41298,0,0,1.0,0.0,0.5,0.011915015790984784,0.02354943963682792,0.45333596785878943,0.9961943274089141,0.9890286133954218,0.924347007867783,82.92771084337349,30.2,0.43074389314413225,False
arm0,2,0,elkan-raw,200,0.004975124378109453,498,41298,0,0,1.0,0.0,0.5,0.011915015790984784,0.02354943963682792,0.2931056508963931,0.9961943274089141,0.9890286133954218,0.924347007867783,82.92771084337349,30.2,0.43074389314413225,False
arm0,2,0,elkan-cal,1,0.5,457,9,41,41289,0.9176706827309237,0.9997820717710301,0.9587263772509769,0.98068669527897,0.9481327800829875,0.0011962867260024883,0.9961943274089141,0.9890286133954218,0.924347007867783,82.92771084337349,30.2,0.43074389314413225,False
arm0,2,0,elkan-cal,2,0.3333333333333333,467,12,31,41286,0.9377510040160643,0.99970942902804,0.9687302165220522,0.9749478079331941,0.9559877175025588,0.0017496571617723554,0.9961943274089141,0.9890286133954218,0.924347007867783,82.92771084337349,30.2,0.43074389314413225,False
arm0,2,0,elkan-cal,5,0.16666666666666666,482,23,16,41275,0.9678714859437751,0.9994430723037435,0.9836572791237593,0.9544554455445544,0.9611166500498505,0.002352242623549831,0.9961943274089141,0.9890286133954218,0.924347007867783,82.92771084337349,30.2,0.43074389314413225,False
arm0,2,0,elkan-cal,10,0.09090909090909091,488,39,10,41259,0.9799196787148594,0.9990556443411304,0.9894876615279948,0.9259962049335864,0.9521951219512195,0.0030035870175893513,0.9961943274089141,0.9890286133954218,0.924347007867783,82.92771084337349,30.2,0.43074389314413225,False
arm0,2,0,elkan-cal,20,0.047619047619047616,492,61,6,41237,0.9879518072289156,0.9985229308925372,0.9932373690607263,0.8896925858951176,0.9362511893434824,0.00353115611221663,0.9961943274089141,0.9890286133954218,0.924347007867783,82.92771084337349,30.2,0.43074389314413225,False
arm0,2,0,elkan-cal,50,0.0196078431372549,495,111,3,41187,0.9939759036144579,0.9973122185093709,0.9956440610619144,0.8168316831683168,0.8967391304347826,0.003942717302637542,0.9961943274089141,0.9890286133954218,0.924347007867783,82.92771084337349,30.2,0.43074389314413225,False
arm0,2,0,elkan-cal,100,0.009900990099009901,495,185,3,41113,0.9939759036144579,0.9955203641822848,0.9947481338983714,0.7279411764705882,0.8404074702886248,0.005323936859206568,0.9961943274089141,0.9890286133954218,0.924347007867783,82.92771084337349,30.2,0.43074389314413225,False
arm0,2,0,elkan-cal,200,0.004975124378109453,495,312,3,40986,0.9939759036144579,0.9924451547290426,0.9932105291717502,0.6133828996282528,0.7586206896551724,0.0064727675339607375,0.9961943274089141,0.9890286133954218,0.924347007867783,82.92771084337349,30.2,0.43074389314413225,False
arm0,2,0,val-cost,1,0.22260780741332895,492,57,6,41241,0.9879518072289156,0.9986197878831905,0.9932857975560531,0.8961748633879781,0.9398280802292264,0.0015073212747631353,0.9961943274089141,0.9890286133954218,0.924347007867783,82.92771084337349,30.2,0.43074389314413225,False
arm0,2,0,val-cost,2,0.22260780741332895,492,57,6,41241,0.9879518072289156,0.9986197878831905,0.9932857975560531,0.8961748633879781,0.9398280802292264,0.0016314370832742234,0.9961943274089141,0.9890286133954218,0.924347007867783,82.92771084337349,30.2,0.43074389314413225,False
arm0,2,0,val-cost,5,0.22260780741332895,492,57,6,41241,0.9879518072289156,0.9986197878831905,0.9932857975560531,0.8961748633879781,0.9398280802292264,0.0019868457111537406,0.9961943274089141,0.9890286133954218,0.924347007867783,82.92771084337349,30.2,0.43074389314413225,False
arm0,2,0,val-cost,10,0.22260780741332895,492,57,6,41241,0.9879518072289156,0.9986197878831905,0.9932857975560531,0.8961748633879781,0.9398280802292264,0.002528199144301828,0.9961943274089141,0.9890286133954218,0.924347007867783,82.92771084337349,30.2,0.43074389314413225,False
arm0,2,0,val-cost,20,0.22260780741332895,492,57,6,41241,0.9879518072289156,0.9986197878831905,0.9932857975560531,0.8961748633879781,0.9398280802292264,0.0034531195130516213,0.9961943274089141,0.9890286133954218,0.924347007867783,82.92771084337349,30.2,0.43074389314413225,False
arm0,2,0,val-cost,50,0.22260780741332895,492,57,6,41241,0.9879518072289156,0.9986197878831905,0.9932857975560531,0.8961748633879781,0.9398280802292264,0.00539291217257319,0.9961943274089141,0.9890286133954218,0.924347007867783,82.92771084337349,30.2,0.43074389314413225,False
arm0,2,0,val-cost,100,0.22260780741332895,492,57,6,41241,0.9879518072289156,0.9986197878831905,0.9932857975560531,0.8961748633879781,0.9398280802292264,0.0072120134360798265,0.9961943274089141,0.9890286133954218,0.924347007867783,82.92771084337349,30.2,0.43074389314413225,False
arm0,2,0,val-cost,200,0.22260780741332895,492,57,6,41241,0.9879518072289156,0.9986197878831905,0.9932857975560531,0.8961748633879781,0.9398280802292264,0.00892134735766299,0.9961943274089141,0.9890286133954218,0.924347007867783,82.92771084337349,30.2,0.43074389314413225,False
arm0,2,0,oracle,1,0.3752082884311676,480,19,18,41279,0.963855421686747,0.9995399292943968,0.981697675490572,0.9619238476953907,0.9628886659979939,0.0008852521772418413,0.9961943274089141,0.9890286133954218,0.924347007867783,82.92771084337349,30.2,0.43074389314413225,False
arm0,2,0,oracle,2,0.29168809950351715,487,31,11,41267,0.9779116465863453,0.9992493583224369,0.9885805024543911,0.9401544401544402,0.9586614173228346,0.0012531328320802004,0.9961943274089141,0.9890286133954218,0.924347007867783,82.92771084337349,30.2,0.43074389314413225,False
arm0,2,0,oracle,5,0.2625001072883606,489,39,9,41259,0.9819277108433735,0.9990556443411304,0.9904916775922519,0.9261363636363636,0.9532163742690059,0.0019183337900794738,0.9961943274089141,0.9890286133954218,0.924347007867783,82.92771084337349,30.2,0.43074389314413225,False
arm0,2,0,oracle,10,0.20099382102489471,494,69,4,41229,0.9919678714859438,0.9983292169112306,0.9951485441985872,0.8774422735346359,0.9311969839773798,0.0023553308267427286,0.9961943274089141,0.9890286133954218,0.924347007867783,82.92771084337349,30.2,0.43074389314413225,False
arm0,2,0,oracle,20,0.20099382102489471,494,69,4,41229,0.9919678714859438,0.9983292169112306,0.9951485441985872,0.8774422735346359,0.9311969839773798,0.0029068633188965624,0.9961943274089141,0.9890286133954218,0.924347007867783,82.92771084337349,30.2,0.43074389314413225,False
arm0,2,0,oracle,50,0.16240160167217255,495,103,3,41195,0.9939759036144579,0.9975059324906775,0.9957409180525677,0.8277591973244147,0.9032846715328468,0.0038218677301429045,0.9961943274089141,0.9890286133954218,0.924347007867783,82.92771084337349,30.2,0.43074389314413225,False
arm0,2,0,oracle,100,0.16240160167217255,495,103,3,41195,0.9939759036144579,0.9975059324906775,0.9957409180525677,0.8277591973244147,0.9032846715328468,0.004423807328371643,0.9961943274089141,0.9890286133954218,0.924347007867783,82.92771084337349,30.2,0.43074389314413225,False
arm0,2,0,oracle,200,0.16240160167217255,495,103,3,41195,0.9939759036144579,0.9975059324906775,0.9957409180525677,0.8277591973244147,0.9032846715328468,0.0049894249740947355,0.9961943274089141,0.9890286133954218,0.924347007867783,82.92771084337349,30.2,0.43074389314413225,False
arm0,2,1,0.5,1,0.5,495,3521,3,37777,0.9939759036144579,0.9147416339774324,0.9543587687959452,0.12325697211155379,0.2193176783340718,0.08431428844865538,0.9967653071484932,0.9255429980124665,0.94587862807713,82.92771084337349,30.2,0.5895242640993996,False
arm0,2,1,0.5,2,0.5,495,3521,3,37777,0.9939759036144579,0.9147416339774324,0.9543587687959452,0.12325697211155379,0.2193176783340718,0.0833924433725824,0.9967653071484932,0.9255429980124665,0.94587862807713,82.92771084337349,30.2,0.5895242640993996,False
arm0,2,1,0.5,5,0.5,495,3521,3,37777,0.9939759036144579,0.9147416339774324,0.9543587687959452,0.12325697211155379,0.2193176783340718,0.08075271763953594,0.9967653071484932,0.9255429980124665,0.94587862807713,82.92771084337349,30.2,0.5895242640993996,False
arm0,2,1,0.5,10,0.5,495,3521,3,37777,0.9939759036144579,0.9147416339774324,0.9543587687959452,0.12325697211155379,0.2193176783340718,0.07673192445654523,0.9967653071484932,0.9255429980124665,0.94587862807713,82.92771084337349,30.2,0.5895242640993996,False
arm0,2,1,0.5,20,0.5,495,3521,3,37777,0.9939759036144579,0.9147416339774324,0.9543587687959452,0.12325697211155379,0.2193176783340718,0.06986226540247376,0.9967653071484932,0.9255429980124665,0.94587862807713,82.92771084337349,30.2,0.5895242640993996,False
arm0,2,1,0.5,50,0.5,495,3521,3,37777,0.9939759036144579,0.9147416339774324,0.9543587687959452,0.12325697211155379,0.2193176783340718,0.05545484757847669,0.9967653071484932,0.9255429980124665,0.94587862807713,82.92771084337349,30.2,0.5895242640993996,False
arm0,2,1,0.5,100,0.5,495,3521,3,37777,0.9939759036144579,0.9147416339774324,0.9543587687959452,0.12325697211155379,0.2193176783340718,0.04194384069902742,0.9967653071484932,0.9255429980124665,0.94587862807713,82.92771084337349,30.2,0.5895242640993996,False
arm0,2,1,0.5,200,0.5,495,3521,3,37777,0.9939759036144579,0.9147416339774324,0.9543587687959452,0.12325697211155379,0.2193176783340718,0.02924810856080285,0.9967653071484932,0.9255429980124665,0.94587862807713,82.92771084337349,30.2,0.5895242640993996,False
arm0,2,1,val-Youden,1,0.9046056414529068,494,427,4,40871,0.9919678714859438,0.9896605162477602,0.990814193866852,0.5363735070575462,0.6962649753347427,0.01031199157814145,0.9967653071484932,0.9255429980124665,0.94587862807713,82.92771084337349,30.2,0.5895242640993996,False
arm0,2,1,val-Youden,2,0.9046056414529068,494,427,4,40871,0.9919678714859438,0.9896605162477602,0.990814193866852,0.5363735070575462,0.6962649753347427,0.010285146829337495,0.9967653071484932,0.9255429980124665,0.94587862807713,82.92771084337349,30.2,0.5895242640993996,False
arm0,2,1,val-Youden,5,0.9046056414529068,494,427,4,40871,0.9919678714859438,0.9896605162477602,0.990814193866852,0.5363735070575462,0.6962649753347427,0.010208276240065772,0.9967653071484932,0.9255429980124665,0.94587862807713,82.92771084337349,30.2,0.5895242640993996,False
arm0,2,1,val-Youden,10,0.9046056414529068,494,427,4,40871,0.9919678714859438,0.9896605162477602,0.990814193866852,0.5363735070575462,0.6962649753347427,0.010091188037512425,0.9967653071484932,0.9255429980124665,0.94587862807713,82.92771084337349,30.2,0.5895242640993996,False
arm0,2,1,val-Youden,20,0.9046056414529068,494,427,4,40871,0.9919678714859438,0.9896605162477602,0.990814193866852,0.5363735070575462,0.6962649753347427,0.009891138944164813,0.9967653071484932,0.9255429980124665,0.94587862807713,82.92771084337349,30.2,0.5895242640993996,False
arm0,2,1,val-Youden,50,0.9046056414529068,494,427,4,40871,0.9919678714859438,0.9896605162477602,0.990814193866852,0.5363735070575462,0.6962649753347427,0.009471585244267198,0.9967653071484932,0.9255429980124665,0.94587862807713,82.92771084337349,30.2,0.5895242640993996,False
arm0,2,1,val-Youden,100,0.9046056414529068,494,427,4,40871,0.9919678714859438,0.9896605162477602,0.990814193866852,0.5363735070575462,0.6962649753347427,0.009078135634152232,0.9967653071484932,0.9255429980124665,0.94587862807713,82.92771084337349,30.2,0.5895242640993996,False
arm0,2,1,val-Youden,200,0.9046056414529068,494,427,4,40871,0.9919678714859438,0.9896605162477602,0.990814193866852,0.5363735070575462,0.6962649753347427,0.00870842737299323,0.9967653071484932,0.9255429980124665,0.94587862807713,82.92771084337349,30.2,0.5895242640993996,False
arm0,2,1,elkan-raw,1,0.5,495,3521,3,37777,0.9939759036144579,0.9147416339774324,0.9543587687959452,0.12325697211155379,0.2193176783340718,0.08431428844865538,0.9967653071484932,0.9255429980124665,0.94587862807713,82.92771084337349,30.2,0.5895242640993996,False
arm0,2,1,elkan-raw,2,0.3333333333333333,495,6892,3,34406,0.9939759036144579,0.8331154051043634,0.9135456543594107,0.06700961147962638,0.12555485098287889,0.1630964202960231,0.9967653071484932,0.9255429980124665,0.94587862807713,82.92771084337349,30.2,0.5895242640993996,False
arm0,2,1,elkan-raw,5,0.16666666666666666,497,11845,1,29453,0.9979919678714859,0.7131822364279142,0.8555871021497001,0.04026900016204829,0.07741433021806854,0.2706220882433543,0.9967653071484932,0.9255429980124665,0.94587862807713,82.92771084337349,30.2,0.5895242640993996,False
arm0,2,1,elkan-raw,10,0.09090909090909091,497,18313,1,22985,0.9979919678714859,0.5565644825415275,0.7772782252065067,0.026422115895800107,0.051481251294800086,0.3959332728294222,0.9967653071484932,0.9255429980124665,0.94587862807713,82.92771084337349,30.2,0.5895242640993996,False
arm0,2,1,elkan-raw,20,0.047619047619047616,498,40883,0,415,1.0,0.010048912780279917,0.5050244563901399,0.012034508590899206,0.023782802836743954,0.7975925709157595,0.9967653071484932,0.9255429980124665,0.94587862807713,82.92771084337349,30.2,0.5895242640993996,False
arm0,2,1,elkan-raw,50,0.0196078431372549,498,41298,0,0,1.0,0.0,0.5,0.011915015790984784,0.02354943963682792,0.6238557056104415,0.9967653071484932,0.9255429980124665,0.94587862807713,82.92771084337349,30.2,0.5895242640993996,False
arm0,2,1,elkan-raw,100,0.009900990099009901,498,41298,0,0,1.0,0.0,0.5,0.011915015790984784,0.02354943963682792,0.45333596785878943,0.9967653071484932,0.9255429980124665,0.94587862807713,82.92771084337349,30.2,0.5895242640993996,False
arm0,2,1,elkan-raw,200,0.004975124378109453,498,41298,0,0,1.0,0.0,0.5,0.011915015790984784,0.02354943963682792,0.2931056508963931,0.9967653071484932,0.9255429980124665,0.94587862807713,82.92771084337349,30.2,0.5895242640993996,False
arm0,2,1,elkan-cal,1,0.5,495,3521,3,37777,0.9939759036144579,0.9147416339774324,0.9543587687959452,0.12325697211155379,0.2193176783340718,0.08431428844865538,0.9967653071484932,0.9255429980124665,0.94587862807713,82.92771084337349,30.2,0.5895242640993996,False
arm0,2,1,elkan-cal,2,0.3333333333333333,495,5467,3,35831,0.9939759036144579,0.8676207080246017,0.9307983058195297,0.08302583025830258,0.15325077399380804,0.12940369792405543,0.9967653071484932,0.9255429980124665,0.94587862807713,82.92771084337349,30.2,0.5895242640993996,False
arm0,2,1,elkan-cal,5,0.16666666666666666,495,8070,3,33228,0.9939759036144579,0.8045910213569665,0.8992834624857122,0.05779334500875657,0.10923535253227408,0.18463962729514935,0.9967653071484932,0.9255429980124665,0.94587862807713,82.92771084337349,30.2,0.5895242640993996,False
arm0,2,1,elkan-cal,10,0.09090909090909091,496,10225,2,31073,0.9959839357429718,0.7524093176425009,0.8741966266927363,0.046264341012965206,0.08842142793475355,0.22137948917412162,0.9967653071484932,0.9255429980124665,0.94587862807713,82.92771084337349,30.2,0.5895242640993996,False
arm0,2,1,elkan-cal,20,0.047619047619047616,497,13049,1,28249,0.9979919678714859,0.6840282822412708,0.8410101250563784,0.03668979772626606,0.07077755625178012,0.2549650786218737,0.9967653071484932,0.9255429980124665,0.94587862807713,82.92771084337349,30.2,0.5895242640993996,False
arm0,2,1,elkan-cal,50,0.0196078431372549,497,18364,1,22934,0.9979919678714859,0.5553295559106979,0.7766607618910919,0.026350670696145485,0.05134562735678496,0.2781655034895314,0.9967653071484932,0.9255429980124665,0.94587862807713,82.92771084337349,30.2,0.5895242640993996,False
arm0,2,1,elkan-cal,100,0.009900990099009901,498,31826,0,9472,1.0,0.22935735386701536,0.6146786769335076,0.015406509095408983,0.03034549996953263,0.34936002985795517,0.9967653071484932,0.9255429980124665,0.94587862807713,82.92771084337349,30.2,0.5895242640993996,False
arm0,2,1,elkan-cal,200,0.004975124378109453,498,41263,0,35,1.0,0.0008474986682163785,0.5004237493341082,0.011925001795934006,0.023568943893608463,0.2928572442476117,0.9967653071484932,0.9255429980124665,0.94587862807713,82.92771084337349,30.2,0.5895242640993996,False
arm0,2,1,val-cost,1,0.9813635594475296,450,96,48,41202,0.9036144578313253,0.9976754322243208,0.950644945027823,0.8241758241758241,0.8620689655172413,0.0034453057708871662,0.9967653071484932,0.9255429980124665,0.94587862807713,82.92771084337349,30.2,0.5895242640993996,False
arm0,2,1,val-cost,2,0.9813635594475296,450,96,48,41202,0.9036144578313253,0.9976754322243208,0.950644945027823,0.8241758241758241,0.8620689655172413,0.004539651014328273,0.9967653071484932,0.9255429980124665,0.94587862807713,82.92771084337349,30.2,0.5895242640993996,False
arm0,2,1,val-cost,5,0.9039442830769728,494,429,4,40869,0.9919678714859438,0.9896120877524335,0.9907899796191886,0.5352112676056338,0.6952850105559465,0.010253950854115283,0.9967653071484932,0.9255429980124665,0.94587862807713,82.92771084337349,30.2,0.5895242640993996,False
arm0,2,1,val-cost,10,0.9039442830769728,494,429,4,40869,0.9919678714859438,0.9896120877524335,0.9907899796191886,0.5352112676056338,0.6952850105559465,0.0101344051169022,0.9967653071484932,0.9255429980124665,0.94587862807713,82.92771084337349,30.2,0.5895242640993996,False
arm0,2,1,val-cost,20,0.9039442830769728,494,429,4,40869,0.9919678714859438,0.9896120877524335,0.9907899796191886,0.5352112676056338,0.6952850105559465,0.009930157243747318,0.9967653071484932,0.9255429980124665,0.94587862807713,82.92771084337349,30.2,0.5895242640993996,False
arm0,2,1,val-cost,50,0.9039442830769728,494,429,4,40869,0.9919678714859438,0.9896120877524335,0.9907899796191886,0.5352112676056338,0.6952850105559465,0.009501797637390858,0.9967653071484932,0.9255429980124665,0.94587862807713,82.92771084337349,30.2,0.5895242640993996,False
arm0,2,1,val-cost,100,0.9039442830769728,494,429,4,40869,0.9919678714859438,0.9896120877524335,0.9907899796191886,0.5352112676056338,0.6952850105559465,0.009100090012953083,0.9967653071484932,0.9255429980124665,0.94587862807713,82.92771084337349,30.2,0.5895242640993996,False
arm0,2,1,val-cost,200,0.9039442830769728,494,429,4,40869,0.9919678714859438,0.9896120877524335,0.9907899796191886,0.5352112676056338,0.6952850105559465,0.00872262203863788,0.9967653071484932,0.9255429980124665,0.94587862807713,82.92771084337349,30.2,0.5895242640993996,False
arm0,2,1,oracle,1,0.9848282635211945,438,71,60,41227,0.8795180722891566,0.998280788415904,0.9388994303525302,0.8605108055009824,0.8699106256206555,0.003134271222126519,0.9967653071484932,0.9255429980124665,0.94587862807713,82.92771084337349,30.2,0.5895242640993996,False
arm0,2,1,oracle,2,0.9785787761211395,464,109,34,41189,0.9317269076305221,0.9973606470046975,0.9645437773176098,0.8097731239092496,0.8664799253034547,0.004184990778833877,0.9967653071484932,0.9255429980124665,0.94587862807713,82.92771084337349,30.2,0.5895242640993996,False
arm0,2,1,oracle,5,0.9682865142822266,482,161,16,41137,0.9678714859437751,0.9961015061262046,0.9819864960349899,0.749611197511664,0.8448729184925504,0.005503790992966109,0.9967653071484932,0.9255429980124665,0.94587862807713,82.92771084337349,30.2,0.5895242640993996,False
arm0,2,1,oracle,10,0.964340329170227,485,178,13,41120,0.9738955823293173,0.9956898639159282,0.9847927231226228,0.7315233785822021,0.8354866494401378,0.0066554302260253256,0.9967653071484932,0.9255429980124665,0.94587862807713,82.92771084337349,30.2,0.5895242640993996,False
arm0,2,1,oracle,20,0.9405766725540161,491,272,7,41026,0.9859437751004017,0.9934137246355755,0.9896787498679886,0.6435124508519003,0.7787470261697066,0.008037769713995864,0.9967653071484932,0.9255429980124665,0.94587862807713,82.92771084337349,30.2,0.5895242640993996,False
arm0,2,1,oracle,50,0.9305750131607056,493,321,5,40977,0.9899598393574297,0.9922272265000727,0.9910935329287511,0.6056511056511057,0.7515243902439024,0.008625638236804737,0.9967653071484932,0.9255429980124665,0.94587862807713,82.92771084337349,30.2,0.5895242640993996,False
arm0,2,1,oracle,100,0.910482794046402,494,406,4,40892,0.9919678714859438,0.99016901544869,0.9910684434673169,0.5488888888888889,0.7067238912732475,0.008847614656743287,0.9967653071484932,0.9255429980124665,0.94587862807713,82.92771084337349,30.2,0.5895242640993996,False
arm0,2,1,oracle,200,0.910482794046402,494,406,4,40892,0.9919678714859438,0.99016901544869,0.9910684434673169,0.5488888888888889,0.7067238912732475,0.008559383383724396,0.9967653071484932,0.9255429980124665,0.94587862807713,82.92771084337349,30.2,0.5895242640993996,False
arm0,2,2,0.5,1,0.5,490,13,8,41285,0.9839357429718876,0.9996852147803768,0.9918104788761322,0.974155069582505,0.9790209790209791,0.0005024404249210451,0.998963892764141,0.9944685836465604,0.9792798974482848,82.92771084337349,30.2,0.010000007561198941,True
arm0,2,2,0.5,2,0.5,490,13,8,41285,0.9839357429718876,0.9996852147803768,0.9918104788761322,0.974155069582505,0.9790209790209791,0.0006856764552891664,0.998963892764141,0.9944685836465604,0.9792798974482848,82.92771084337349,30.2,0.010000007561198941,True
arm0,2,2,0.5,5,0.5,490,13,8,41285,0.9839357429718876,0.9996852147803768,0.9918104788761322,0.974155069582505,0.9790209790209791,0.0012103772723120489,0.998963892764141,0.9944685836465604,0.9792798974482848,82.92771084337349,30.2,0.010000007561198941,True
arm0,2,2,0.5,10,0.5,490,13,8,41285,0.9839357429718876,0.9996852147803768,0.9918104788761322,0.974155069582505,0.9790209790209791,0.00200959419162453,0.998963892764141,0.9944685836465604,0.9792798974482848,82.92771084337349,30.2,0.010000007561198941,True
arm0,2,2,0.5,20,0.5,490,13,8,41285,0.9839357429718876,0.9996852147803768,0.9918104788761322,0.974155069582505,0.9790209790209791,0.003375082913886613,0.998963892764141,0.9944685836465604,0.9792798974482848,82.92771084337349,30.2,0.010000007561198941,True
arm0,2,2,0.5,50,0.5,490,13,8,41285,0.9839357429718876,0.9996852147803768,0.9918104788761322,0.974155069582505,0.9790209790209791,0.006238859180035651,0.998963892764141,0.9944685836465604,0.9792798974482848,82.92771084337349,30.2,0.010000007561198941,True
arm0,2,2,0.5,100,0.5,490,13,8,41285,0.9839357429718876,0.9996852147803768,0.9918104788761322,0.974155069582505,0.9790209790209791,0.008924454982546268,0.998963892764141,0.9944685836465604,0.9792798974482848,82.92771084337349,30.2,0.010000007561198941,True
arm0,2,2,0.5,200,0.5,490,13,8,41285,0.9839357429718876,0.9996852147803768,0.9918104788761322,0.974155069582505,0.9790209790209791,0.011447997842410821,0.998963892764141,0.9944685836465604,0.9792798974482848,82.92771084337349,30.2,0.010000007561198941,True
arm0,2,2,val-Youden,1,0.44701540585267197,490,19,8,41279,0.9839357429718876,0.9995399292943968,0.9917378361331421,0.962671905697446,0.9731876861966237,0.0006459948320413437,0.998963892764141,0.9944685836465604,0.9792798974482848,82.92771084337349,30.2,0.010000007561198941,True
arm0,2,2,val-Youden,2,0.44701540585267197,490,19,8,41279,0.9839357429718876,0.9995399292943968,0.9917378361331421,0.962671905697446,0.9731876861966237,0.0008275405494869249,0.998963892764141,0.9944685836465604,0.9792798974482848,82.92771084337349,30.2,0.010000007561198941,True
arm0,2,2,val-Youden,5,0.44701540585267197,490,19,8,41279,0.9839357429718876,0.9995399292943968,0.9917378361331421,0.962671905697446,0.9731876861966237,0.0013474011144605827,0.998963892764141,0.9944685836465604,0.9792798974482848,82.92771084337349,30.2,0.010000007561198941,True
arm0,2,2,val-Youden,10,0.44701540585267197,490,19,8,41279,0.9839357429718876,0.9995399292943968,0.9917378361331421,0.962671905697446,0.9731876861966237,0.0021392454297938547,0.998963892764141,0.9944685836465604,0.9792798974482848,82.92771084337349,30.2,0.010000007561198941,True
arm0,2,2,val-Youden,20,0.44701540585267197,490,19,8,41279,0.9839357429718876,0.9995399292943968,0.9917378361331421,0.962671905697446,0.9731876861966237,0.0034921378126341255,0.998963892764141,0.9944685836465604,0.9792798974482848,82.92771084337349,30.2,0.010000007561198941,True
arm0,2,2,val-Youden,50,0.44701540585267197,490,19,8,41279,0.9839357429718876,0.9995399292943968,0.9917378361331421,0.962671905697446,0.9731876861966237,0.006329496359406629,0.998963892764141,0.9944685836465604,0.9792798974482848,82.92771084337349,30.2,0.010000007561198941,True
arm0,2,2,val-Youden,100,0.44701540585267197,490,19,8,41279,0.9839357429718876,0.9995399292943968,0.9917378361331421,0.962671905697446,0.9731876861966237,0.008990318118948824,0.998963892764141,0.9944685836465604,0.9792798974482848,82.92771084337349,30.2,0.010000007561198941,True
arm0,2,2,val-Youden,200,0.44701540585267197,490,19,8,41279,0.9839357429718876,0.9995399292943968,0.9917378361331421,0.962671905697446,0.9731876861966237,0.011490581839344774,0.998963892764141,0.9944685836465604,0.9792798974482848,82.92771084337349,30.2,0.010000007561198941,True
arm0,2,2,elkan-raw,1,0.5,490,13,8,41285,0.9839357429718876,0.9996852147803768,0.9918104788761322,0.974155069582505,0.9790209790209791,0.0005024404249210451,0.998963892764141,0.9944685836465604,0.9792798974482848,82.92771084337349,30.2,0.010000007561198941,True
arm0,2,2,elkan-raw,2,0.3333333333333333,495,39,3,41259,0.9939759036144579,0.9990556443411304,0.9965157739777941,0.9269662921348315,0.9593023255813954,0.0010639807064831892,0.998963892764141,0.9944685836465604,0.9792798974482848,82.92771084337349,30.2,0.010000007561198941,True
arm0,2,2,elkan-raw,5,0.16666666666666666,495,97,3,41201,0.9939759036144579,0.9976512179766575,0.9958135607955576,0.8361486486486487,0.908256880733945,0.002557778386772632,0.998963892764141,0.9944685836465604,0.9792798974482848,82.92771084337349,30.2,0.010000007561198941,True
arm0,2,2,elkan-raw,10,0.09090909090909091,495,301,3,40997,0.9939759036144579,0.9927115114533391,0.9933437075338984,0.621859296482412,0.7650695517774343,0.0071524266390077355,0.998963892764141,0.9944685836465604,0.9792798974482848,82.92771084337349,30.2,0.010000007561198941,True
arm0,2,2,elkan-raw,20,0.047619047619047616,498,17384,0,23914,1.0,0.5790595186207564,0.7895297593103783,0.02784923386645789,0.054189336235038084,0.3391470599711265,0.998963892764141,0.9944685836465604,0.9792798974482848,82.92771084337349,30.2,0.010000007561198941,True
arm0,2,2,elkan-raw,50,0.0196078431372549,498,41298,0,0,1.0,0.0,0.5,0.011915015790984784,0.02354943963682792,0.6238557056104415,0.998963892764141,0.9944685836465604,0.9792798974482848,82.92771084337349,30.2,0.010000007561198941,True
arm0,2,2,elkan-raw,100,0.009900990099009901,498,41298,0,0,1.0,0.0,0.5,0.011915015790984784,0.02354943963682792,0.45333596785878943,0.998963892764141,0.9944685836465604,0.9792798974482848,82.92771084337349,30.2,0.010000007561198941,True
arm0,2,2,elkan-raw,200,0.004975124378109453,498,41298,0,0,1.0,0.0,0.5,0.011915015790984784,0.02354943963682792,0.2931056508963931,0.998963892764141,0.9944685836465604,0.9792798974482848,82.92771084337349,30.2,0.010000007561198941,True
arm0,2,2,elkan-cal,1,0.5,490,13,8,41285,0.9839357429718876,0.9996852147803768,0.9918104788761322,0.974155069582505,0.9790209790209791,0.0005024404249210451,0.998963892764141,0.9944685836465604,0.9792798974482848,82.92771084337349,30.2,0.010000007561198941,True
arm0,2,2,elkan-cal,2,0.3333333333333333,490,14,8,41284,0.9839357429718876,0.9996610005327135,0.9917983717523005,0.9722222222222222,0.9780439121756487,0.0007093204709887927,0.998963892764141,0.9944685836465604,0.9792798974482848,82.92771084337349,30.2,0.010000007561198941,True
arm0,2,2,elkan-cal,5,0.16666666666666666,490,14,8,41284,0.9839357429718876,0.9996610005327135,0.9917983717523005,0.9722222222222222,0.9780439121756487,0.0012332145793368045,0.998963892764141,0.9944685836465604,0.9792798974482848,82.92771084337349,30.2,0.010000007561198941,True
arm0,2,2,elkan-cal,10,0.09090909090909091,490,15,8,41283,0.9839357429718876,0.9996367862850501,0.9917862646284689,0.9702970297029703,0.9770687936191426,0.002052811271014305,0.998963892764141,0.9944685836465604,0.9792798974482848,82.92771084337349,30.2,0.010000007561198941,True
arm0,2,2,elkan-cal,20,0.047619047619047616,490,15,8,41283,0.9839357429718876,0.9996367862850501,0.9917862646284689,0.9702970297029703,0.9770687936191426,0.003414101213469117,0.998963892764141,0.9944685836465604,0.9792798974482848,82.92771084337349,30.2,0.010000007561198941,True
arm0,2,2,elkan-cal,50,0.0196078431372549,490,15,8,41283,0.9839357429718876,0.9996367862850501,0.9917862646284689,0.9702970297029703,0.9770687936191426,0.00626907157315931,0.998963892764141,0.9944685836465604,0.9792798974482848,82.92771084337349,30.2,0.010000007561198941,True
arm0,2,2,elkan-cal,100,0.009900990099009901,490,15,8,41283,0.9839357429718876,0.9996367862850501,0.9917862646284689,0.9702970297029703,0.9770687936191426,0.008946409361347121,0.998963892764141,0.9944685836465604,0.9792798974482848,82.92771084337349,30.2,0.010000007561198941,True
arm0,2,2,elkan-cal,200,0.004975124378109453,490,15,8,41283,0.9839357429718876,0.9996367862850501,0.9917862646284689,0.9702970297029703,0.9770687936191426,0.011462192508055472,0.998963892764141,0.9944685836465604,0.9792798974482848,82.92771084337349,30.2,0.010000007561198941,True
arm0,2,2,val-cost,1,0.46274532619910164,490,17,8,41281,0.9839357429718876,0.9995883577897234,0.9917620503808056,0.9664694280078896,0.9751243781094527,0.0005981433630012442,0.998963892764141,0.9944685836465604,0.9792798974482848,82.92771084337349,30.2,0.010000007561198941,True
arm0,2,2,val-cost,2,0.46274532619910164,490,17,8,41281,0.9839357429718876,0.9995883577897234,0.9917620503808056,0.9664694280078896,0.9751243781094527,0.000780252518087672,0.998963892764141,0.9944685836465604,0.9792798974482848,82.92771084337349,30.2,0.010000007561198941,True
arm0,2,2,val-cost,5,0.46274532619910164,490,17,8,41281,0.9839357429718876,0.9995883577897234,0.9917620503808056,0.9664694280078896,0.9751243781094527,0.0013017265004110715,0.998963892764141,0.9944685836465604,0.9792798974482848,82.92771084337349,30.2,0.010000007561198941,True
arm0,2,2,val-cost,10,0.46274532619910164,490,17,8,41281,0.9839357429718876,0.9995883577897234,0.9917620503808056,0.9664694280078896,0.9751243781094527,0.0020960283504040797,0.998963892764141,0.9944685836465604,0.9792798974482848,82.92771084337349,30.2,0.010000007561198941,True
arm0,2,2,val-cost,20,0.46274532619910164,490,17,8,41281,0.9839357429718876,0.9995883577897234,0.9917620503808056,0.9664694280078896,0.9751243781094527,0.0034531195130516213,0.998963892764141,0.9944685836465604,0.9792798974482848,82.92771084337349,30.2,0.010000007561198941,True
arm0,2,2,val-cost,50,0.46274532619910164,490,17,8,41281,0.9839357429718876,0.9995883577897234,0.9917620503808056,0.9664694280078896,0.9751243781094527,0.00629928396628297,0.998963892764141,0.9944685836465604,0.9792798974482848,82.92771084337349,30.2,0.010000007561198941,True
arm0,2,2,val-cost,100,0.46274532619910164,490,17,8,41281,0.9839357429718876,0.9995883577897234,0.9917620503808056,0.9664694280078896,0.9751243781094527,0.008968363740147972,0.998963892764141,0.9944685836465604,0.9792798974482848,82.92771084337349,30.2,0.010000007561198941,True
arm0,2,2,val-cost,200,0.46274532619910164,490,17,8,41281,0.9839357429718876,0.9995883577897234,0.9917620503808056,0.9664694280078896,0.9751243781094527,0.011476387173700123,0.998963892764141,0.9944685836465604,0.9792798974482848,82.92771084337349,30.2,0.010000007561198941,True
arm0,2,2,oracle,1,0.6290983855724335,486,5,12,41293,0.9759036144578314,0.9998789287616834,0.9878912716097574,0.9898167006109979,0.9828109201213346,0.000406737486840846,0.998963892764141,0.9944685836465604,0.9792798974482848,82.92771084337349,30.2,0.010000007561198941,True
arm0,2,2,oracle,2,0.540567934513092,490,11,8,41287,0.9839357429718876,0.9997336432757035,0.9918346931237956,0.9780439121756487,0.980980980980981,0.0006383884238899134,0.998963892764141,0.9944685836465604,0.9792798974482848,82.92771084337349,30.2,0.010000007561198941,True
arm0,2,2,oracle,5,0.3702557533979416,495,28,3,41270,0.9939759036144579,0.9993220010654269,0.9966489523399424,0.9464627151051626,0.9696376101860921,0.0009820042020644926,0.998963892764141,0.9944685836465604,0.9792798974482848,82.92771084337349,30.2,0.010000007561198941,True
arm0,2,2,oracle,10,0.3702557533979416,495,28,3,41270,0.9939759036144579,0.9993220010654269,0.9966489523399424,0.9464627151051626,0.9696376101860921,0.0012532953023034704,0.998963892764141,0.9944685836465604,0.9792798974482848,82.92771084337349,30.2,0.010000007561198941,True
arm0,2,2,oracle,20,0.3702557533979416,495,28,3,41270,0.9939759036144579,0.9993220010654269,0.9966489523399424,0.9464627151051626,0.9696376101860921,0.0017168051816301845,0.998963892764141,0.9944685836465604,0.9792798974482848,82.92771084337349,30.2,0.010000007561198941,True
arm0,2,2,oracle,50,0.3702557533979416,495,28,3,41270,0.9939759036144579,0.9993220010654269,0.9966489523399424,0.9464627151051626,0.9696376101860921,0.00268890298800568,0.998963892764141,0.9944685836465604,0.9792798974482848,82.92771084337349,30.2,0.010000007561198941,True
arm0,2,2,oracle,100,0.3702557533979416,495,28,3,41270,0.9939759036144579,0.9993220010654269,0.9966489523399424,0.9464627151051626,0.9696376101860921,0.0036005181233397,0.998963892764141,0.9944685836465604,0.9792798974482848,82.92771084337349,30.2,0.010000007561198941,True
arm0,2,2,oracle,200,0.3702557533979416,495,28,3,41270,0.9939759036144579,0.9993220010654269,0.9966489523399424,0.9464627151051626,0.9696376101860921,0.004457125012420332,0.998963892764141,0.9944685836465604,0.9792798974482848,82.92771084337349,30.2,0.010000007561198941,True
arm0,2,3,0.5,1,0.5,492,14,6,41284,0.9879518072289156,0.9996610005327135,0.9938064038808145,0.9723320158102767,0.9800796812749004,0.0004785146904009953,0.9970050670987499,0.9937167909196477,0.9401013419749993,82.92771084337349,30.2,0.010000004573657642,True
arm0,2,3,0.5,2,0.5,492,14,6,41284,0.9879518072289156,0.9996610005327135,0.9938064038808145,0.9723320158102767,0.9800796812749004,0.000614744408190287,0.9970050670987499,0.9937167909196477,0.9401013419749993,82.92771084337349,30.2,0.010000004573657642,True
arm0,2,3,0.5,5,0.5,492,14,6,41284,0.9879518072289156,0.9996610005327135,0.9938064038808145,0.9723320158102767,0.9800796812749004,0.0010048415090892482,0.9970050670987499,0.9937167909196477,0.9401013419749993,82.92771084337349,30.2,0.010000004573657642,True
arm0,2,3,0.5,10,0.5,492,14,6,41284,0.9879518072289156,0.9996610005327135,0.9938064038808145,0.9723320158102767,0.9800796812749004,0.001599031937421669,0.9970050670987499,0.9937167909196477,0.9401013419749993,82.92771084337349,30.2,0.010000004573657642,True
arm0,2,3,0.5,20,0.5,492,14,6,41284,0.9879518072289156,0.9996610005327135,0.9938064038808145,0.9723320158102767,0.9800796812749004,0.002614226072027781,0.9970050670987499,0.9937167909196477,0.9401013419749993,82.92771084337349,30.2,0.010000004573657642,True
arm0,2,3,0.5,50,0.5,492,14,6,41284,0.9879518072289156,0.9996610005327135,0.9938064038808145,0.9723320158102767,0.9800796812749004,0.004743345720414514,0.9970050670987499,0.9937167909196477,0.9401013419749993,82.92771084337349,30.2,0.010000004573657642,True
arm0,2,3,0.5,100,0.5,492,14,6,41284,0.9879518072289156,0.9996610005327135,0.9938064038808145,0.9723320158102767,0.9800796812749004,0.0067399942918615115,0.9970050670987499,0.9937167909196477,0.9401013419749993,82.92771084337349,30.2,0.010000004573657642,True
arm0,2,3,0.5,200,0.5,492,14,6,41284,0.9879518072289156,0.9996610005327135,0.9938064038808145,0.9723320158102767,0.9800796812749004,0.008616162046303,0.9970050670987499,0.9937167909196477,0.9401013419749993,82.92771084337349,30.2,0.010000004573657642,True
arm0,2,3,val-Youden,1,0.5708422862756459,491,9,7,41289,0.9859437751004017,0.9997820717710301,0.9928629234357158,0.982,0.9839679358717435,0.00038281175232079625,0.9970050670987499,0.9937167909196477,0.9401013419749993,82.92771084337349,30.2,0.010000004573657642,True
arm0,2,3,val-Youden,2,0.5708422862756459,491,9,7,41289,0.9859437751004017,0.9997820717710301,0.9928629234357158,0.982,0.9839679358717435,0.0005438123610914077,0.9970050670987499,0.9937167909196477,0.9401013419749993,82.92771084337349,30.2,0.010000004573657642,True
arm0,2,3,val-Youden,5,0.5708422862756459,491,9,7,41289,0.9859437751004017,0.9997820717710301,0.9928629234357158,0.982,0.9839679358717435,0.0010048415090892482,0.9970050670987499,0.9937167909196477,0.9401013419749993,82.92771084337349,30.2,0.010000004573657642,True
arm0,2,3,val-Youden,10,0.5708422862756459,491,9,7,41289,0.9859437751004017,0.9997820717710301,0.9928629234357158,0.982,0.9839679358717435,0.0017070746358961062,0.9970050670987499,0.9937167909196477,0.9401013419749993,82.92771084337349,30.2,0.010000004573657642,True
arm0,2,3,val-Youden,20,0.5708422862756459,491,9,7,41289,0.9859437751004017,0.9997820717710301,0.9928629234357158,0.982,0.9839679358717435,0.0029068633188965624,0.9970050670987499,0.9937167909196477,0.9401013419749993,82.92771084337349,30.2,0.010000004573657642,True
arm0,2,3,val-Youden,50,0.5708422862756459,491,9,7,41289,0.9859437751004017,0.9997820717710301,0.9928629234357158,0.982,0.9839679358717435,0.005423124565696849,0.9970050670987499,0.9937167909196477,0.9401013419749993,82.92771084337349,30.2,0.010000004573657642,True
arm0,2,3,val-Youden,100,0.5708422862756459,491,9,7,41289,0.9859437751004017,0.9997820717710301,0.9928629234357158,0.982,0.9839679358717435,0.0077828272849019735,0.9970050670987499,0.9937167909196477,0.9401013419749993,82.92771084337349,30.2,0.010000004573657642,True
arm0,2,3,val-Youden,200,0.5708422862756459,491,9,7,41289,0.9859437751004017,0.9997820717710301,0.9928629234357158,0.982,0.9839679358717435,0.010000141946656447,0.9970050670987499,0.9937167909196477,0.9401013419749993,82.92771084337349,30.2,0.010000004573657642,True
arm0,2,3,elkan-raw,1,0.5,492,14,6,41284,0.9879518072289156,0.9996610005327135,0.9938064038808145,0.9723320158102767,0.9800796812749004,0.0004785146904009953,0.9970050670987499,0.9937167909196477,0.9401013419749993,82.92771084337349,30.2,0.010000004573657642,True
arm0,2,3,elkan-raw,2,0.3333333333333333,495,39,3,41259,0.9939759036144579,0.9990556443411304,0.9965157739777941,0.9269662921348315,0.9593023255813954,0.0010639807064831892,0.9970050670987499,0.9937167909196477,0.9401013419749993,82.92771084337349,30.2,0.010000004573657642,True
arm0,2,3,elkan-raw,5,0.16666666666666666,495,89,3,41209,0.9939759036144579,0.9978449319579641,0.995910417786211,0.8476027397260274,0.9149722735674677,0.0023750799305745866,0.9970050670987499,0.9937167909196477,0.9401013419749993,82.92771084337349,30.2,0.010000004573657642,True
arm0,2,3,elkan-raw,10,0.09090909090909091,495,290,3,41008,0.9939759036144579,0.9929778681776357,0.9934768858960468,0.6305732484076433,0.7716289945440374,0.006914732702363974,0.9970050670987499,0.9937167909196477,0.9401013419749993,82.92771084337349,30.2,0.010000004573657642,True
arm0,2,3,elkan-raw,20,0.047619047619047616,498,37797,0,3501,1.0,0.08477408106930118,0.5423870405346506,0.013004308656482569,0.02567473513262702,0.7373873346599555,0.9970050670987499,0.9937167909196477,0.9401013419749993,82.92771084337349,30.2,0.010000004573657642,True
arm0,2,3,elkan-raw,50,0.0196078431372549,498,41298,0,0,1.0,0.0,0.5,0.011915015790984784,0.02354943963682792,0.6238557056104415,0.9970050670987499,0.9937167909196477,0.9401013419749993,82.92771084337349,30.2,0.010000004573657642,True
arm0,2,3,elkan-raw,100,0.009900990099009901,498,41298,0,0,1.0,0.0,0.5,0.011915015790984784,0.02354943963682792,0.45333596785878943,0.9970050670987499,0.9937167909196477,0.9401013419749993,82.92771084337349,30.2,0.010000004573657642,True
arm0,2,3,elkan-raw,200,0.004975124378109453,498,41298,0,0,1.0,0.0,0.5,0.011915015790984784,0.02354943963682792,0.2931056508963931,0.9970050670987499,0.9937167909196477,0.9401013419749993,82.92771084337349,30.2,0.010000004573657642,True
arm0,2,3,elkan-cal,1,0.5,492,14,6,41284,0.9879518072289156,0.9996610005327135,0.9938064038808145,0.9723320158102767,0.9800796812749004,0.0004785146904009953,0.9970050670987499,0.9937167909196477,0.9401013419749993,82.92771084337349,30.2,0.010000004573657642,True
arm0,2,3,elkan-cal,2,0.3333333333333333,492,14,6,41284,0.9879518072289156,0.9996610005327135,0.9938064038808145,0.9723320158102767,0.9800796812749004,0.000614744408190287,0.9970050670987499,0.9937167909196477,0.9401013419749993,82.92771084337349,30.2,0.010000004573657642,True
arm0,2,3,elkan-cal,5,0.16666666666666666,492,14,6,41284,0.9879518072289156,0.9996610005327135,0.9938064038808145,0.9723320158102767,0.9800796812749004,0.0010048415090892482,0.9970050670987499,0.9937167909196477,0.9401013419749993,82.92771084337349,30.2,0.010000004573657642,True
arm0,2,3,elkan-cal,10,0.09090909090909091,492,14,6,41284,0.9879518072289156,0.9996610005327135,0.9938064038808145,0.9723320158102767,0.9800796812749004,0.001599031937421669,0.9970050670987499,0.9937167909196477,0.9401013419749993,82.92771084337349,30.2,0.010000004573657642,True
arm0,2,3,elkan-cal,20,0.047619047619047616,492,14,6,41284,0.9879518072289156,0.9996610005327135,0.9938064038808145,0.9723320158102767,0.9800796812749004,0.002614226072027781,0.9970050670987499,0.9937167909196477,0.9401013419749993,82.92771084337349,30.2,0.010000004573657642,True
arm0,2,3,elkan-cal,50,0.0196078431372549,492,14,6,41284,0.9879518072289156,0.9996610005327135,0.9938064038808145,0.9723320158102767,0.9800796812749004,0.004743345720414514,0.9970050670987499,0.9937167909196477,0.9401013419749993,82.92771084337349,30.2,0.010000004573657642,True
arm0,2,3,elkan-cal,100,0.009900990099009901,492,15,6,41283,0.9879518072289156,0.9996367862850501,0.9937942967569828,0.9704142011834319,0.9791044776119403,0.006750971481261938,0.9970050670987499,0.9937167909196477,0.9401013419749993,82.92771084337349,30.2,0.010000004573657642,True
arm0,2,3,elkan-cal,200,0.004975124378109453,492,15,6,41283,0.9879518072289156,0.9996367862850501,0.9937942967569828,0.9704142011834319,0.9791044776119403,0.008623259379125324,0.9970050670987499,0.9937167909196477,0.9401013419749993,82.92771084337349,30.2,0.010000004573657642,True
arm0,2,3,val-cost,1,0.5603977605398068,491,9,7,41289,0.9859437751004017,0.9997820717710301,0.9928629234357158,0.982,0.9839679358717435,0.00038281175232079625,0.9970050670987499,0.9937167909196477,0.9401013419749993,82.92771084337349,30.2,0.010000004573657642,True
arm0,2,3,val-cost,2,0.5603977605398068,491,9,7,41289,0.9859437751004017,0.9997820717710301,0.9928629234357158,0.982,0.9839679358717435,0.0005438123610914077,0.9970050670987499,0.9937167909196477,0.9401013419749993,82.92771084337349,30.2,0.010000004573657642,True
arm0,2,3,val-cost,5,0.5603977605398068,491,9,7,41289,0.9859437751004017,0.9997820717710301,0.9928629234357158,0.982,0.9839679358717435,0.0010048415090892482,0.9970050670987499,0.9937167909196477,0.9401013419749993,82.92771084337349,30.2,0.010000004573657642,True
arm0,2,3,val-cost,10,0.5603977605398068,491,9,7,41289,0.9859437751004017,0.9997820717710301,0.9928629234357158,0.982,0.9839679358717435,0.0017070746358961062,0.9970050670987499,0.9937167909196477,0.9401013419749993,82.92771084337349,30.2,0.010000004573657642,True
arm0,2,3,val-cost,20,0.5603977605398068,491,9,7,41289,0.9859437751004017,0.9997820717710301,0.9928629234357158,0.982,0.9839679358717435,0.0029068633188965624,0.9970050670987499,0.9937167909196477,0.9401013419749993,82.92771084337349,30.2,0.010000004573657642,True
arm0,2,3,val-cost,50,0.5603977605398068,491,9,7,41289,0.9859437751004017,0.9997820717710301,0.9928629234357158,0.982,0.9839679358717435,0.005423124565696849,0.9970050670987499,0.9937167909196477,0.9401013419749993,82.92771084337349,30.2,0.010000004573657642,True
arm0,2,3,val-cost,100,0.5603977605398068,491,9,7,41289,0.9859437751004017,0.9997820717710301,0.9928629234357158,0.982,0.9839679358717435,0.0077828272849019735,0.9970050670987499,0.9937167909196477,0.9401013419749993,82.92771084337349,30.2,0.010000004573657642,True
arm0,2,3,val-cost,200,0.5603977605398068,491,9,7,41289,0.9859437751004017,0.9997820717710301,0.9928629234357158,0.982,0.9839679358717435,0.010000141946656447,0.9970050670987499,0.9937167909196477,0.9401013419749993,82.92771084337349,30.2,0.010000004573657642,True
arm0,2,3,oracle,1,0.7097988426685333,487,2,11,41296,0.9779116465863453,0.9999515715046734,0.9889316090455094,0.9959100204498977,0.9868287740628167,0.00031103454876064697,0.9970050670987499,0.9937167909196477,0.9401013419749993,82.92771084337349,30.2,0.010000004573657642,True
arm0,2,3,oracle,2,0.5928049385547638,491,7,7,41291,0.9859437751004017,0.9998305002663567,0.9928871376833792,0.9859437751004017,0.9859437751004017,0.0004965243296921549,0.9970050670987499,0.9937167909196477,0.9401013419749993,82.92771084337349,30.2,0.010000004573657642,True
arm0,2,3,oracle,5,0.47253602743148804,493,15,5,41283,0.9899598393574297,0.9996367862850501,0.9947983128212399,0.9704724409448819,0.9801192842942346,0.0009134922809902257,0.9970050670987499,0.9937167909196477,0.9401013419749993,82.92771084337349,30.2,0.010000004573657642,True
arm0,2,3,oracle,10,0.3420311510562897,495,34,3,41264,0.9939759036144579,0.999176715579447,0.9965763095969524,0.9357277882797732,0.9639727361246349,0.001382946540472795,0.9970050670987499,0.9937167909196477,0.9401013419749993,82.92771084337349,30.2,0.010000004573657642,True
arm0,2,3,oracle,20,0.3420311510562897,495,34,3,41264,0.9939759036144579,0.999176715579447,0.9965763095969524,0.9357277882797732,0.9639727361246349,0.0018338600803776972,0.9970050670987499,0.9937167909196477,0.9401013419749993,82.92771084337349,30.2,0.010000004573657642,True
arm0,2,3,oracle,50,0.3420311510562897,495,34,3,41264,0.9939759036144579,0.999176715579447,0.9965763095969524,0.9357277882797732,0.9639727361246349,0.0027795401673766577,0.9970050670987499,0.9937167909196477,0.9401013419749993,82.92771084337349,30.2,0.010000004573657642,True
arm0,2,3,oracle,100,0.3420311510562897,495,34,3,41264,0.9939759036144579,0.999176715579447,0.9965763095969524,0.9357277882797732,0.9639727361246349,0.0036663812597422557,0.9970050670987499,0.9937167909196477,0.9401013419749993,82.92771084337349,30.2,0.010000004573657642,True
arm0,2,3,oracle,200,0.3420311510562897,495,34,3,41264,0.9939759036144579,0.999176715579447,0.9965763095969524,0.9357277882797732,0.9639727361246349,0.004499709009354285,0.9970050670987499,0.9937167909196477,0.9401013419749993,82.92771084337349,30.2,0.010000004573657642,True
arm0,2,4,0.5,1,0.5,494,31,4,41267,0.9919678714859438,0.9992493583224369,0.9956086149041903,0.940952380952381,0.9657869012707723,0.0008374007082017418,0.9974844411303017,0.9935224878976562,0.9498116442718907,82.92771084337349,30.2,0.010000004892315444,True
arm0,2,4,0.5,2,0.5,494,31,4,41267,0.9919678714859438,0.9992493583224369,0.9956086149041903,0.940952380952381,0.9657869012707723,0.0009221166122854305,0.9974844411303017,0.9935224878976562,0.9498116442718907,82.92771084337349,30.2,0.010000004892315444,True
arm0,2,4,0.5,5,0.5,494,31,4,41267,0.9919678714859438,0.9992493583224369,0.9956086149041903,0.940952380952381,0.9657869012707723,0.0011647026582625377,0.9974844411303017,0.9935224878976562,0.9498116442718907,82.92771084337349,30.2,0.010000004892315444,True
arm0,2,4,0.5,10,0.5,494,31,4,41267,0.9919678714859438,0.9992493583224369,0.9956086149041903,0.940952380952381,0.9657869012707723,0.0015342063183370067,0.9974844411303017,0.9935224878976562,0.9498116442718907,82.92771084337349,30.2,0.010000004892315444,True
arm0,2,4,0.5,20,0.5,494,31,4,41267,0.9919678714859438,0.9992493583224369,0.9956086149041903,0.940952380952381,0.9657869012707723,0.0021655156268289826,0.9974844411303017,0.9935224878976562,0.9498116442718907,82.92771084337349,30.2,0.010000004892315444,True
arm0,2,4,0.5,50,0.5,494,31,4,41267,0.9919678714859438,0.9992493583224369,0.9956086149041903,0.940952380952381,0.9657869012707723,0.003489531405782652,0.9974844411303017,0.9935224878976562,0.9498116442718907,82.92771084337349,30.2,0.010000004892315444,True
arm0,2,4,0.5,100,0.5,494,31,4,41267,0.9919678714859438,0.9992493583224369,0.9956086149041903,0.940952380952381,0.9657869012707723,0.004731168631583569,0.9974844411303017,0.9935224878976562,0.9498116442718907,82.92771084337349,30.2,0.010000004892315444,True
arm0,2,4,0.5,200,0.5,494,31,4,41267,0.9919678714859438,0.9992493583224369,0.9956086149041903,0.940952380952381,0.9657869012707723,0.0058978835753523825,0.9974844411303017,0.9935224878976562,0.9498116442718907,82.92771084337349,30.2,0.010000004892315444,True
arm0,2,4,val-Youden,1,0.43404213966139443,494,41,4,41257,0.9919678714859438,0.9990072158458037,0.9954875436658737,0.9233644859813084,0.9564375605033882,0.0010766580534022395,0.9974844411303017,0.9935224878976562,0.9498116442718907,82.92771084337349,30.2,0.010000004892315444,True
arm0,2,4,val-Youden,2,0.43404213966139443,494,41,4,41257,0.9919678714859438,0.9990072158458037,0.9954875436658737,0.9233644859813084,0.9564375605033882,0.0011585567692816948,0.9974844411303017,0.9935224878976562,0.9498116442718907,82.92771084337349,30.2,0.010000004892315444,True
arm0,2,4,val-Youden,5,0.43404213966139443,494,41,4,41257,0.9919678714859438,0.9990072158458037,0.9954875436658737,0.9233644859813084,0.9564375605033882,0.0013930757285100942,0.9974844411303017,0.9935224878976562,0.9498116442718907,82.92771084337349,30.2,0.010000004892315444,True
arm0,2,4,val-Youden,10,0.43404213966139443,494,41,4,41257,0.9919678714859438,0.9990072158458037,0.9954875436658737,0.9233644859813084,0.9564375605033882,0.001750291715285881,0.9974844411303017,0.9935224878976562,0.9498116442718907,82.92771084337349,30.2,0.010000004892315444,True
arm0,2,4,val-Youden,20,0.43404213966139443,494,41,4,41257,0.9919678714859438,0.9990072158458037,0.9954875436658737,0.9233644859813084,0.9564375605033882,0.002360607124741504,0.9974844411303017,0.9935224878976562,0.9498116442718907,82.92771084337349,30.2,0.010000004892315444,True
arm0,2,4,val-Youden,50,0.43404213966139443,494,41,4,41257,0.9919678714859438,0.9990072158458037,0.9954875436658737,0.9233644859813084,0.9564375605033882,0.0036405933714009488,0.9974844411303017,0.9935224878976562,0.9498116442718907,82.92771084337349,30.2,0.010000004892315444,True
arm0,2,4,val-Youden,100,0.43404213966139443,494,41,4,41257,0.9919678714859438,0.9990072158458037,0.9954875436658737,0.9233644859813084,0.9564375605033882,0.004840940525587829,0.9974844411303017,0.9935224878976562,0.9498116442718907,82.92771084337349,30.2,0.010000004892315444,True
arm0,2,4,val-Youden,200,0.43404213966139443,494,41,4,41257,0.9919678714859438,0.9990072158458037,0.9954875436658737,0.9233644859813084,0.9564375605033882,0.005968856903575636,0.9974844411303017,0.9935224878976562,0.9498116442718907,82.92771084337349,30.2,0.010000004892315444,True
arm0,2,4,elkan-raw,1,0.5,494,31,4,41267,0.9919678714859438,0.9992493583224369,0.9956086149041903,0.940952380952381,0.9657869012707723,0.0008374007082017418,0.9974844411303017,0.9935224878976562,0.9498116442718907,82.92771084337349,30.2,0.010000004892315444,True
arm0,2,4,elkan-raw,2,0.3333333333333333,495,59,3,41239,0.9939759036144579,0.9985713593878638,0.9962736315011609,0.8935018050541517,0.94106463878327,0.0015368610204757175,0.9974844411303017,0.9935224878976562,0.9498116442718907,82.92771084337349,30.2,0.010000004892315444,True
arm0,2,4,elkan-raw,5,0.16666666666666666,495,167,3,41131,0.9939759036144579,0.9959562206402247,0.9949660621273413,0.7477341389728097,0.853448275862069,0.004156389878505527,0.9974844411303017,0.9935224878976562,0.9498116442718907,82.92771084337349,30.2,0.010000004892315444,True
arm0,2,4,elkan-raw,10,0.09090909090909091,495,444,3,40854,0.9939759036144579,0.9892488740374836,0.9916123888259707,0.5271565495207667,0.6889352818371608,0.010242447815376636,0.9974844411303017,0.9935224878976562,0.9498116442718907,82.92771084337349,30.2,0.010000004892315444,True
arm0,2,4,elkan-raw,20,0.047619047619047616,496,15061,2,26237,0.9959839357429718,0.6353092159426607,0.8156465758428162,0.031882753744295174,0.06178760510744316,0.2946076709976979,0.9974844411303017,0.9935224878976562,0.9498116442718907,82.92771084337349,30.2,0.010000004892315444,True
arm0,2,4,elkan-raw,50,0.0196078431372549,498,41298,0,0,1.0,0.0,0.5,0.011915015790984784,0.02354943963682792,0.6238557056104415,0.9974844411303017,0.9935224878976562,0.9498116442718907,82.92771084337349,30.2,0.010000004892315444,True
arm0,2,4,elkan-raw,100,0.009900990099009901,498,41298,0,0,1.0,0.0,0.5,0.011915015790984784,0.02354943963682792,0.45333596785878943,0.9974844411303017,0.9935224878976562,0.9498116442718907,82.92771084337349,30.2,0.010000004892315444,True
arm0,2,4,elkan-raw,200,0.004975124378109453,498,41298,0,0,1.0,0.0,0.5,0.011915015790984784,0.02354943963682792,0.2931056508963931,0.9974844411303017,0.9935224878976562,0.9498116442718907,82.92771084337349,30.2,0.010000004892315444,True
arm0,2,4,elkan-cal,1,0.5,494,31,4,41267,0.9919678714859438,0.9992493583224369,0.9956086149041903,0.940952380952381,0.9657869012707723,0.0008374007082017418,0.9974844411303017,0.9935224878976562,0.9498116442718907,82.92771084337349,30.2,0.010000004892315444,True
arm0,2,4,elkan-cal,2,0.3333333333333333,494,32,4,41266,0.9919678714859438,0.9992251440747736,0.9955965077803587,0.9391634980988594,0.96484375,0.000945760627985057,0.9974844411303017,0.9935224878976562,0.9498116442718907,82.92771084337349,30.2,0.010000004892315444,True
arm0,2,4,elkan-cal,5,0.16666666666666666,494,32,4,41266,0.9919678714859438,0.9992251440747736,0.9955965077803587,0.9391634980988594,0.96484375,0.0011875399652872933,0.9974844411303017,0.9935224878976562,0.9498116442718907,82.92771084337349,30.2,0.010000004892315444,True
arm0,2,4,elkan-cal,10,0.09090909090909091,494,32,4,41266,0.9919678714859438,0.9992251440747736,0.9955965077803587,0.9391634980988594,0.96484375,0.0015558148580318942,0.9974844411303017,0.9935224878976562,0.9498116442718907,82.92771084337349,30.2,0.010000004892315444,True
arm0,2,4,elkan-cal,20,0.047619047619047616,494,32,4,41266,0.9919678714859438,0.9992251440747736,0.9955965077803587,0.9391634980988594,0.96484375,0.002185024776620235,0.9974844411303017,0.9935224878976562,0.9498116442718907,82.92771084337349,30.2,0.010000004892315444,True
arm0,2,4,elkan-cal,50,0.0196078431372549,494,32,4,41266,0.9919678714859438,0.9992251440747736,0.9955965077803587,0.9391634980988594,0.96484375,0.0035046376023444817,0.9974844411303017,0.9935224878976562,0.9498116442718907,82.92771084337349,30.2,0.010000004892315444,True
arm0,2,4,elkan-cal,100,0.009900990099009901,494,32,4,41266,0.9919678714859438,0.9992251440747736,0.9955965077803587,0.9391634980988594,0.96484375,0.004742145820983995,0.9974844411303017,0.9935224878976562,0.9498116442718907,82.92771084337349,30.2,0.010000004892315444,True
arm0,2,4,elkan-cal,200,0.004975124378109453,494,32,4,41266,0.9919678714859438,0.9992251440747736,0.9955965077803587,0.9391634980988594,0.96484375,0.005904980908174708,0.9974844411303017,0.9935224878976562,0.9498116442718907,82.92771084337349,30.2,0.010000004892315444,True
arm0,2,4,val-cost,1,0.45003860746160346,494,40,4,41258,0.9919678714859438,0.999031430093467,0.9954996507897054,0.9250936329588015,0.9573643410852714,0.0010527323188821898,0.9974844411303017,0.9935224878976562,0.9498116442718907,82.92771084337349,30.2,0.010000004892315444,True
arm0,2,4,val-cost,2,0.45003860746160346,494,40,4,41258,0.9919678714859438,0.999031430093467,0.9954996507897054,0.9250936329588015,0.9573643410852714,0.0011349127535820683,0.9974844411303017,0.9935224878976562,0.9498116442718907,82.92771084337349,30.2,0.010000004892315444,True
arm0,2,4,val-cost,5,0.45003860746160346,494,40,4,41258,0.9919678714859438,0.999031430093467,0.9954996507897054,0.9250936329588015,0.9573643410852714,0.0013702384214853384,0.9974844411303017,0.9935224878976562,0.9498116442718907,82.92771084337349,30.2,0.010000004892315444,True
arm0,2,4,val-cost,10,0.45003860746160346,494,40,4,41258,0.9919678714859438,0.999031430093467,0.9954996507897054,0.9250936329588015,0.9573643410852714,0.0017286831755909935,0.9974844411303017,0.9935224878976562,0.9498116442718907,82.92771084337349,30.2,0.010000004892315444,True
arm0,2,4,val-cost,20,0.45003860746160346,494,40,4,41258,0.9919678714859438,0.999031430093467,0.9954996507897054,0.9250936329588015,0.9573643410852714,0.0023410979749502515,0.9974844411303017,0.9935224878976562,0.9498116442718907,82.92771084337349,30.2,0.010000004892315444,True
arm0,2,4,val-cost,50,0.45003860746160346,494,40,4,41258,0.9919678714859438,0.999031430093467,0.9954996507897054,0.9250936329588015,0.9573643410852714,0.003625487174839119,0.9974844411303017,0.9935224878976562,0.9498116442718907,82.92771084337349,30.2,0.010000004892315444,True
arm0,2,4,val-cost,100,0.45003860746160346,494,40,4,41258,0.9919678714859438,0.999031430093467,0.9954996507897054,0.9250936329588015,0.9573643410852714,0.004829963336187402,0.9974844411303017,0.9935224878976562,0.9498116442718907,82.92771084337349,30.2,0.010000004892315444,True
arm0,2,4,val-cost,200,0.45003860746160346,494,40,4,41258,0.9919678714859438,0.999031430093467,0.9954996507897054,0.9250936329588015,0.9573643410852714,0.005961759570753311,0.9974844411303017,0.9935224878976562,0.9498116442718907,82.92771084337349,30.2,0.010000004892315444,True
arm0,2,4,oracle,1,0.7186604738235474,488,6,10,41292,0.9799196787148594,0.9998547145140201,0.9898871966144398,0.9878542510121457,0.9838709677419355,0.00038281175232079625,0.9974844411303017,0.9935224878976562,0.9498116442718907,82.92771084337349,30.2,0.010000004892315444,True
arm0,2,4,oracle,2,0.5827686786651611,494,15,4,41283,0.9919678714859438,0.9996367862850501,0.9958023288854969,0.9705304518664047,0.9811320754716981,0.0005438123610914077,0.9974844411303017,0.9935224878976562,0.9498116442718907,82.92771084337349,30.2,0.010000004892315444,True
arm0,2,4,oracle,5,0.5827686786651611,494,15,4,41283,0.9919678714859438,0.9996367862850501,0.9958023288854969,0.9705304518664047,0.9811320754716981,0.0007993057458664474,0.9974844411303017,0.9935224878976562,0.9498116442718907,82.92771084337349,30.2,0.010000004892315444,True
arm0,2,4,oracle,10,0.5827686786651611,494,15,4,41283,0.9919678714859438,0.9996367862850501,0.9958023288854969,0.9705304518664047,0.9811320754716981,0.001188469683218808,0.9974844411303017,0.9935224878976562,0.9498116442718907,82.92771084337349,30.2,0.010000004892315444,True
arm0,2,4,oracle,20,0.5827686786651611,494,15,4,41283,0.9919678714859438,0.9996367862850501,0.9958023288854969,0.9705304518664047,0.9811320754716981,0.0018533692301689493,0.9974844411303017,0.9935224878976562,0.9498116442718907,82.92771084337349,30.2,0.010000004892315444,True
arm0,2,4,oracle,50,0.3842408061027527,495,49,3,41249,0.9939759036144579,0.998813501864497,0.9963947027394775,0.9099264705882353,0.9500959692898272,0.0030061331158041027,0.9974844411303017,0.9935224878976562,0.9498116442718907,82.92771084337349,30.2,0.010000004892315444,True
arm0,2,4,oracle,100,0.3842408061027527,495,49,3,41249,0.9939759036144579,0.998813501864497,0.9963947027394775,0.9099264705882353,0.9500959692898272,0.0038310391007486443,0.9974844411303017,0.9935224878976562,0.9498116442718907,82.92771084337349,30.2,0.010000004892315444,True
arm0,2,4,oracle,200,0.3842408061027527,495,49,3,41249,0.9939759036144579,0.998813501864497,0.9963947027394775,0.9099264705882353,0.9500959692898272,0.0046061690016891655,0.9974844411303017,0.9935224878976562,0.9498116442718907,82.92771084337349,30.2,0.010000004892315444,True
arm0,3,0,0.5,1,0.5,1767,1137,41,45196,0.9773230088495575,0.975460255109749,0.9763916319796533,0.6084710743801653,0.75,0.024469786668328452,0.9929971881124504,0.9075976249185147,0.8969580827824128,25.6266592920354,5.104395604395604,0.29881250373806234,False
arm0,3,0,0.5,2,0.5,1767,1137,41,45196,0.9773230088495575,0.975460255109749,0.9763916319796533,0.6084710743801653,0.75,0.024404892990850666,0.9929971881124504,0.9075976249185147,0.8969580827824128,25.6266592920354,5.104395604395604,0.29881250373806234,False
arm0,3,0,0.5,5,0.5,1767,1137,41,45196,0.9773230088495575,0.975460255109749,0.9763916319796533,0.6084710743801653,0.75,0.024235638307478373,0.9929971881124504,0.9075976249185147,0.8969580827824128,25.6266592920354,5.104395604395604,0.29881250373806234,False
arm0,3,0,0.5,10,0.5,1767,1137,41,45196,0.9773230088495575,0.975460255109749,0.9763916319796533,0.6084710743801653,0.75,0.024016891000263923,0.9929971881124504,0.9075976249185147,0.8969580827824128,25.6266592920354,5.104395604395604,0.29881250373806234,False
arm0,3,0,0.5,20,0.5,1767,1137,41,45196,0.9773230088495575,0.975460255109749,0.9763916319796533,0.6084710743801653,0.75,0.02372322500090917,0.9929971881124504,0.9075976249185147,0.8969580827824128,25.6266592920354,5.104395604395604,0.29881250373806234,False
arm0,3,0,0.5,50,0.5,1767,1137,41,45196,0.9773230088495575,0.975460255109749,0.9763916319796533,0.6084710743801653,0.75,0.02330819919112431,0.9929971881124504,0.9075976249185147,0.8969580827824128,25.6266592920354,5.104395604395604,0.29881250373806234,False
arm0,3,0,0.5,100,0.5,1767,1137,41,45196,0.9773230088495575,0.975460255109749,0.9763916319796533,0.6084710743801653,0.75,0.02305697542849344,0.9929971881124504,0.9075976249185147,0.8969580827824128,25.6266592920354,5.104395604395604,0.29881250373806234,False
arm0,3,0,0.5,200,0.5,1767,1137,41,45196,0.9773230088495575,0.975460255109749,0.9763916319796533,0.6084710743801653,0.75,0.022888562582580964,0.9929971881124504,0.9075976249185147,0.8969580827824128,25.6266592920354,5.104395604395604,0.29881250373806234,False
arm0,3,0,val-Youden,1,0.38583771103086933,1769,1488,39,44845,0.978429203539823,0.9678846610407269,0.9731569322902749,0.5431378569235493,0.6985192497532083,0.03171932448432729,0.9929971881124504,0.9075976249185147,0.8969580827824128,25.6266592920354,5.104395604395604,0.29881250373806234,False
arm0,3,0,val-Youden,2,0.38583771103086933,1769,1488,39,44845,0.978429203539823,0.9678846610407269,0.9731569322902749,0.5431378569235493,0.6985192497532083,0.03135197901859897,0.9929971881124504,0.9075976249185147,0.8969580827824128,25.6266592920354,5.104395604395604,0.29881250373806234,False
arm0,3,0,val-Youden,5,0.38583771103086933,1769,1488,39,44845,0.978429203539823,0.9678846610407269,0.9731569322902749,0.5431378569235493,0.6985192497532083,0.030393874270854028,0.9929971881124504,0.9075976249185147,0.8969580827824128,25.6266592920354,5.104395604395604,0.29881250373806234,False
arm0,3,0,val-Youden,10,0.38583771103086933,1769,1488,39,44845,0.978429203539823,0.9678846610407269,0.9731569322902749,0.5431378569235493,0.6985192497532083,0.029155605234968098,0.9929971881124504,0.9075976249185147,0.8969580827824128,25.6266592920354,5.104395604395604,0.29881250373806234,False
arm0,3,0,val-Youden,20,0.38583771103086933,1769,1488,39,44845,0.978429203539823,0.9678846610407269,0.9731569322902749,0.5431378569235493,0.6985192497532083,0.027493241850823705,0.9929971881124504,0.9075976249185147,0.8969580827824128,25.6266592920354,5.104395604395604,0.29881250373806234,False
arm0,3,0,val-Youden,50,0.38583771103086933,1769,1488,39,44845,0.978429203539823,0.9678846610407269,0.9731569322902749,0.5431378569235493,0.6985192497532083,0.025143893573606958,0.9929971881124504,0.9075976249185147,0.8969580827824128,25.6266592920354,5.104395604395604,0.29881250373806234,False
arm0,3,0,val-Youden,100,0.38583771103086933,1769,1488,39,44845,0.978429203539823,0.9678846610407269,0.9731569322902749,0.5431378569235493,0.6985192497532083,0.0237217841528972,0.9929971881124504,0.9075976249185147,0.8969580827824128,25.6266592920354,5.104395604395604,0.29881250373806234,False
arm0,3,0,val-Youden,200,0.38583771103086933,1769,1488,39,44845,0.978429203539823,0.9678846610407269,0.9731569322902749,0.5431378569235493,0.6985192497532083,0.022768444818144155,0.9929971881124504,0.9075976249185147,0.8969580827824128,25.6266592920354,5.104395604395604,0.29881250373806234,False
arm0,3,0,elkan-raw,1,0.5,1767,1137,41,45196,0.9773230088495575,0.975460255109749,0.9763916319796533,0.6084710743801653,0.75,0.024469786668328452,0.9929971881124504,0.9075976249185147,0.8969580827824128,25.6266592920354,5.104395604395604,0.29881250373806234,False
arm0,3,0,elkan-raw,2,0.3333333333333333,1772,1727,36,44606,0.9800884955752213,0.9627263505492846,0.9714074230622529,0.5064304086881967,0.6677972489165254,0.03601673707181325,0.9929971881124504,0.9075976249185147,0.8969580827824128,25.6266592920354,5.104395604395604,0.29881250373806234,False
arm0,3,0,elkan-raw,5,0.16666666666666666,1779,3558,29,42775,0.9839601769911505,0.9232080806336737,0.9535841288124121,0.3333333333333333,0.4979706088173548,0.0668737471330793,0.9929971881124504,0.9075976249185147,0.8969580827824128,25.6266592920354,5.104395604395604,0.29881250373806234,False
arm0,3,0,elkan-raw,10,0.09090909090909091,1791,5885,17,40448,0.9905973451327433,0.8729846977316383,0.9317910214321908,0.2333246482542991,0.37768873892872207,0.0940027634173226,0.9929971881124504,0.9075976249185147,0.8969580827824128,25.6266592920354,5.104395604395604,0.29881250373806234,False
arm0,3,0,elkan-raw,20,0.047619047619047616,1807,37550,1,8783,0.9994469026548672,0.18956251483823625,0.5945047087465517,0.04591305231597937,0.08779302805781611,0.4554325821584862,0.9929971881124504,0.9075976249185147,0.8969580827824128,25.6266592920354,5.104395604395604,0.29881250373806234,False
arm0,3,0,elkan-raw,50,0.0196078431372549,1808,46333,0,0,1.0,0.0,0.5,0.037556344903512597,0.07239384171855293,0.33885748136879906,0.9929971881124504,0.9075976249185147,0.8969580827824128,25.6266592920354,5.104395604395604,0.29881250373806234,False
arm0,3,0,elkan-raw,100,0.009900990099009901,1808,46333,0,0,1.0,0.0,0.5,0.037556344903512597,0.07239384171855293,0.20399061342913624,0.9929971881124504,0.9075976249185147,0.8969580827824128,25.6266592920354,5.104395604395604,0.29881250373806234,False
arm0,3,0,elkan-raw,200,0.004975124378109453,1808,46333,0,0,1.0,0.0,0.5,0.037556344903512597,0.07239384171855293,0.11357992611531796,0.9929971881124504,0.9075976249185147,0.8969580827824128,25.6266592920354,5.104395604395604,0.29881250373806234,False
arm0,3,0,elkan-cal,1,0.5,1767,1137,41,45196,0.9773230088495575,0.975460255109749,0.9763916319796533,0.6084710743801653,0.75,0.024469786668328452,0.9929971881124504,0.9075976249185147,0.8969580827824128,25.6266592920354,5.104395604395604,0.29881250373806234,False
arm0,3,0,elkan-cal,2,0.3333333333333333,1768,1271,40,45062,0.9778761061946902,0.9725681479722875,0.9752221270834889,0.5817703191839421,0.7295234165463174,0.027047588540311116,0.9929971881124504,0.9075976249185147,0.8969580827824128,25.6266592920354,5.104395604395604,0.29881250373806234,False
arm0,3,0,elkan-cal,5,0.16666666666666666,1770,1500,38,44833,0.9789823008849557,0.9676256663717006,0.9733039836283282,0.5412844036697247,0.6971248523040567,0.03052028967186174,0.9929971881124504,0.9075976249185147,0.8969580827824128,25.6266592920354,5.104395604395604,0.29881250373806234,False
arm0,3,0,elkan-cal,10,0.09090909090909091,1772,1723,36,44610,0.9800884955752213,0.9628126821056266,0.9714505888404239,0.5070100143061517,0.6683009617197813,0.03233819260087249,0.9929971881124504,0.9075976249185147,0.8969580827824128,25.6266592920354,5.104395604395604,0.29881250373806234,False
arm0,3,0,elkan-cal,20,0.047619047619047616,1774,2035,34,44298,0.9811946902654868,0.9560788207109404,0.9686367554882136,0.46573903911787873,0.6316539077799537,0.03291188343253367,0.9929971881124504,0.9075976249185147,0.8969580827824128,25.6266592920354,5.104395604395604,0.29881250373806234,False
arm0,3,0,elkan-cal,50,0.0196078431372549,1776,2571,32,43762,0.9823008849557522,0.9445103921610947,0.9634056385584234,0.4085576259489303,0.5770917952883834,0.030504706252331187,0.9929971881124504,0.9075976249185147,0.8969580827824128,25.6266592920354,5.104395604395604,0.29881250373806234,False
arm0,3,0,elkan-cal,100,0.009900990099009901,1777,3000,31,43333,0.9828539823008849,0.935251332743401,0.959052657522143,0.3719907891982416,0.5397114654517844,0.02685651138319839,0.9929971881124504,0.9075976249185147,0.8969580827824128,25.6266592920354,5.104395604395604,0.29881250373806234,False
arm0,3,0,elkan-cal,200,0.004975124378109453,1779,3506,29,42827,0.9839601769911505,0.9243303908661213,0.954145283928636,0.3366130558183538,0.5016213167912026,0.022812569711202574,0.9929971881124504,0.9075976249185147,0.8969580827824128,25.6266592920354,5.104395604395604,0.29881250373806234,False
arm0,3,0,val-cost,1,0.3859626318823166,1769,1486,39,44847,0.978429203539823,0.967927826818898,0.9731785151793605,0.5434715821812596,0.6987951807228916,0.03167777985500925,0.9929971881124504,0.9075976249185147,0.8969580827824128,25.6266592920354,5.104395604395604,0.29881250373806234,False
arm0,3,0,val-cost,2,0.3859626318823166,1769,1486,39,44847,0.978429203539823,0.967927826818898,0.9731785151793605,0.5434715821812596,0.6987951807228916,0.03131193817694048,0.9929971881124504,0.9075976249185147,0.8969580827824128,25.6266592920354,5.104395604395604,0.29881250373806234,False
arm0,3,0,val-cost,5,0.3859626318823166,1769,1486,39,44847,0.978429203539823,0.967927826818898,0.9731785151793605,0.5434715821812596,0.6987951807228916,0.030357755584851823,0.9929971881124504,0.9075976249185147,0.8969580827824128,25.6266592920354,5.104395604395604,0.29881250373806234,False
arm0,3,0,val-cost,10,0.3859626318823166,1769,1486,39,44847,0.978429203539823,0.967927826818898,0.9731785151793605,0.5434715821812596,0.6987951807228916,0.029124555602130005,0.9929971881124504,0.9075976249185147,0.8969580827824128,25.6266592920354,5.104395604395604,0.29881250373806234,False
arm0,3,0,val-cost,20,0.3859626318823166,1769,1486,39,44847,0.978429203539823,0.967927826818898,0.9731785151793605,0.5434715821812596,0.6987951807228916,0.027468997369473773,0.9929971881124504,0.9075976249185147,0.8969580827824128,25.6266592920354,5.104395604395604,0.29881250373806234,False
arm0,3,0,val-cost,50,0.3859626318823166,1769,1486,39,44847,0.978429203539823,0.967927826818898,0.9731785151793605,0.5434715821812596,0.6987951807228916,0.025129266526734584,0.9929971881124504,0.9075976249185147,0.8969580827824128,25.6266592920354,5.104395604395604,0.29881250373806234,False
arm0,3,0,val-cost,100,0.3859626318823166,1769,1486,39,44847,0.978429203539823,0.967927826818898,0.9731785151793605,0.5434715821812596,0.6987951807228916,0.02371297873932894,0.9929971881124504,0.9075976249185147,0.8969580827824128,25.6266592920354,5.104395604395604,0.29881250373806234,False
arm0,3,0,val-cost,200,0.3859626318823166,1769,1486,39,44847,0.978429203539823,0.967927826818898,0.9731785151793605,0.5434715821812596,0.6987951807228916,0.022763542052248776,0.9929971881124504,0.9075976249185147,0.8969580827824128,25.6266592920354,5.104395604395604,0.29881250373806234,False
arm0,3,0,oracle,1,0.9351514279842377,1632,282,176,46051,0.9026548672566371,0.9939136252778797,0.9482842462672585,0.8526645768025078,0.876947877485223,0.009513720113832284,0.9929971881124504,0.9075976249185147,0.8969580827824128,25.6266592920354,5.104395604395604,0.29881250373806234,False
arm0,3,0,oracle,2,0.9145192503929138,1706,378,102,45955,0.9435840707964602,0.9918416679256685,0.9677128693610644,0.8186180422264875,0.8766700924974307,0.011651884922621073,0.9929971881124504,0.9075976249185147,0.8969580827824128,25.6266592920354,5.104395604395604,0.29881250373806234,False
arm0,3,0,oracle,5,0.8732777833938599,1735,470,73,45863,0.9596238938053098,0.9898560421297995,0.9747399679675546,0.7868480725623582,0.8646897582855719,0.015079551405919853,0.9929971881124504,0.9075976249185147,0.8969580827824128,25.6266592920354,5.104395604395604,0.29881250373806234,False
arm0,3,0,oracle,10,0.8161264955997467,1753,599,55,45734,0.9695796460176991,0.9870718494377657,0.9783257477277324,0.7453231292517006,0.8427884615384615,0.017838014065483677,0.9929971881124504,0.9075976249185147,0.8969580827824128,25.6266592920354,5.104395604395604,0.29881250373806234,False
arm0,3,0,oracle,20,0.8161264955997467,1753,599,55,45734,0.9695796460176991,0.9870718494377657,0.9783257477277324,0.7453231292517006,0.8427884615384615,0.020595686906767847,0.9929971881124504,0.9075976249185147,0.8969580827824128,25.6266592920354,5.104395604395604,0.29881250373806234,False
arm0,3,0,oracle,50,0.6403287053108215,1763,861,45,45472,0.9751106194690266,0.9814171324973561,0.9782638759831913,0.671875,0.7955776173285198,0.022752371409974183,0.9929971881124504,0.9075976249185147,0.8969580827824128,25.6266592920354,5.104395604395604,0.29881250373806234,False
arm0,3,0,oracle,100,0.444649875164032,1769,1280,39,45053,0.978429203539823,0.9723739019705178,0.9754015527551704,0.5801902263037061,0.7284331892114474,0.02280602114179798,0.9929971881124504,0.9075976249185147,0.8969580827824128,25.6266592920354,5.104395604395604,0.29881250373806234,False
arm0,3,0,oracle,200,0.31118567287921906,1774,1866,34,44467,0.9811946902654868,0.9597263289663954,0.9704605096159411,0.48736263736263735,0.6512481644640234,0.021243684624681014,0.9929971881124504,0.9075976249185147,0.8969580827824128,25.6266592920354,5.104395604395604,0.29881250373806234,False
arm0,4,0,0.5,1,0.5,163,202,14,31688,0.9209039548022598,0.9936657259328944,0.9572848403675771,0.4465753424657534,0.6014760147601476,0.006735896716250351,0.9946022078011809,0.8594586615925401,0.903822461746151,180.16949152542372,46.89473684210526,0.35808185052833535,False
arm0,4,0,0.5,2,0.5,163,202,14,31688,0.9209039548022598,0.9936657259328944,0.9572848403675771,0.4465753424657534,0.6014760147601476,0.007133110035975686,0.9946022078011809,0.8594586615925401,0.903822461746151,180.16949152542372,46.89473684210526,0.35808185052833535,False
arm0,4,0,0.5,5,0.5,163,202,14,31688,0.9209039548022598,0.9936657259328944,0.9572848403675771,0.4465753424657534,0.6014760147601476,0.008299008390541571,0.9946022078011809,0.8594586615925401,0.903822461746151,180.16949152542372,46.89473684210526,0.35808185052833535,False
arm0,4,0,0.5,10,0.5,163,202,14,31688,0.9209039548022598,0.9936657259328944,0.9572848403675771,0.4465753424657534,0.6014760147601476,0.010160427807486631,0.9946022078011809,0.8594586615925401,0.903822461746151,180.16949152542372,46.89473684210526,0.35808185052833535,False
arm0,4,0,0.5,20,0.5,163,202,14,31688,0.9209039548022598,0.9936657259328944,0.9572848403675771,0.4465753424657534,0.6014760147601476,0.013604290149590742,0.9946022078011809,0.8594586615925401,0.903822461746151,180.16949152542372,46.89473684210526,0.35808185052833535,False
arm0,4,0,0.5,50,0.5,163,202,14,31688,0.9209039548022598,0.9936657259328944,0.9572848403675771,0.4465753424657534,0.6014760147601476,0.022140402552773688,0.9946022078011809,0.8594586615925401,0.903822461746151,180.16949152542372,46.89473684210526,0.35808185052833535,False
arm0,4,0,0.5,100,0.5,163,202,14,31688,0.9209039548022598,0.9936657259328944,0.9572848403675771,0.4465753424657534,0.6014760147601476,0.032304900181488204,0.9946022078011809,0.8594586615925401,0.903822461746151,180.16949152542372,46.89473684210526,0.35808185052833535,False
arm0,4,0,0.5,200,0.5,163,202,14,31688,0.9209039548022598,0.9936657259328944,0.9572848403675771,0.4465753424657534,0.6014760147601476,0.044612869668598606,0.9946022078011809,0.8594586615925401,0.903822461746151,180.16949152542372,46.89473684210526,0.35808185052833535,False
arm0,4,0,val-Youden,1,0.47785991210762785,164,222,13,31668,0.9265536723163842,0.993038570084666,0.959796121200525,0.42487046632124353,0.5825932504440497,0.0073284061496242245,0.9946022078011809,0.8594586615925401,0.903822461746151,180.16949152542372,46.89473684210526,0.35808185052833535,False
arm0,4,0,val-Youden,2,0.47785991210762785,164,222,13,31668,0.9265536723163842,0.993038570084666,0.959796121200525,0.42487046632124353,0.5825932504440497,0.007691353430095521,0.9946022078011809,0.8594586615925401,0.903822461746151,180.16949152542372,46.89473684210526,0.35808185052833535,False
arm0,4,0,val-Youden,5,0.47785991210762785,164,222,13,31668,0.9265536723163842,0.993038570084666,0.959796121200525,0.42487046632124353,0.5825932504440497,0.008756674294431731,0.9946022078011809,0.8594586615925401,0.903822461746151,180.16949152542372,46.89473684210526,0.35808185052833535,False
arm0,4,0,val-Youden,10,0.47785991210762785,164,222,13,31668,0.9265536723163842,0.993038570084666,0.959796121200525,0.42487046632124353,0.5825932504440497,0.01045751633986928,0.9946022078011809,0.8594586615925401,0.903822461746151,180.16949152542372,46.89473684210526,0.35808185052833535,False
arm0,4,0,val-Youden,20,0.47785991210762785,164,222,13,31668,0.9265536723163842,0.993038570084666,0.959796121200525,0.42487046632124353,0.5825932504440497,0.013604290149590742,0.9946022078011809,0.8594586615925401,0.903822461746151,180.16949152542372,46.89473684210526,0.35808185052833535,False
arm0,4,0,val-Youden,50,0.47785991210762785,164,222,13,31668,0.9265536723163842,0.993038570084666,0.959796121200525,0.42487046632124353,0.5825932504440497,0.021404025527736868,0.9946022078011809,0.8594586615925401,0.903822461746151,180.16949152542372,46.89473684210526,0.35808185052833535,False
arm0,4,0,val-Youden,100,0.47785991210762785,164,222,13,31668,0.9265536723163842,0.993038570084666,0.959796121200525,0.42487046632124353,0.5825932504440497,0.030691671708005647,0.9946022078011809,0.8594586615925401,0.903822461746151,180.16949152542372,46.89473684210526,0.35808185052833535,False
arm0,4,0,val-Youden,200,0.47785991210762785,164,222,13,31668,0.9265536723163842,0.993038570084666,0.959796121200525,0.42487046632124353,0.5825932504440497,0.04193788081438549,0.9946022078011809,0.8594586615925401,0.903822461746151,180.16949152542372,46.89473684210526,0.35808185052833535,False
arm0,4,0,elkan-raw,1,0.5,163,202,14,31688,0.9209039548022598,0.9936657259328944,0.9572848403675771,0.4465753424657534,0.6014760147601476,0.006735896716250351,0.9946022078011809,0.8594586615925401,0.903822461746151,180.16949152542372,46.89473684210526,0.35808185052833535,False
arm0,4,0,elkan-raw,2,0.3333333333333333,168,401,9,31489,0.9491525423728814,0.9874255252430229,0.9682890338079522,0.29525483304042177,0.450402144772118,0.012994665674233966,0.9946022078011809,0.8594586615925401,0.903822461746151,180.16949152542372,46.89473684210526,0.35808185052833535,False
arm0,4,0,elkan-raw,5,0.16666666666666666,171,1137,6,30753,0.9661016949152542,0.964346190028222,0.9652239424717381,0.13073394495412843,0.23030303030303031,0.035606407322654465,0.9946022078011809,0.8594586615925401,0.903822461746151,180.16949152542372,46.89473684210526,0.35808185052833535,False
arm0,4,0,elkan-raw,10,0.09090909090909091,174,3516,3,28374,0.9830508474576272,0.8897460018814676,0.9363984246695474,0.04715447154471545,0.0899922420480993,0.1053475935828877,0.9946022078011809,0.8594586615925401,0.903822461746151,180.16949152542372,46.89473684210526,0.35808185052833535,False
arm0,4,0,elkan-raw,20,0.047619047619047616,177,30013,0,1877,1.0,0.058858576356224525,0.5294292881781123,0.0058628684995031466,0.011657391247077419,0.847106971493085,0.9946022078011809,0.8594586615925401,0.903822461746151,180.16949152542372,46.89473684210526,0.35808185052833535,False
arm0,4,0,elkan-raw,50,0.0196078431372549,177,31890,0,0,1.0,0.0,0.5,0.0055196931424829265,0.010978786751023446,0.7827687776141384,0.9946022078011809,0.8594586615925401,0.903822461746151,180.16949152542372,46.89473684210526,0.35808185052833535,False
arm0,4,0,elkan-raw,100,0.009900990099009901,177,31890,0,0,1.0,0.0,0.5,0.0055196931424829265,0.010978786751023446,0.6430732002419842,0.9946022078011809,0.8594586615925401,0.903822461746151,180.16949152542372,46.89473684210526,0.35808185052833535,False
arm0,4,0,elkan-raw,200,0.004975124378109453,177,31890,0,0,1.0,0.0,0.5,0.0055196931424829265,0.010978786751023446,0.4739188586714222,0.9946022078011809,0.8594586615925401,0.903822461746151,180.16949152542372,46.89473684210526,0.35808185052833535,False
arm0,4,0,elkan-cal,1,0.5,163,202,14,31688,0.9209039548022598,0.9936657259328944,0.9572848403675771,0.4465753424657534,0.6014760147601476,0.006735896716250351,0.9946022078011809,0.8594586615925401,0.903822461746151,180.16949152542372,46.89473684210526,0.35808185052833535,False
arm0,4,0,elkan-cal,2,0.3333333333333333,164,271,13,31619,0.9265536723163842,0.9915020382565067,0.9590278552864455,0.37701149425287356,0.5359477124183006,0.009211016002977298,0.9946022078011809,0.8594586615925401,0.903822461746151,180.16949152542372,46.89473684210526,0.35808185052833535,False
arm0,4,0,elkan-cal,5,0.16666666666666666,168,354,9,31536,0.9491525423728814,0.9888993414863594,0.9690259419296203,0.3218390804597701,0.48068669527896996,0.01217391304347826,0.9946022078011809,0.8594586615925401,0.903822461746151,180.16949152542372,46.89473684210526,0.35808185052833535,False
arm0,4,0,elkan-cal,10,0.09090909090909091,169,454,8,31436,0.9548022598870056,0.9857635622452179,0.9702829110661118,0.2712680577849117,0.4225,0.015864527629233512,0.9946022078011809,0.8594586615925401,0.903822461746151,180.16949152542372,46.89473684210526,0.35808185052833535,False
arm0,4,0,elkan-cal,20,0.047619047619047616,170,593,7,31297,0.96045197740113,0.9814048291000314,0.9709284032505807,0.22280471821756226,0.3617021276595745,0.02068868190798758,0.9946022078011809,0.8594586615925401,0.903822461746151,180.16949152542372,46.89473684210526,0.35808185052833535,False
arm0,4,0,elkan-cal,50,0.0196078431372549,170,888,7,31002,0.96045197740113,0.9721542803386641,0.9663031288698971,0.16068052930056712,0.27530364372469635,0.030387825233186058,0.9946022078011809,0.8594586615925401,0.903822461746151,180.16949152542372,46.89473684210526,0.35808185052833535,False
arm0,4,0,elkan-cal,100,0.009900990099009901,171,1192,6,30698,0.9661016949152542,0.9626215114455943,0.9643616031804243,0.12545854732208364,0.22207792207792207,0.036136317806009274,0.9946022078011809,0.8594586615925401,0.903822461746151,180.16949152542372,46.89473684210526,0.35808185052833535,False
arm0,4,0,elkan-cal,200,0.004975124378109453,172,1671,5,30219,0.9717514124293786,0.9476011288805268,0.9596762706549526,0.09332609875203472,0.1702970297029703,0.0396938623866845,0.9946022078011809,0.8594586615925401,0.903822461746151,180.16949152542372,46.89473684210526,0.35808185052833535,False
arm0,4,0,val-cost,1,0.47816492983858444,164,221,13,31669,0.9265536723163842,0.9930699278770775,0.9598118000967308,0.42597402597402595,0.5836298932384342,0.007297221442604546,0.9946022078011809,0.8594586615925401,0.903822461746151,180.16949152542372,46.89473684210526,0.35808185052833535,False
arm0,4,0,val-cost,2,0.47816492983858444,164,221,13,31669,0.9265536723163842,0.9930699278770775,0.9598118000967308,0.42597402597402595,0.5836298932384342,0.007660339908199975,0.9946022078011809,0.8594586615925401,0.903822461746151,180.16949152542372,46.89473684210526,0.35808185052833535,False
arm0,4,0,val-cost,5,0.47816492983858444,164,221,13,31669,0.9265536723163842,0.9930699278770775,0.9598118000967308,0.42597402597402595,0.5836298932384342,0.008726163234172387,0.9946022078011809,0.8594586615925401,0.903822461746151,180.16949152542372,46.89473684210526,0.35808185052833535,False
arm0,4,0,val-cost,10,0.47816492983858444,164,221,13,31669,0.9265536723163842,0.9930699278770775,0.9598118000967308,0.42597402597402595,0.5836298932384342,0.010427807486631016,0.9946022078011809,0.8594586615925401,0.903822461746151,180.16949152542372,46.89473684210526,0.35808185052833535,False
arm0,4,0,val-cost,20,0.47816492983858444,164,221,13,31669,0.9265536723163842,0.9930699278770775,0.9598118000967308,0.42597402597402595,0.5836298932384342,0.013576065481230595,0.9946022078011809,0.8594586615925401,0.903822461746151,180.16949152542372,46.89473684210526,0.35808185052833535,False
arm0,4,0,val-cost,50,0.47816492983858444,164,221,13,31669,0.9265536723163842,0.9930699278770775,0.9598118000967308,0.42597402597402595,0.5836298932384342,0.021379479626902308,0.9946022078011809,0.8594586615925401,0.903822461746151,180.16949152542372,46.89473684210526,0.35808185052833535,False
arm0,4,0,val-cost,100,0.47816492983858444,164,221,13,31669,0.9265536723163842,0.9930699278770775,0.9598118000967308,0.42597402597402595,0.5836298932384342,0.030671506352087114,0.9946022078011809,0.8594586615925401,0.903822461746151,180.16949152542372,46.89473684210526,0.35808185052833535,False
arm0,4,0,val-cost,200,0.47816492983858444,164,221,13,31669,0.9265536723163842,0.9930699278770775,0.9598118000967308,0.42597402597402595,0.5836298932384342,0.04192301976519542,0.9946022078011809,0.8594586615925401,0.903822461746151,180.16949152542372,46.89473684210526,0.35808185052833535,False
arm0,4,0,oracle,1,0.8841860294342041,145,15,32,31875,0.8192090395480226,0.9995296331138288,0.9093693363309256,0.90625,0.8605341246290801,0.001465681229924845,0.9946022078011809,0.8594586615925401,0.903822461746151,180.16949152542372,46.89473684210526,0.35808185052833535,False
arm0,4,0,oracle,2,0.8443956673145294,150,22,27,31868,0.847457627118644,0.9993101285669489,0.9233838778427965,0.872093023255814,0.8595988538681948,0.002357027664061531,0.9946022078011809,0.8594586615925401,0.903822461746151,180.16949152542372,46.89473684210526,0.35808185052833535,False
arm0,4,0,oracle,5,0.8405680060386658,151,25,26,31865,0.8531073446327684,0.9992160551897147,0.9261616999112415,0.8579545454545454,0.8555240793201133,0.004729214340198322,0.9946022078011809,0.8594586615925401,0.903822461746151,180.16949152542372,46.89473684210526,0.35808185052833535,False
arm0,4,0,oracle,10,0.6972239911556244,158,67,19,31823,0.8926553672316384,0.9978990279084352,0.9452771975700368,0.7022222222222222,0.7860696517412935,0.007635175282234106,0.9946022078011809,0.8594586615925401,0.903822461746151,180.16949152542372,46.89473684210526,0.35808185052833535,False
arm0,4,0,oracle,20,0.6972239911556244,158,67,19,31823,0.8926553672316384,0.9978990279084352,0.9452771975700368,0.7022222222222222,0.7860696517412935,0.012616426756985606,0.9946022078011809,0.8594586615925401,0.903822461746151,180.16949152542372,46.89473684210526,0.35808185052833535,False
arm0,4,0,oracle,50,0.3947526514530182,168,308,9,31582,0.9491525423728814,0.9903417999372844,0.9697471711550829,0.35294117647058826,0.5145482388973966,0.018605792832596956,0.9946022078011809,0.8594586615925401,0.903822461746151,180.16949152542372,46.89473684210526,0.35808185052833535,False
arm0,4,0,oracle,100,0.30413682758808136,170,455,7,31435,0.96045197740113,0.9857322044528065,0.9730920909269682,0.272,0.4239401496259352,0.023290986085904415,0.9946022078011809,0.8594586615925401,0.903822461746151,180.16949152542372,46.89473684210526,0.35808185052833535,False
arm0,4,0,oracle,200,0.30413682758808136,170,455,7,31435,0.96045197740113,0.9857322044528065,0.9730920909269682,0.272,0.4239401496259352,0.02756724624758508,0.9946022078011809,0.8594586615925401,0.903822461746151,180.16949152542372,46.89473684210526,0.35808185052833535,False
arm0,4,1,0.5,1,0.5,164,104,13,31786,0.9265536723163842,0.9967387895892129,0.9616462309527986,0.6119402985074627,0.7370786516853932,0.003648610721302273,0.9923407263315104,0.8976203353531024,0.853764795297394,180.16949152542372,46.89473684210526,0.47317209276705163,False
arm0,4,1,0.5,2,0.5,164,104,13,31786,0.9265536723163842,0.9967387895892129,0.9616462309527986,0.6119402985074627,0.7370786516853932,0.0040317578464210396,0.9923407263315104,0.8976203353531024,0.853764795297394,180.16949152542372,46.89473684210526,0.47317209276705163,False
arm0,4,1,0.5,5,0.5,164,104,13,31786,0.9265536723163842,0.9967387895892129,0.9616462309527986,0.6119402985074627,0.7370786516853932,0.005156369183829138,0.9923407263315104,0.8976203353531024,0.853764795297394,180.16949152542372,46.89473684210526,0.47317209276705163,False
arm0,4,1,0.5,10,0.5,164,104,13,31786,0.9265536723163842,0.9967387895892129,0.9616462309527986,0.6119402985074627,0.7370786516853932,0.006951871657754011,0.9923407263315104,0.8976203353531024,0.853764795297394,180.16949152542372,46.89473684210526,0.47317209276705163,False
arm0,4,1,0.5,20,0.5,164,104,13,31786,0.9265536723163842,0.9967387895892129,0.9616462309527986,0.6119402985074627,0.7370786516853932,0.010273779283093424,0.9923407263315104,0.8976203353531024,0.853764795297394,180.16949152542372,46.89473684210526,0.47317209276705163,False
arm0,4,1,0.5,50,0.5,164,104,13,31786,0.9265536723163842,0.9967387895892129,0.9616462309527986,0.6119402985074627,0.7370786516853932,0.018507609229258714,0.9923407263315104,0.8976203353531024,0.853764795297394,180.16949152542372,46.89473684210526,0.47317209276705163,False
arm0,4,1,0.5,100,0.5,164,104,13,31786,0.9265536723163842,0.9967387895892129,0.9616462309527986,0.6119402985074627,0.7370786516853932,0.028312159709618874,0.9923407263315104,0.8976203353531024,0.853764795297394,180.16949152542372,46.89473684210526,0.47317209276705163,False
arm0,4,1,0.5,200,0.5,164,104,13,31786,0.9265536723163842,0.9967387895892129,0.9616462309527986,0.6119402985074627,0.7370786516853932,0.0401842770099569,0.9923407263315104,0.8976203353531024,0.853764795297394,180.16949152542372,46.89473684210526,0.47317209276705163,False
arm0,4,1,val-Youden,1,0.10375904690739951,173,1187,4,30703,0.9774011299435028,0.9627783004076513,0.9700897151755771,0.12720588235294117,0.225113858165257,0.03714098606043596,0.9923407263315104,0.8976203353531024,0.853764795297394,180.16949152542372,46.89473684210526,0.47317209276705163,False
arm0,4,1,val-Youden,2,0.10375904690739951,173,1187,4,30703,0.9774011299435028,0.9627783004076513,0.9700897151755771,0.12720588235294117,0.225113858165257,0.03706115866517802,0.9923407263315104,0.8976203353531024,0.853764795297394,180.16949152542372,46.89473684210526,0.47317209276705163,False
arm0,4,1,val-Youden,5,0.10375904690739951,173,1187,4,30703,0.9774011299435028,0.9627783004076513,0.9700897151755771,0.12720588235294117,0.225113858165257,0.03682684973302822,0.9923407263315104,0.8976203353531024,0.853764795297394,180.16949152542372,46.89473684210526,0.47317209276705163,False
arm0,4,1,val-Youden,10,0.10375904690739951,173,1187,4,30703,0.9774011299435028,0.9627783004076513,0.9700897151755771,0.12720588235294117,0.225113858165257,0.03645276292335116,0.9923407263315104,0.8976203353531024,0.853764795297394,180.16949152542372,46.89473684210526,0.47317209276705163,False
arm0,4,1,val-Youden,20,0.10375904690739951,173,1187,4,30703,0.9774011299435028,0.9627783004076513,0.9700897151755771,0.12720588235294117,0.225113858165257,0.035760654812305954,0.9923407263315104,0.8976203353531024,0.853764795297394,180.16949152542372,46.89473684210526,0.47317209276705163,False
arm0,4,1,val-Youden,50,0.10375904690739951,173,1187,4,30703,0.9774011299435028,0.9627783004076513,0.9700897151755771,0.12720588235294117,0.225113858165257,0.03404516445753559,0.9923407263315104,0.8976203353531024,0.853764795297394,180.16949152542372,46.89473684210526,0.47317209276705163,False
arm0,4,1,val-Youden,100,0.10375904690739951,173,1187,4,30703,0.9774011299435028,0.9627783004076513,0.9700897151755771,0.12720588235294117,0.225113858165257,0.032002419842710225,0.9923407263315104,0.8976203353531024,0.853764795297394,180.16949152542372,46.89473684210526,0.47317209276705163,False
arm0,4,1,val-Youden,200,0.10375904690739951,173,1187,4,30703,0.9774011299435028,0.9627783004076513,0.9700897151755771,0.12720588235294117,0.225113858165257,0.02952890474067469,0.9923407263315104,0.8976203353531024,0.853764795297394,180.16949152542372,46.89473684210526,0.47317209276705163,False
arm0,4,1,elkan-raw,1,0.5,164,104,13,31786,0.9265536723163842,0.9967387895892129,0.9616462309527986,0.6119402985074627,0.7370786516853932,0.003648610721302273,0.9923407263315104,0.8976203353531024,0.853764795297394,180.16949152542372,46.89473684210526,0.47317209276705163,False
arm0,4,1,elkan-raw,2,0.3333333333333333,165,221,12,31669,0.9322033898305084,0.9930699278770775,0.9626366588537929,0.4274611398963731,0.5861456483126111,0.0075983128644088824,0.9923407263315104,0.8976203353531024,0.853764795297394,180.16949152542372,46.89473684210526,0.47317209276705163,False
arm0,4,1,elkan-raw,5,0.16666666666666666,170,567,7,31323,0.96045197740113,0.9822201317027281,0.9713360545519291,0.23066485753052918,0.37199124726477023,0.018367658276125097,0.9923407263315104,0.8976203353531024,0.853764795297394,180.16949152542372,46.89473684210526,0.47317209276705163,False
arm0,4,1,elkan-raw,10,0.09090909090909091,173,1577,4,30313,0.9774011299435028,0.9505487613671998,0.9639749456553512,0.09885714285714285,0.17955371043072132,0.04803921568627451,0.9923407263315104,0.8976203353531024,0.853764795297394,180.16949152542372,46.89473684210526,0.47317209276705163,False
arm0,4,1,elkan-raw,20,0.047619047619047616,177,28838,0,3052,1.0,0.09570398243963625,0.5478519912198181,0.00610029295192142,0.012126610030145245,0.8139429861699125,0.9923407263315104,0.8976203353531024,0.853764795297394,180.16949152542372,46.89473684210526,0.47317209276705163,False
arm0,4,1,elkan-raw,50,0.0196078431372549,177,31890,0,0,1.0,0.0,0.5,0.0055196931424829265,0.010978786751023446,0.7827687776141384,0.9923407263315104,0.8976203353531024,0.853764795297394,180.16949152542372,46.89473684210526,0.47317209276705163,False
arm0,4,1,elkan-raw,100,0.009900990099009901,177,31890,0,0,1.0,0.0,0.5,0.0055196931424829265,0.010978786751023446,0.6430732002419842,0.9923407263315104,0.8976203353531024,0.853764795297394,180.16949152542372,46.89473684210526,0.47317209276705163,False
arm0,4,1,elkan-raw,200,0.004975124378109453,177,31890,0,0,1.0,0.0,0.5,0.0055196931424829265,0.010978786751023446,0.4739188586714222,0.9923407263315104,0.8976203353531024,0.853764795297394,180.16949152542372,46.89473684210526,0.47317209276705163,False
arm0,4,1,elkan-cal,1,0.5,164,104,13,31786,0.9265536723163842,0.9967387895892129,0.9616462309527986,0.6119402985074627,0.7370786516853932,0.003648610721302273,0.9923407263315104,0.8976203353531024,0.853764795297394,180.16949152542372,46.89473684210526,0.47317209276705163,False
arm0,4,1,elkan-cal,2,0.3333333333333333,165,157,12,31733,0.9322033898305084,0.995076826591408,0.9636401082109582,0.5124223602484472,0.6613226452905812,0.005613447463093909,0.9923407263315104,0.8976203353531024,0.853764795297394,180.16949152542372,46.89473684210526,0.47317209276705163,False
arm0,4,1,elkan-cal,5,0.16666666666666666,166,234,11,31656,0.9378531073446328,0.992662276575729,0.965257691960181,0.415,0.5753899480069324,0.00881769641495042,0.9923407263315104,0.8976203353531024,0.853764795297394,180.16949152542372,46.89473684210526,0.47317209276705163,False
arm0,4,1,elkan-cal,10,0.09090909090909091,169,310,8,31580,0.9548022598870056,0.9902790843524616,0.9725406721197336,0.35281837160751567,0.5152439024390244,0.011586452762923352,0.9923407263315104,0.8976203353531024,0.853764795297394,180.16949152542372,46.89473684210526,0.47317209276705163,False
arm0,4,1,elkan-cal,20,0.047619047619047616,170,458,7,31432,0.96045197740113,0.9856381310755723,0.9730450542383511,0.27070063694267515,0.422360248447205,0.016878351679367767,0.9923407263315104,0.8976203353531024,0.853764795297394,180.16949152542372,46.89473684210526,0.47317209276705163,False
arm0,4,1,elkan-cal,50,0.0196078431372549,171,745,6,31145,0.9661016949152542,0.9766384446534964,0.9713700697843752,0.18668122270742357,0.312900274473925,0.025650466372115856,0.9923407263315104,0.8976203353531024,0.853764795297394,180.16949152542372,46.89473684210526,0.47317209276705163,False
arm0,4,1,elkan-cal,100,0.009900990099009901,173,1231,4,30659,0.9774011299435028,0.9613985575415491,0.969399843742526,0.12321937321937322,0.21884882985452245,0.03288969550312563,0.9923407263315104,0.8976203353531024,0.853764795297394,180.16949152542372,46.89473684210526,0.47317209276705163,False
arm0,4,1,elkan-cal,200,0.004975124378109453,173,2456,4,29434,0.9774011299435028,0.9229852618375667,0.9501931958905347,0.06580448839863066,0.1233071988595866,0.0483875761628771,0.9923407263315104,0.8976203353531024,0.853764795297394,180.16949152542372,46.89473684210526,0.47317209276705163,False
arm0,4,1,val-cost,1,0.3924847829758992,165,168,12,31722,0.9322033898305084,0.9947318908748825,0.9634676403526954,0.4954954954954955,0.6470588235294118,0.005613247263541959,0.9923407263315104,0.8976203353531024,0.853764795297394,180.16949152542372,46.89473684210526,0.47317209276705163,False
arm0,4,1,val-cost,2,0.3924847829758992,165,168,12,31722,0.9322033898305084,0.9947318908748825,0.9634676403526954,0.4954954954954955,0.6470588235294118,0.00595459620394492,0.9923407263315104,0.8976203353531024,0.853764795297394,180.16949152542372,46.89473684210526,0.47317209276705163,False
arm0,4,1,val-cost,5,0.1757180621237675,170,535,7,31355,0.96045197740113,0.9832235810598934,0.9718377792305117,0.24113475177304963,0.3854875283446712,0.017391304347826087,0.9923407263315104,0.8976203353531024,0.853764795297394,180.16949152542372,46.89473684210526,0.47317209276705163,False
arm0,4,1,val-cost,10,0.1757180621237675,170,535,7,31355,0.96045197740113,0.9832235810598934,0.9718377792305117,0.24113475177304963,0.3854875283446712,0.017973856209150325,0.9923407263315104,0.8976203353531024,0.853764795297394,180.16949152542372,46.89473684210526,0.47317209276705163,False
arm0,4,1,val-cost,20,0.10376045336142034,173,1187,4,30703,0.9774011299435028,0.9627783004076513,0.9700897151755771,0.12720588235294117,0.225113858165257,0.035760654812305954,0.9923407263315104,0.8976203353531024,0.853764795297394,180.16949152542372,46.89473684210526,0.47317209276705163,False
arm0,4,1,val-cost,50,0.10376045336142034,173,1187,4,30703,0.9774011299435028,0.9627783004076513,0.9700897151755771,0.12720588235294117,0.225113858165257,0.03404516445753559,0.9923407263315104,0.8976203353531024,0.853764795297394,180.16949152542372,46.89473684210526,0.47317209276705163,False
arm0,4,1,val-cost,100,0.10376045336142034,173,1187,4,30703,0.9774011299435028,0.9627783004076513,0.9700897151755771,0.12720588235294117,0.225113858165257,0.032002419842710225,0.9923407263315104,0.8976203353531024,0.853764795297394,180.16949152542372,46.89473684210526,0.47317209276705163,False
arm0,4,1,val-cost,200,0.10376045336142034,173,1187,4,30703,0.9774011299435028,0.9627783004076513,0.9700897151755771,0.12720588235294117,0.225113858165257,0.02952890474067469,0.9923407263315104,0.8976203353531024,0.853764795297394,180.16949152542372,46.89473684210526,0.47317209276705163,False
arm0,4,1,oracle,1,0.7911759912967682,153,16,24,31874,0.864406779661017,0.9994982753214173,0.9319525274912172,0.9053254437869822,0.884393063583815,0.001247388280787102,0.9923407263315104,0.8976203353531024,0.853764795297394,180.16949152542372,46.89473684210526,0.47317209276705163,False
arm0,4,1,oracle,2,0.7671377062797546,155,20,22,31870,0.8757062146892656,0.9993728441517717,0.9375395294205187,0.8857142857142857,0.8806818181818182,0.001984865401314973,0.9923407263315104,0.8976203353531024,0.853764795297394,180.16949152542372,46.89473684210526,0.47317209276705163,False
arm0,4,1,oracle,5,0.698911726474762,158,33,19,31857,0.8926553672316384,0.9989651928504233,0.9458102800410308,0.8272251308900523,0.8586956521739131,0.0039054157131960337,0.9923407263315104,0.8976203353531024,0.853764795297394,180.16949152542372,46.89473684210526,0.47317209276705163,False
arm0,4,1,oracle,10,0.5806177258491516,162,69,15,31821,0.9152542372881356,0.9978363123236124,0.956545274805874,0.7012987012987013,0.7941176470588235,0.006506238859180035,0.9923407263315104,0.8976203353531024,0.853764795297394,180.16949152542372,46.89473684210526,0.47317209276705163,False
arm0,4,1,oracle,20,0.5553309917449951,163,81,14,31809,0.9209039548022598,0.9974600188146755,0.9591819868084677,0.6680327868852459,0.7743467933491687,0.010189105278012983,0.9923407263315104,0.8976203353531024,0.853764795297394,180.16949152542372,46.89473684210526,0.47317209276705163,False
arm0,4,1,oracle,50,0.24246516078710556,170,325,7,31565,0.96045197740113,0.9898087174662904,0.9751303474337102,0.3434343434343434,0.5059523809523809,0.016568483063328424,0.9923407263315104,0.8976203353531024,0.853764795297394,180.16949152542372,46.89473684210526,0.47317209276705163,False
arm0,4,1,oracle,100,0.24246516078710556,170,325,7,31565,0.96045197740113,0.9898087174662904,0.9751303474337102,0.3434343434343434,0.5059523809523809,0.02066948981649526,0.9923407263315104,0.8976203353531024,0.853764795297394,180.16949152542372,46.89473684210526,0.47317209276705163,False
arm0,4,1,oracle,200,0.24246516078710556,170,325,7,31565,0.96045197740113,0.9898087174662904,0.9751303474337102,0.3434343434343434,0.5059523809523809,0.025635309852875612,0.9923407263315104,0.8976203353531024,0.853764795297394,180.16949152542372,46.89473684210526,0.47317209276705163,False
arm0,4,2,0.5,1,0.5,78,7,99,31883,0.4406779661016949,0.9997804954531201,0.7202292307774075,0.9176470588235294,0.5954198473282443,0.0033055789440858204,0.9783400920891554,0.7731126503570281,0.5900516074854776,180.16949152542372,46.89473684210526,0.49215633391797026,False
arm0,4,2,0.5,2,0.5,78,7,99,31883,0.4406779661016949,0.9997804954531201,0.7202292307774075,0.9176470588235294,0.5954198473282443,0.006357771988587024,0.9783400920891554,0.7731126503570281,0.5900516074854776,180.16949152542372,46.89473684210526,0.49215633391797026,False
arm0,4,2,0.5,5,0.5,78,7,99,31883,0.4406779661016949,0.9997804954531201,0.7202292307774075,0.9176470588235294,0.5954198473282443,0.015316552250190693,0.9783400920891554,0.7731126503570281,0.5900516074854776,180.16949152542372,46.89473684210526,0.49215633391797026,False
arm0,4,2,0.5,10,0.5,78,7,99,31883,0.4406779661016949,0.9997804954531201,0.7202292307774075,0.9176470588235294,0.5954198473282443,0.029619726678550208,0.9783400920891554,0.7731126503570281,0.5900516074854776,180.16949152542372,46.89473684210526,0.49215633391797026,False
arm0,4,2,0.5,20,0.5,78,7,99,31883,0.4406779661016949,0.9997804954531201,0.7202292307774075,0.9176470588235294,0.5954198473282443,0.056082416031611626,0.9783400920891554,0.7731126503570281,0.5900516074854776,180.16949152542372,46.89473684210526,0.49215633391797026,False
arm0,4,2,0.5,50,0.5,78,7,99,31883,0.4406779661016949,0.9997804954531201,0.7202292307774075,0.9176470588235294,0.5954198473282443,0.12167403043691703,0.9783400920891554,0.7731126503570281,0.5900516074854776,180.16949152542372,46.89473684210526,0.49215633391797026,False
arm0,4,2,0.5,100,0.5,78,7,99,31883,0.4406779661016949,0.9997804954531201,0.7202292307774075,0.9176470588235294,0.5954198473282443,0.19977818108489614,0.9783400920891554,0.7731126503570281,0.5900516074854776,180.16949152542372,46.89473684210526,0.49215633391797026,False
arm0,4,2,0.5,200,0.5,78,7,99,31883,0.4406779661016949,0.9997804954531201,0.7202292307774075,0.9176470588235294,0.5954198473282443,0.2943528013077723,0.9783400920891554,0.7731126503570281,0.5900516074854776,180.16949152542372,46.89473684210526,0.49215633391797026,False
arm0,4,2,val-Youden,1,0.1504323024368275,169,414,8,31476,0.9548022598870056,0.9870178739416745,0.97091006691434,0.28987993138936535,0.44473684210526315,0.013159946362303927,0.9783400920891554,0.7731126503570281,0.5900516074854776,180.16949152542372,46.89473684210526,0.49215633391797026,False
arm0,4,2,val-Youden,2,0.1504323024368275,169,414,8,31476,0.9548022598870056,0.9870178739416745,0.97091006691434,0.28987993138936535,0.44473684210526315,0.013335814415084976,0.9783400920891554,0.7731126503570281,0.5900516074854776,180.16949152542372,46.89473684210526,0.49215633391797026,False
arm0,4,2,val-Youden,5,0.1504323024368275,169,414,8,31476,0.9548022598870056,0.9870178739416745,0.97091006691434,0.28987993138936535,0.44473684210526315,0.013852021357742182,0.9783400920891554,0.7731126503570281,0.5900516074854776,180.16949152542372,46.89473684210526,0.49215633391797026,False
arm0,4,2,val-Youden,10,0.1504323024368275,169,414,8,31476,0.9548022598870056,0.9870178739416745,0.97091006691434,0.28987993138936535,0.44473684210526315,0.014676173499702912,0.9783400920891554,0.7731126503570281,0.5900516074854776,180.16949152542372,46.89473684210526,0.49215633391797026,False
arm0,4,2,val-Youden,20,0.1504323024368275,169,414,8,31476,0.9548022598870056,0.9870178739416745,0.97091006691434,0.28987993138936535,0.44473684210526315,0.016200959638724245,0.9783400920891554,0.7731126503570281,0.5900516074854776,180.16949152542372,46.89473684210526,0.49215633391797026,False
arm0,4,2,val-Youden,50,0.1504323024368275,169,414,8,31476,0.9548022598870056,0.9870178739416745,0.97091006691434,0.28987993138936535,0.44473684210526315,0.01998036327933235,0.9783400920891554,0.7731126503570281,0.5900516074854776,180.16949152542372,46.89473684210526,0.49215633391797026,False
arm0,4,2,val-Youden,100,0.1504323024368275,169,414,8,31476,0.9548022598870056,0.9870178739416745,0.97091006691434,0.28987993138936535,0.44473684210526315,0.024480742085097804,0.9783400920891554,0.7731126503570281,0.5900516074854776,180.16949152542372,46.89473684210526,0.49215633391797026,False
arm0,4,2,val-Youden,200,0.1504323024368275,169,414,8,31476,0.9548022598870056,0.9870178739416745,0.97091006691434,0.28987993138936535,0.44473684210526315,0.02993015306880666,0.9783400920891554,0.7731126503570281,0.5900516074854776,180.16949152542372,46.89473684210526,0.49215633391797026,False
arm0,4,2,elkan-raw,1,0.5,78,7,99,31883,0.4406779661016949,0.9997804954531201,0.7202292307774075,0.9176470588235294,0.5954198473282443,0.0033055789440858204,0.9783400920891554,0.7731126503570281,0.5900516074854776,180.16949152542372,46.89473684210526,0.49215633391797026,False
arm0,4,2,elkan-raw,2,0.3333333333333333,131,37,46,31853,0.7401129943502824,0.9988397616807777,0.8694763780155301,0.7797619047619048,0.7594202898550725,0.004000744324525493,0.9783400920891554,0.7731126503570281,0.5900516074854776,180.16949152542372,46.89473684210526,0.49215633391797026,False
arm0,4,2,elkan-raw,5,0.16666666666666666,164,309,13,31581,0.9265536723163842,0.990310442144873,0.9584320572306286,0.346723044397463,0.5046153846153846,0.011411136536994661,0.9783400920891554,0.7731126503570281,0.5900516074854776,180.16949152542372,46.89473684210526,0.49215633391797026,False
arm0,4,2,elkan-raw,10,0.09090909090909091,171,1251,6,30639,0.9661016949152542,0.9607714016933208,0.9634365483042875,0.12025316455696203,0.21388367729831145,0.03894830659536542,0.9783400920891554,0.7731126503570281,0.5900516074854776,180.16949152542372,46.89473684210526,0.49215633391797026,False
arm0,4,2,elkan-raw,20,0.047619047619047616,174,24956,3,6934,0.9830508474576272,0.2174349325807463,0.6002428900191867,0.006923995224830879,0.01375113604931442,0.7060683036974316,0.9783400920891554,0.7731126503570281,0.5900516074854776,180.16949152542372,46.89473684210526,0.49215633391797026,False
arm0,4,2,elkan-raw,50,0.0196078431372549,177,31890,0,0,1.0,0.0,0.5,0.0055196931424829265,0.010978786751023446,0.7827687776141384,0.9783400920891554,0.7731126503570281,0.5900516074854776,180.16949152542372,46.89473684210526,0.49215633391797026,False
arm0,4,2,elkan-raw,100,0.009900990099009901,177,31890,0,0,1.0,0.0,0.5,0.0055196931424829265,0.010978786751023446,0.6430732002419842,0.9783400920891554,0.7731126503570281,0.5900516074854776,180.16949152542372,46.89473684210526,0.49215633391797026,False
arm0,4,2,elkan-raw,200,0.004975124378109453,177,31890,0,0,1.0,0.0,0.5,0.0055196931424829265,0.010978786751023446,0.4739188586714222,0.9783400920891554,0.7731126503570281,0.5900516074854776,180.16949152542372,46.89473684210526,0.49215633391797026,False
arm0,4,2,elkan-cal,1,0.5,78,7,99,31883,0.4406779661016949,0.9997804954531201,0.7202292307774075,0.9176470588235294,0.5954198473282443,0.0033055789440858204,0.9783400920891554,0.7731126503570281,0.5900516074854776,180.16949152542372,46.89473684210526,0.49215633391797026,False
arm0,4,2,elkan-cal,2,0.3333333333333333,104,16,73,31874,0.5875706214689266,0.9994982753214173,0.793534448395172,0.8666666666666667,0.7003367003367004,0.005024190547078526,0.9783400920891554,0.7731126503570281,0.5900516074854776,180.16949152542372,46.89473684210526,0.49215633391797026,False
arm0,4,2,elkan-cal,5,0.16666666666666666,134,42,43,31848,0.7570621468926554,0.9986829727187206,0.877872559805688,0.7613636363636364,0.7592067988668555,0.007841342486651411,0.9783400920891554,0.7731126503570281,0.5900516074854776,180.16949152542372,46.89473684210526,0.49215633391797026,False
arm0,4,2,elkan-cal,10,0.09090909090909091,149,90,28,31800,0.8418079096045198,0.9971777986829727,0.9194928541437463,0.6234309623430963,0.7163461538461539,0.010992275698158051,0.9783400920891554,0.7731126503570281,0.5900516074854776,180.16949152542372,46.89473684210526,0.49215633391797026,False
arm0,4,2,elkan-cal,20,0.047619047619047616,158,230,19,31660,0.8926553672316384,0.9927877077453747,0.9427215374885065,0.4072164948453608,0.5592920353982301,0.017217047699689528,0.9783400920891554,0.7731126503570281,0.5900516074854776,180.16949152542372,46.89473684210526,0.49215633391797026,False
arm0,4,2,elkan-cal,50,0.0196078431372549,170,648,7,31242,0.96045197740113,0.9796801505174035,0.9700660639592668,0.2078239608801956,0.3417085427135678,0.024496809032891507,0.9783400920891554,0.7731126503570281,0.5900516074854776,180.16949152542372,46.89473684210526,0.49215633391797026,False
arm0,4,2,elkan-cal,100,0.009900990099009901,171,1155,6,30735,0.9661016949152542,0.9637817497648166,0.9649417223400354,0.12895927601809956,0.2275449101796407,0.03539019963702359,0.9783400920891554,0.7731126503570281,0.5900516074854776,180.16949152542372,46.89473684210526,0.49215633391797026,False
arm0,4,2,elkan-cal,200,0.004975124378109453,171,4612,6,27278,0.9661016949152542,0.8553778613985575,0.9107397781569059,0.035751620321973654,0.06895161290322581,0.08637241789270322,0.9783400920891554,0.7731126503570281,0.5900516074854776,180.16949152542372,46.89473684210526,0.49215633391797026,False
arm0,4,2,val-cost,1,0.23101549112870623,153,106,24,31784,0.864406779661017,0.9966760740043901,0.9305414268327035,0.5907335907335908,0.7018348623853211,0.004054011912558082,0.9783400920891554,0.7731126503570281,0.5900516074854776,180.16949152542372,46.89473684210526,0.49215633391797026,False
arm0,4,2,val-cost,2,0.15043246542311872,169,414,8,31476,0.9548022598870056,0.9870178739416745,0.97091006691434,0.28987993138936535,0.44473684210526315,0.013335814415084976,0.9783400920891554,0.7731126503570281,0.5900516074854776,180.16949152542372,46.89473684210526,0.49215633391797026,False
arm0,4,2,val-cost,5,0.15043246542311872,169,414,8,31476,0.9548022598870056,0.9870178739416745,0.97091006691434,0.28987993138936535,0.44473684210526315,0.013852021357742182,0.9783400920891554,0.7731126503570281,0.5900516074854776,180.16949152542372,46.89473684210526,0.49215633391797026,False
arm0,4,2,val-cost,10,0.15043246542311872,169,414,8,31476,0.9548022598870056,0.9870178739416745,0.97091006691434,0.28987993138936535,0.44473684210526315,0.014676173499702912,0.9783400920891554,0.7731126503570281,0.5900516074854776,180.16949152542372,46.89473684210526,0.49215633391797026,False
arm0,4,2,val-cost,20,0.15043246542311872,169,414,8,31476,0.9548022598870056,0.9870178739416745,0.97091006691434,0.28987993138936535,0.44473684210526315,0.016200959638724245,0.9783400920891554,0.7731126503570281,0.5900516074854776,180.16949152542372,46.89473684210526,0.49215633391797026,False
arm0,4,2,val-cost,50,0.15043246542311872,169,414,8,31476,0.9548022598870056,0.9870178739416745,0.97091006691434,0.28987993138936535,0.44473684210526315,0.01998036327933235,0.9783400920891554,0.7731126503570281,0.5900516074854776,180.16949152542372,46.89473684210526,0.49215633391797026,False
arm0,4,2,val-cost,100,0.15043246542311872,169,414,8,31476,0.9548022598870056,0.9870178739416745,0.97091006691434,0.28987993138936535,0.44473684210526315,0.024480742085097804,0.9783400920891554,0.7731126503570281,0.5900516074854776,180.16949152542372,46.89473684210526,0.49215633391797026,False
arm0,4,2,val-cost,200,0.15043246542311872,169,414,8,31476,0.9548022598870056,0.9870178739416745,0.97091006691434,0.28987993138936535,0.44473684210526315,0.02993015306880666,0.9783400920891554,0.7731126503570281,0.5900516074854776,180.16949152542372,46.89473684210526,0.49215633391797026,False
arm0,4,2,oracle,1,0.34627123177051544,128,29,49,31861,0.7231638418079096,0.999090624020069,0.8611272329139893,0.8152866242038217,0.7664670658682635,0.002432407147534849,0.9783400920891554,0.7731126503570281,0.5900516074854776,180.16949152542372,46.89473684210526,0.49215633391797026,False
arm0,4,2,oracle,2,0.32902662456035614,133,37,44,31853,0.751412429378531,0.9988397616807777,0.8751260955296544,0.7823529411764706,0.7665706051873199,0.0038766902369433073,0.9783400920891554,0.7731126503570281,0.5900516074854776,180.16949152542372,46.89473684210526,0.49215633391797026,False
arm0,4,2,oracle,5,0.2403920814394951,152,94,25,31796,0.8587570621468926,0.997052367513327,0.9279047148301098,0.6178861788617886,0.7186761229314421,0.006681922196796339,0.9783400920891554,0.7731126503570281,0.5900516074854776,180.16949152542372,46.89473684210526,0.49215633391797026,False
arm0,4,2,oracle,10,0.230002261698246,154,109,23,31781,0.8700564971751412,0.9965820006271559,0.9333192489011486,0.5855513307984791,0.7,0.010071301247771836,0.9783400920891554,0.7731126503570281,0.5900516074854776,180.16949152542372,46.89473684210526,0.49215633391797026,False
arm0,4,2,oracle,20,0.15537475794553757,169,378,8,31512,0.9548022598870056,0.9881467544684854,0.9714745071777455,0.30895795246800734,0.46685082872928174,0.015184871577758961,0.9783400920891554,0.7731126503570281,0.5900516074854776,180.16949152542372,46.89473684210526,0.49215633391797026,False
arm0,4,2,oracle,50,0.15537475794553757,169,378,8,31512,0.9548022598870056,0.9881467544684854,0.9714745071777455,0.30895795246800734,0.46685082872928174,0.01909671084928817,0.9783400920891554,0.7731126503570281,0.5900516074854776,180.16949152542372,46.89473684210526,0.49215633391797026,False
arm0,4,2,oracle,100,0.15537475794553757,169,378,8,31512,0.9548022598870056,0.9881467544684854,0.9714745071777455,0.30895795246800734,0.46685082872928174,0.02375478927203065,0.9783400920891554,0.7731126503570281,0.5900516074854776,180.16949152542372,46.89473684210526,0.49215633391797026,False
arm0,4,2,oracle,200,0.12454696372151375,171,680,6,31210,0.9661016949152542,0.9786767011602383,0.9723891980377463,0.2009400705052879,0.3326848249027237,0.0279387724773369,0.9783400920891554,0.7731126503570281,0.5900516074854776,180.16949152542372,46.89473684210526,0.49215633391797026,False
arm0,4,3,0.5,1,0.5,160,79,17,31811,0.903954802259887,0.9975227343994982,0.9507387683296926,0.6694560669456067,0.7692307692307693,0.002993731873889045,0.9924195637192114,0.8900620319217217,0.8560340719245004,180.16949152542372,46.89473684210526,0.45534645828109005,False
arm0,4,3,0.5,2,0.5,160,79,17,31811,0.903954802259887,0.9975227343994982,0.9507387683296926,0.6694560669456067,0.7692307692307693,0.0035045279741967496,0.9924195637192114,0.8900620319217217,0.8560340719245004,180.16949152542372,46.89473684210526,0.45534645828109005,False
arm0,4,3,0.5,5,0.5,160,79,17,31811,0.903954802259887,0.9975227343994982,0.9507387683296926,0.6694560669456067,0.7692307692307693,0.005003813882532418,0.9924195637192114,0.8900620319217217,0.8560340719245004,180.16949152542372,46.89473684210526,0.45534645828109005,False
arm0,4,3,0.5,10,0.5,160,79,17,31811,0.903954802259887,0.9975227343994982,0.9507387683296926,0.6694560669456067,0.7692307692307693,0.007397504456327986,0.9924195637192114,0.8900620319217217,0.8560340719245004,180.16949152542372,46.89473684210526,0.45534645828109005,False
arm0,4,3,0.5,20,0.5,160,79,17,31811,0.903954802259887,0.9975227343994982,0.9507387683296926,0.6694560669456067,0.7692307692307693,0.011826136042901496,0.9924195637192114,0.8900620319217217,0.8560340719245004,180.16949152542372,46.89473684210526,0.45534645828109005,False
arm0,4,3,0.5,50,0.5,160,79,17,31811,0.903954802259887,0.9975227343994982,0.9507387683296926,0.6694560669456067,0.7692307692307693,0.022803141875306823,0.9924195637192114,0.8900620319217217,0.8560340719245004,180.16949152542372,46.89473684210526,0.45534645828109005,False
arm0,4,3,0.5,100,0.5,160,79,17,31811,0.903954802259887,0.9975227343994982,0.9507387683296926,0.6694560669456067,0.7692307692307693,0.03587416817906836,0.9924195637192114,0.8900620319217217,0.8560340719245004,180.16949152542372,46.89473684210526,0.45534645828109005,False
arm0,4,3,0.5,200,0.5,160,79,17,31811,0.903954802259887,0.9975227343994982,0.9507387683296926,0.6694560669456067,0.7692307692307693,0.05170159013226334,0.9924195637192114,0.8900620319217217,0.8560340719245004,180.16949152542372,46.89473684210526,0.45534645828109005,False
arm0,4,3,val-Youden,1,0.12144107419617697,171,904,6,30986,0.9661016949152542,0.9716525556600816,0.9688771252876679,0.15906976744186047,0.2731629392971246,0.02837808338790657,0.9924195637192114,0.8900620319217217,0.8560340719245004,180.16949152542372,46.89473684210526,0.45534645828109005,False
arm0,4,3,val-Youden,2,0.12144107419617697,171,904,6,30986,0.9661016949152542,0.9716525556600816,0.9688771252876679,0.15906976744186047,0.2731629392971246,0.028408386056320557,0.9924195637192114,0.8900620319217217,0.8560340719245004,180.16949152542372,46.89473684210526,0.45534645828109005,False
arm0,4,3,val-Youden,5,0.12144107419617697,171,904,6,30986,0.9661016949152542,0.9716525556600816,0.9688771252876679,0.15906976744186047,0.2731629392971246,0.02849733028222731,0.9924195637192114,0.8900620319217217,0.8560340719245004,180.16949152542372,46.89473684210526,0.45534645828109005,False
arm0,4,3,val-Youden,10,0.12144107419617697,171,904,6,30986,0.9661016949152542,0.9716525556600816,0.9688771252876679,0.15906976744186047,0.2731629392971246,0.028639334521687463,0.9924195637192114,0.8900620319217217,0.8560340719245004,180.16949152542372,46.89473684210526,0.45534645828109005,False
arm0,4,3,val-Youden,20,0.12144107419617697,171,904,6,30986,0.9661016949152542,0.9716525556600816,0.9688771252876679,0.15906976744186047,0.2731629392971246,0.02890206040079029,0.9924195637192114,0.8900620319217217,0.8560340719245004,180.16949152542372,46.89473684210526,0.45534645828109005,False
arm0,4,3,val-Youden,50,0.12144107419617697,171,904,6,30986,0.9661016949152542,0.9716525556600816,0.9688771252876679,0.15906976744186047,0.2731629392971246,0.029553264604810996,0.9924195637192114,0.8900620319217217,0.8560340719245004,180.16949152542372,46.89473684210526,0.45534645828109005,False
arm0,4,3,val-Youden,100,0.12144107419617697,171,904,6,30986,0.9661016949152542,0.9716525556600816,0.9688771252876679,0.15906976744186047,0.2731629392971246,0.030328695301472072,0.9924195637192114,0.8900620319217217,0.8560340719245004,180.16949152542372,46.89473684210526,0.45534645828109005,False
arm0,4,3,val-Youden,200,0.12144107419617697,171,904,6,30986,0.9661016949152542,0.9716525556600816,0.9688771252876679,0.15906976744186047,0.2731629392971246,0.03126764749591321,0.9924195637192114,0.8900620319217217,0.8560340719245004,180.16949152542372,46.89473684210526,0.45534645828109005,False
arm0,4,3,elkan-raw,1,0.5,160,79,17,31811,0.903954802259887,0.9975227343994982,0.9507387683296926,0.6694560669456067,0.7692307692307693,0.002993731873889045,0.9924195637192114,0.8900620319217217,0.8560340719245004,180.16949152542372,46.89473684210526,0.45534645828109005,False
arm0,4,3,elkan-raw,2,0.3333333333333333,165,186,12,31704,0.9322033898305084,0.9941674506114769,0.9631854202209926,0.4700854700854701,0.625,0.006512839598064756,0.9924195637192114,0.8900620319217217,0.8560340719245004,180.16949152542372,46.89473684210526,0.45534645828109005,False
arm0,4,3,elkan-raw,5,0.16666666666666666,170,518,7,31372,0.96045197740113,0.9837566635308874,0.9721043204660087,0.24709302325581395,0.3930635838150289,0.016872616323417237,0.9924195637192114,0.8900620319217217,0.8560340719245004,180.16949152542372,46.89473684210526,0.45534645828109005,False
arm0,4,3,elkan-raw,10,0.09090909090909091,172,1686,5,30204,0.9717514124293786,0.9471307619943556,0.959441087211867,0.09257265877287406,0.16904176904176904,0.05157456922162804,0.9924195637192114,0.8900620319217217,0.8560340719245004,180.16949152542372,46.89473684210526,0.45534645828109005,False
arm0,4,3,elkan-raw,20,0.047619047619047616,177,29575,0,2315,1.0,0.07259328943242396,0.536296644716212,0.005949179887066416,0.011827992916569214,0.8347445667513407,0.9924195637192114,0.8900620319217217,0.8560340719245004,180.16949152542372,46.89473684210526,0.45534645828109005,False
arm0,4,3,elkan-raw,50,0.0196078431372549,177,31890,0,0,1.0,0.0,0.5,0.0055196931424829265,0.010978786751023446,0.7827687776141384,0.9924195637192114,0.8900620319217217,0.8560340719245004,180.16949152542372,46.89473684210526,0.45534645828109005,False
arm0,4,3,elkan-raw,100,0.009900990099009901,177,31890,0,0,1.0,0.0,0.5,0.0055196931424829265,0.010978786751023446,0.6430732002419842,0.9924195637192114,0.8900620319217217,0.8560340719245004,180.16949152542372,46.89473684210526,0.45534645828109005,False
arm0,4,3,elkan-raw,200,0.004975124378109453,177,31890,0,0,1.0,0.0,0.5,0.0055196931424829265,0.010978786751023446,0.4739188586714222,0.9924195637192114,0.8900620319217217,0.8560340719245004,180.16949152542372,46.89473684210526,0.45534645828109005,False
arm0,4,3,elkan-cal,1,0.5,160,79,17,31811,0.903954802259887,0.9975227343994982,0.9507387683296926,0.6694560669456067,0.7692307692307693,0.002993731873889045,0.9924195637192114,0.8900620319217217,0.8560340719245004,180.16949152542372,46.89473684210526,0.45534645828109005,False
arm0,4,3,elkan-cal,2,0.3333333333333333,162,124,15,31766,0.9152542372881356,0.9961116337409847,0.9556829355145602,0.5664335664335665,0.6997840172786177,0.004776082371914155,0.9924195637192114,0.8900620319217217,0.8560340719245004,180.16949152542372,46.89473684210526,0.45534645828109005,False
arm0,4,3,elkan-cal,5,0.16666666666666666,166,197,11,31693,0.9378531073446328,0.9938225148949514,0.9658378111197921,0.4573002754820937,0.6148148148148148,0.007688787185354691,0.9924195637192114,0.8900620319217217,0.8560340719245004,180.16949152542372,46.89473684210526,0.45534645828109005,False
arm0,4,3,elkan-cal,10,0.09090909090909091,169,284,8,31606,0.9548022598870056,0.9910943869551584,0.9729483234210821,0.3730684326710817,0.5365079365079365,0.01081402257872846,0.9924195637192114,0.8900620319217217,0.8560340719245004,180.16949152542372,46.89473684210526,0.45534645828109005,False
arm0,4,3,elkan-cal,20,0.047619047619047616,170,387,7,31503,0.96045197740113,0.9878645343367827,0.9741582558689563,0.3052064631956912,0.46321525885558584,0.014874400225797347,0.9924195637192114,0.8900620319217217,0.8560340719245004,180.16949152542372,46.89473684210526,0.45534645828109005,False
arm0,4,3,elkan-cal,50,0.0196078431372549,170,666,7,31224,0.96045197740113,0.9791157102539981,0.9697838438275641,0.20334928229665072,0.33563672260612043,0.0249386352479136,0.9924195637192114,0.8900620319217217,0.8560340719245004,180.16949152542372,46.89473684210526,0.45534645828109005,False
arm0,4,3,elkan-cal,100,0.009900990099009901,171,1137,6,30753,0.9661016949152542,0.964346190028222,0.9652239424717381,0.13073394495412843,0.23030303030303031,0.03502722323049002,0.9924195637192114,0.8900620319217217,0.8560340719245004,180.16949152542372,46.89473684210526,0.45534645828109005,False
arm0,4,3,elkan-cal,200,0.004975124378109453,173,2244,4,29646,0.9774011299435028,0.9296331138287864,0.9535171218861447,0.07157633429871742,0.13338473400154202,0.04523703373458166,0.9924195637192114,0.8900620319217217,0.8560340719245004,180.16949152542372,46.89473684210526,0.45534645828109005,False
arm0,4,3,val-cost,1,0.5304984432211949,159,67,18,31823,0.8983050847457628,0.9978990279084352,0.948102056327099,0.7035398230088495,0.7890818858560794,0.0026507000966725916,0.9924195637192114,0.8900620319217217,0.8560340719245004,180.16949152542372,46.89473684210526,0.45534645828109005,False
arm0,4,3,val-cost,2,0.36826166788958903,164,158,13,31732,0.9265536723163842,0.9950454687989966,0.9607995705576904,0.5093167701863354,0.657314629258517,0.005706488028780548,0.9924195637192114,0.8900620319217217,0.8560340719245004,180.16949152542372,46.89473684210526,0.45534645828109005,False
arm0,4,3,val-cost,5,0.12144121780902398,171,904,6,30986,0.9661016949152542,0.9716525556600816,0.9688771252876679,0.15906976744186047,0.2731629392971246,0.02849733028222731,0.9924195637192114,0.8900620319217217,0.8560340719245004,180.16949152542372,46.89473684210526,0.45534645828109005,False
arm0,4,3,val-cost,10,0.12144121780902398,171,904,6,30986,0.9661016949152542,0.9716525556600816,0.9688771252876679,0.15906976744186047,0.2731629392971246,0.028639334521687463,0.9924195637192114,0.8900620319217217,0.8560340719245004,180.16949152542372,46.89473684210526,0.45534645828109005,False
arm0,4,3,val-cost,20,0.12144121780902398,171,904,6,30986,0.9661016949152542,0.9716525556600816,0.9688771252876679,0.15906976744186047,0.2731629392971246,0.02890206040079029,0.9924195637192114,0.8900620319217217,0.8560340719245004,180.16949152542372,46.89473684210526,0.45534645828109005,False
arm0,4,3,val-cost,50,0.12144121780902398,171,904,6,30986,0.9661016949152542,0.9716525556600816,0.9688771252876679,0.15906976744186047,0.2731629392971246,0.029553264604810996,0.9924195637192114,0.8900620319217217,0.8560340719245004,180.16949152542372,46.89473684210526,0.45534645828109005,False
arm0,4,3,val-cost,100,0.12144121780902398,171,904,6,30986,0.9661016949152542,0.9716525556600816,0.9688771252876679,0.15906976744186047,0.2731629392971246,0.030328695301472072,0.9924195637192114,0.8900620319217217,0.8560340719245004,180.16949152542372,46.89473684210526,0.45534645828109005,False
arm0,4,3,val-cost,200,0.12144121780902398,171,904,6,30986,0.9661016949152542,0.9716525556600816,0.9688771252876679,0.15906976744186047,0.2731629392971246,0.03126764749591321,0.9924195637192114,0.8900620319217217,0.8560340719245004,180.16949152542372,46.89473684210526,0.45534645828109005,False
arm0,4,3,oracle,1,0.7212329506874084,152,18,25,31872,0.8587570621468926,0.9994355597365946,0.9290963109417436,0.8941176470588236,0.8760806916426513,0.0013409424018461346,0.9924195637192114,0.8900620319217217,0.8560340719245004,180.16949152542372,46.89473684210526,0.45534645828109005,False
arm0,4,3,oracle,2,0.7212329506874084,152,18,25,31872,0.8587570621468926,0.9994355597365946,0.9290963109417436,0.8941176470588236,0.8760806916426513,0.002108919488897159,0.9924195637192114,0.8900620319217217,0.8560340719245004,180.16949152542372,46.89473684210526,0.45534645828109005,False
arm0,4,3,oracle,5,0.6953622996807098,153,23,24,31867,0.864406779661017,0.9992787707745374,0.9318427752177771,0.8693181818181818,0.8668555240793201,0.004363081617086193,0.9924195637192114,0.8900620319217217,0.8560340719245004,180.16949152542372,46.89473684210526,0.45534645828109005,False
arm0,4,3,oracle,10,0.5653334856033325,159,58,18,31832,0.8983050847457628,0.998181248040138,0.9482431663929504,0.7327188940092166,0.8071065989847716,0.007070707070707071,0.9924195637192114,0.8900620319217217,0.8560340719245004,180.16949152542372,46.89473684210526,0.45534645828109005,False
arm0,4,3,oracle,20,0.3153346925973892,168,210,9,31680,0.9491525423728814,0.993414863593603,0.9712837029832422,0.4444444444444444,0.6054054054054054,0.01100762066045724,0.9924195637192114,0.8900620319217217,0.8560340719245004,180.16949152542372,46.89473684210526,0.45534645828109005,False
arm0,4,3,oracle,50,0.2891492694616318,169,240,8,31650,0.9548022598870056,0.9924741298212606,0.973638194854133,0.4132029339853301,0.5767918088737202,0.015709376534118802,0.9924195637192114,0.8900620319217217,0.8560340719245004,180.16949152542372,46.89473684210526,0.45534645828109005,False
arm0,4,3,oracle,100,0.2891492694616318,169,240,8,31650,0.9548022598870056,0.9924741298212606,0.973638194854133,0.4132029339853301,0.5767918088737202,0.02097197015527324,0.9924195637192114,0.8900620319217217,0.8560340719245004,180.16949152542372,46.89473684210526,0.45534645828109005,False
arm0,4,3,oracle,200,0.2041252851486206,170,386,7,31504,0.96045197740113,0.9878958921291942,0.9741739347651621,0.3057553956834532,0.4638472032742155,0.026541833853470056,0.9924195637192114,0.8900620319217217,0.8560340719245004,180.16949152542372,46.89473684210526,0.45534645828109005,False
arm0,4,4,0.5,1,0.5,158,77,19,31813,0.8926553672316384,0.9975854499843211,0.9451204086079797,0.6723404255319149,0.7669902912621359,0.002993731873889045,0.9882307295735872,0.8367161190705444,0.7783379661371275,180.16949152542372,46.89473684210526,0.37458466353609826,False
arm0,4,4,0.5,2,0.5,158,77,19,31813,0.8926553672316384,0.9975854499843211,0.9451204086079797,0.6723404255319149,0.7669902912621359,0.003566555017987843,0.9882307295735872,0.8367161190705444,0.7783379661371275,180.16949152542372,46.89473684210526,0.37458466353609826,False
arm0,4,4,0.5,5,0.5,158,77,19,31813,0.8926553672316384,0.9975854499843211,0.9451204086079797,0.6723404255319149,0.7669902912621359,0.0052479023646071704,0.9882307295735872,0.8367161190705444,0.7783379661371275,180.16949152542372,46.89473684210526,0.37458466353609826,False
arm0,4,4,0.5,10,0.5,158,77,19,31813,0.8926553672316384,0.9975854499843211,0.9451204086079797,0.6723404255319149,0.7669902912621359,0.007932263814616756,0.9882307295735872,0.8367161190705444,0.7783379661371275,180.16949152542372,46.89473684210526,0.37458466353609826,False
arm0,4,4,0.5,20,0.5,158,77,19,31813,0.8926553672316384,0.9975854499843211,0.9451204086079797,0.6723404255319149,0.7669902912621359,0.012898673440587073,0.9882307295735872,0.8367161190705444,0.7783379661371275,180.16949152542372,46.89473684210526,0.37458466353609826,False
arm0,4,4,0.5,50,0.5,158,77,19,31813,0.8926553672316384,0.9975854499843211,0.9451204086079797,0.6723404255319149,0.7669902912621359,0.025208640157093766,0.9882307295735872,0.8367161190705444,0.7783379661371275,180.16949152542372,46.89473684210526,0.37458466353609826,False
arm0,4,4,0.5,100,0.5,158,77,19,31813,0.8926553672316384,0.9975854499843211,0.9451204086079797,0.6723404255319149,0.7669902912621359,0.03986690865093769,0.9882307295735872,0.8367161190705444,0.7783379661371275,180.16949152542372,46.89473684210526,0.37458466353609826,False
arm0,4,4,0.5,200,0.5,158,77,19,31813,0.8926553672316384,0.9975854499843211,0.9451204086079797,0.6723404255319149,0.7669902912621359,0.05761628770991232,0.9882307295735872,0.8367161190705444,0.7783379661371275,180.16949152542372,46.89473684210526,0.37458466353609826,False
arm0,4,4,val-Youden,1,0.21606369536475428,170,624,7,31266,0.96045197740113,0.9804327375352775,0.9704423574682037,0.2141057934508816,0.35015447991761073,0.019677550129416535,0.9882307295735872,0.8367161190705444,0.7783379661371275,180.16949152542372,46.89473684210526,0.37458466353609826,False
arm0,4,4,val-Youden,2,0.21606369536475428,170,624,7,31266,0.96045197740113,0.9804327375352775,0.9704423574682037,0.2141057934508816,0.35015447991761073,0.01978662696935864,0.9882307295735872,0.8367161190705444,0.7783379661371275,180.16949152542372,46.89473684210526,0.37458466353609826,False
arm0,4,4,val-Youden,5,0.21606369536475428,170,624,7,31266,0.96045197740113,0.9804327375352775,0.9704423574682037,0.2141057934508816,0.35015447991761073,0.020106788710907705,0.9882307295735872,0.8367161190705444,0.7783379661371275,180.16949152542372,46.89473684210526,0.37458466353609826,False
arm0,4,4,val-Youden,10,0.21606369536475428,170,624,7,31266,0.96045197740113,0.9804327375352775,0.9704423574682037,0.2141057934508816,0.35015447991761073,0.02061794414735591,0.9882307295735872,0.8367161190705444,0.7783379661371275,180.16949152542372,46.89473684210526,0.37458466353609826,False
arm0,4,4,val-Youden,20,0.21606369536475428,170,624,7,31266,0.96045197740113,0.9804327375352775,0.9704423574682037,0.2141057934508816,0.35015447991761073,0.02156364662715213,0.9882307295735872,0.8367161190705444,0.7783379661371275,180.16949152542372,46.89473684210526,0.37458466353609826,False
arm0,4,4,val-Youden,50,0.21606369536475428,170,624,7,31266,0.96045197740113,0.9804327375352775,0.9704423574682037,0.2141057934508816,0.35015447991761073,0.02390770741286205,0.9882307295735872,0.8367161190705444,0.7783379661371275,180.16949152542372,46.89473684210526,0.37458466353609826,False
arm0,4,4,val-Youden,100,0.21606369536475428,170,624,7,31266,0.96045197740113,0.9804327375352775,0.9704423574682037,0.2141057934508816,0.35015447991761073,0.026698931236136317,0.9882307295735872,0.8367161190705444,0.7783379661371275,180.16949152542372,46.89473684210526,0.37458466353609826,False
arm0,4,4,val-Youden,200,0.21606369536475428,170,624,7,31266,0.96045197740113,0.9804327375352775,0.9704423574682037,0.2141057934508816,0.35015447991761073,0.030078763560707385,0.9882307295735872,0.8367161190705444,0.7783379661371275,180.16949152542372,46.89473684210526,0.37458466353609826,False
arm0,4,4,elkan-raw,1,0.5,158,77,19,31813,0.8926553672316384,0.9975854499843211,0.9451204086079797,0.6723404255319149,0.7669902912621359,0.002993731873889045,0.9882307295735872,0.8367161190705444,0.7783379661371275,180.16949152542372,46.89473684210526,0.37458466353609826,False
arm0,4,4,elkan-raw,2,0.3333333333333333,166,260,11,31630,0.9378531073446328,0.9918469739730323,0.9648500406588325,0.38967136150234744,0.5505804311774462,0.008745813174544101,0.9882307295735872,0.8367161190705444,0.7783379661371275,180.16949152542372,46.89473684210526,0.37458466353609826,False
arm0,4,4,elkan-raw,5,0.16666666666666666,171,1039,6,30851,0.9661016949152542,0.9674192536845406,0.9667604742998974,0.14132231404958678,0.2465753424657534,0.032616323417238746,0.9882307295735872,0.8367161190705444,0.7783379661371275,180.16949152542372,46.89473684210526,0.37458466353609826,False
arm0,4,4,elkan-raw,10,0.09090909090909091,175,3027,2,28863,0.9887005649717514,0.9050799623706491,0.9468902636712002,0.05465334166146159,0.10358094110683634,0.09052287581699346,0.9882307295735872,0.8367161190705444,0.7783379661371275,180.16949152542372,46.89473684210526,0.37458466353609826,False
arm0,4,4,elkan-raw,20,0.047619047619047616,177,27764,0,4126,1.0,0.12938225148949514,0.5646911257447476,0.006334776851222218,0.012589800128031866,0.7836296923511149,0.9882307295735872,0.8367161190705444,0.7783379661371275,180.16949152542372,46.89473684210526,0.37458466353609826,False
arm0,4,4,elkan-raw,50,0.0196078431372549,177,31890,0,0,1.0,0.0,0.5,0.0055196931424829265,0.010978786751023446,0.7827687776141384,0.9882307295735872,0.8367161190705444,0.7783379661371275,180.16949152542372,46.89473684210526,0.37458466353609826,False
arm0,4,4,elkan-raw,100,0.009900990099009901,177,31890,0,0,1.0,0.0,0.5,0.0055196931424829265,0.010978786751023446,0.6430732002419842,0.9882307295735872,0.8367161190705444,0.7783379661371275,180.16949152542372,46.89473684210526,0.37458466353609826,False
arm0,4,4,elkan-raw,200,0.004975124378109453,177,31890,0,0,1.0,0.0,0.5,0.0055196931424829265,0.010978786751023446,0.4739188586714222,0.9882307295735872,0.8367161190705444,0.7783379661371275,180.16949152542372,46.89473684210526,0.37458466353609826,False
arm0,4,4,elkan-cal,1,0.5,158,77,19,31813,0.8926553672316384,0.9975854499843211,0.9451204086079797,0.6723404255319149,0.7669902912621359,0.002993731873889045,0.9882307295735872,0.8367161190705444,0.7783379661371275,180.16949152542372,46.89473684210526,0.37458466353609826,False
arm0,4,4,elkan-cal,2,0.3333333333333333,159,124,18,31766,0.8983050847457628,0.9961116337409847,0.9472083592433738,0.5618374558303887,0.691304347826087,0.004962163503287433,0.9882307295735872,0.8367161190705444,0.7783379661371275,180.16949152542372,46.89473684210526,0.37458466353609826,False
arm0,4,4,elkan-cal,5,0.16666666666666666,164,226,13,31664,0.9265536723163842,0.9929131389150204,0.9597334056157023,0.4205128205128205,0.5784832451499118,0.008878718535469107,0.9882307295735872,0.8367161190705444,0.7783379661371275,180.16949152542372,46.89473684210526,0.37458466353609826,False
arm0,4,4,elkan-cal,10,0.09090909090909091,169,340,8,31550,0.9548022598870056,0.9893383505801192,0.9720703052335624,0.3320235756385069,0.49271137026239065,0.012477718360071301,0.9882307295735872,0.8367161190705444,0.7783379661371275,180.16949152542372,46.89473684210526,0.37458466353609826,False
arm0,4,4,elkan-cal,20,0.047619047619047616,169,502,8,31388,0.9548022598870056,0.9842583882094701,0.9695303240482378,0.2518628912071535,0.39858490566037735,0.01868473045441716,0.9882307295735872,0.8367161190705444,0.7783379661371275,180.16949152542372,46.89473684210526,0.37458466353609826,False
arm0,4,4,elkan-cal,50,0.0196078431372549,170,836,7,31054,0.96045197740113,0.9737848855440577,0.9671184314725938,0.16898608349900596,0.2874049027895182,0.029111438389788906,0.9882307295735872,0.8367161190705444,0.7783379661371275,180.16949152542372,46.89473684210526,0.37458466353609826,False
arm0,4,4,elkan-cal,100,0.009900990099009901,172,1226,5,30664,0.9717514124293786,0.9615553465036062,0.9666533794664924,0.12303290414878398,0.21841269841269842,0.03480540431538617,0.9882307295735872,0.8367161190705444,0.7783379661371275,180.16949152542372,46.89473684210526,0.37458466353609826,False
arm0,4,4,elkan-cal,200,0.004975124378109453,173,1811,4,30079,0.9774011299435028,0.9432110379429288,0.9603060839432158,0.0871975806451613,0.16011105969458583,0.038802199435280134,0.9882307295735872,0.8367161190705444,0.7783379661371275,180.16949152542372,46.89473684210526,0.37458466353609826,False
arm0,4,4,val-cost,1,0.37404552164477467,163,203,14,31687,0.9209039548022598,0.9936343681404829,0.9572691614713713,0.4453551912568306,0.6003683241252302,0.006767081423270029,0.9882307295735872,0.8367161190705444,0.7783379661371275,180.16949152542372,46.89473684210526,0.37458466353609826,False
arm0,4,4,val-cost,2,0.21614503459902887,170,623,7,31267,0.96045197740113,0.980464095327689,0.9704580363644095,0.21437578814627994,0.35051546391752575,0.019755613447463093,0.9882307295735872,0.8367161190705444,0.7783379661371275,180.16949152542372,46.89473684210526,0.37458466353609826,False
arm0,4,4,val-cost,5,0.21614503459902887,170,623,7,31267,0.96045197740113,0.980464095327689,0.9704580363644095,0.21437578814627994,0.35051546391752575,0.02007627765064836,0.9882307295735872,0.8367161190705444,0.7783379661371275,180.16949152542372,46.89473684210526,0.37458466353609826,False
arm0,4,4,val-cost,10,0.21614503459902887,170,623,7,31267,0.96045197740113,0.980464095327689,0.9704580363644095,0.21437578814627994,0.35051546391752575,0.020588235294117647,0.9882307295735872,0.8367161190705444,0.7783379661371275,180.16949152542372,46.89473684210526,0.37458466353609826,False
arm0,4,4,val-cost,20,0.21614503459902887,170,623,7,31267,0.96045197740113,0.980464095327689,0.9704580363644095,0.21437578814627994,0.35051546391752575,0.021535421958791986,0.9882307295735872,0.8367161190705444,0.7783379661371275,180.16949152542372,46.89473684210526,0.37458466353609826,False
arm0,4,4,val-cost,50,0.21614503459902887,170,623,7,31267,0.96045197740113,0.980464095327689,0.9704580363644095,0.21437578814627994,0.35051546391752575,0.02388316151202749,0.9882307295735872,0.8367161190705444,0.7783379661371275,180.16949152542372,46.89473684210526,0.37458466353609826,False
arm0,4,4,val-cost,100,0.21614503459902887,170,623,7,31267,0.96045197740113,0.980464095327689,0.9704580363644095,0.21437578814627994,0.35051546391752575,0.026678765880217784,0.9882307295735872,0.8367161190705444,0.7783379661371275,180.16949152542372,46.89473684210526,0.37458466353609826,False
arm0,4,4,val-cost,200,0.21614503459902887,170,623,7,31267,0.96045197740113,0.980464095327689,0.9704580363644095,0.21437578814627994,0.35051546391752575,0.030063902511517315,0.9882307295735872,0.8367161190705444,0.7783379661371275,180.16949152542372,46.89473684210526,0.37458466353609826,False
arm0,4,4,oracle,1,0.6552159488201141,135,21,42,31869,0.7627118644067796,0.9993414863593603,0.88102667538307,0.8653846153846154,0.8108108108108109,0.0019646365422396855,0.9882307295735872,0.8367161190705444,0.7783379661371275,180.16949152542372,46.89473684210526,0.37458466353609826,False
arm0,4,4,oracle,2,0.5428411364555359,156,56,21,31834,0.8813559322033898,0.9982439636249608,0.9397999479141753,0.7358490566037735,0.8020565552699229,0.003039325145763553,0.9882307295735872,0.8367161190705444,0.7783379661371275,180.16949152542372,46.89473684210526,0.37458466353609826,False
arm0,4,4,oracle,5,0.5428411364555359,156,56,21,31834,0.8813559322033898,0.9982439636249608,0.9397999479141753,0.7358490566037735,0.8020565552699229,0.004912280701754386,0.9882307295735872,0.8367161190705444,0.7783379661371275,180.16949152542372,46.89473684210526,0.37458466353609826,False
arm0,4,4,oracle,10,0.4981607496738434,159,77,18,31813,0.8983050847457628,0.9975854499843211,0.9479452673650419,0.673728813559322,0.7699757869249395,0.007635175282234106,0.9882307295735872,0.8367161190705444,0.7783379661371275,180.16949152542372,46.89473684210526,0.37458466353609826,False
arm0,4,4,oracle,20,0.32558563351631165,169,274,8,31616,0.9548022598870056,0.9914079648792725,0.9731051123831391,0.38148984198645597,0.5451612903225806,0.012249506068303698,0.9882307295735872,0.8367161190705444,0.7783379661371275,180.16949152542372,46.89473684210526,0.37458466353609826,False
arm0,4,4,oracle,50,0.32558563351631165,169,274,8,31616,0.9548022598870056,0.9914079648792725,0.9731051123831391,0.38148984198645597,0.5451612903225806,0.016543937162493864,0.9882307295735872,0.8367161190705444,0.7783379661371275,180.16949152542372,46.89473684210526,0.37458466353609826,False
arm0,4,4,oracle,100,0.32558563351631165,169,274,8,31616,0.9548022598870056,0.9914079648792725,0.9731051123831391,0.38148984198645597,0.5451612903225806,0.02165759225650333,0.9882307295735872,0.8367161190705444,0.7783379661371275,180.16949152542372,46.89473684210526,0.37458466353609826,False
arm0,4,4,oracle,200,0.32558563351631165,169,274,8,31616,0.9548022598870056,0.9914079648792725,0.9731051123831391,0.38148984198645597,0.5451612903225806,0.027849606182196462,0.9882307295735872,0.8367161190705444,0.7783379661371275,180.16949152542372,46.89473684210526,0.37458466353609826,False
arm0,5,0,0.5,1,0.5,36,47,5,19280,0.8780487804878049,0.9975681688829099,0.9378084746853574,0.43373493975903615,0.5806451612903226,0.0026848409748038,0.987164424342541,0.6565348467018484,0.7576497936035397,471.390243902439,108.8,0.3549097506408557,False
arm0,5,0,0.5,2,0.5,36,47,5,19280,0.8780487804878049,0.9975681688829099,0.9378084746853574,0.43373493975903615,0.5806451612903226,0.002936781905301664,0.987164424342541,0.6565348467018484,0.7576497936035397,471.390243902439,108.8,0.3549097506408557,False
arm0,5,0,0.5,5,0.5,36,47,5,19280,0.8780487804878049,0.9975681688829099,0.9378084746853574,0.43373493975903615,0.5806451612903226,0.0036862584476756092,0.987164424342541,0.6565348467018484,0.7576497936035397,471.390243902439,108.8,0.3549097506408557,False
arm0,5,0,0.5,10,0.5,36,47,5,19280,0.8780487804878049,0.9975681688829099,0.9378084746853574,0.43373493975903615,0.5806451612903226,0.004914627349647869,0.987164424342541,0.6565348467018484,0.7576497936035397,471.390243902439,108.8,0.3549097506408557,False
arm0,5,0,0.5,20,0.5,36,47,5,19280,0.8780487804878049,0.9975681688829099,0.9378084746853574,0.43373493975903615,0.5806451612903226,0.0072963716682384475,0.987164424342541,0.6565348467018484,0.7576497936035397,471.390243902439,108.8,0.3549097506408557,False
arm0,5,0,0.5,50,0.5,36,47,5,19280,0.8780487804878049,0.9975681688829099,0.9378084746853574,0.43373493975903615,0.5806451612903226,0.013893436871403845,0.987164424342541,0.6565348467018484,0.7576497936035397,471.390243902439,108.8,0.3549097506408557,False
arm0,5,0,0.5,100,0.5,36,47,5,19280,0.8780487804878049,0.9975681688829099,0.9378084746853574,0.43373493975903615,0.5806451612903226,0.023349127075596533,0.987164424342541,0.6565348467018484,0.7576497936035397,471.390243902439,108.8,0.3549097506408557,False
arm0,5,0,0.5,200,0.5,36,47,5,19280,0.8780487804878049,0.9975681688829099,0.9378084746853574,0.43373493975903615,0.5806451612903226,0.03803538344171178,0.987164424342541,0.6565348467018484,0.7576497936035397,471.390243902439,108.8,0.3549097506408557,False
arm0,5,0,val-Youden,1,0.2090714217680252,40,115,1,19212,0.975609756097561,0.994049774926269,0.9848297655119149,0.25806451612903225,0.40816326530612246,0.005989260636100785,0.987164424342541,0.6565348467018484,0.7576497936035397,471.390243902439,108.8,0.3549097506408557,False
arm0,5,0,val-Youden,2,0.2090714217680252,40,115,1,19212,0.975609756097561,0.994049774926269,0.9848297655119149,0.25806451612903225,0.40816326530612246,0.006028131279303416,0.987164424342541,0.6565348467018484,0.7576497936035397,471.390243902439,108.8,0.3549097506408557,False
arm0,5,0,val-Youden,5,0.2090714217680252,40,115,1,19212,0.975609756097561,0.994049774926269,0.9848297655119149,0.25806451612903225,0.40816326530612246,0.006143764079459349,0.987164424342541,0.6565348467018484,0.7576497936035397,471.390243902439,108.8,0.3549097506408557,False
arm0,5,0,val-Youden,10,0.2090714217680252,40,115,1,19212,0.975609756097561,0.994049774926269,0.9848297655119149,0.25806451612903225,0.40816326530612246,0.006333282667071997,0.987164424342541,0.6565348467018484,0.7576497936035397,471.390243902439,108.8,0.3549097506408557,False
arm0,5,0,val-Youden,20,0.2090714217680252,40,115,1,19212,0.975609756097561,0.994049774926269,0.9848297655119149,0.25806451612903225,0.40816326530612246,0.00670074949123939,0.987164424342541,0.6565348467018484,0.7576497936035397,471.390243902439,108.8,0.3549097506408557,False
arm0,5,0,val-Youden,50,0.2090714217680252,40,115,1,19212,0.975609756097561,0.994049774926269,0.9848297655119149,0.25806451612903225,0.40816326530612246,0.0077185760396688025,0.987164424342541,0.6565348467018484,0.7576497936035397,471.390243902439,108.8,0.3549097506408557,False
arm0,5,0,val-Youden,100,0.2090714217680252,40,115,1,19212,0.975609756097561,0.994049774926269,0.9848297655119149,0.25806451612903225,0.40816326530612246,0.009177444828616554,0.987164424342541,0.6565348467018484,0.7576497936035397,471.390243902439,108.8,0.3549097506408557,False
arm0,5,0,val-Youden,200,0.2090714217680252,40,115,1,19212,0.975609756097561,0.994049774926269,0.9848297655119149,0.25806451612903225,0.40816326530612246,0.011443310204526465,0.987164424342541,0.6565348467018484,0.7576497936035397,471.390243902439,108.8,0.3549097506408557,False
arm0,5,0,elkan-raw,1,0.5,36,47,5,19280,0.8780487804878049,0.9975681688829099,0.9378084746853574,0.43373493975903615,0.5806451612903226,0.0026848409748038,0.987164424342541,0.6565348467018484,0.7576497936035397,471.390243902439,108.8,0.3549097506408557,False
arm0,5,0,elkan-raw,2,0.3333333333333333,40,69,1,19258,0.975609756097561,0.9964298649557614,0.9860198105266611,0.3669724770642202,0.5333333333333333,0.0036580967592354063,0.987164424342541,0.6565348467018484,0.7576497936035397,471.390243902439,108.8,0.3549097506408557,False
arm0,5,0,elkan-raw,5,0.16666666666666666,40,142,1,19185,0.975609756097561,0.9926527655611321,0.9841312608293465,0.21978021978021978,0.35874439461883406,0.007526110997337702,0.987164424342541,0.6565348467018484,0.7576497936035397,471.390243902439,108.8,0.3549097506408557,False
arm0,5,0,elkan-raw,10,0.09090909090909091,40,404,1,18923,0.975609756097561,0.9790966006105448,0.9773531783540529,0.09009009009009009,0.16494845360824742,0.020975832193342453,0.987164424342541,0.6565348467018484,0.7576497936035397,471.390243902439,108.8,0.3549097506408557,False
arm0,5,0,elkan-raw,20,0.047619047619047616,41,18096,0,1231,1.0,0.06369327883272106,0.5318466394163606,0.002260572310745989,0.004510947298932776,0.8981982429145778,0.987164424342541,0.6565348467018484,0.7576497936035397,471.390243902439,108.8,0.3549097506408557,False
arm0,5,0,elkan-raw,50,0.0196078431372549,41,19327,0,0,1.0,0.0,0.5,0.002116893845518381,0.004224844144469061,0.9041025401132058,0.987164424342541,0.6565348467018484,0.7576497936035397,471.390243902439,108.8,0.3549097506408557,False
arm0,5,0,elkan-raw,100,0.009900990099009901,41,19327,0,0,1.0,0.0,0.5,0.002116893845518381,0.004224844144469061,0.8249882614077774,0.987164424342541,0.6565348467018484,0.7576497936035397,471.390243902439,108.8,0.3549097506408557,False
arm0,5,0,elkan-raw,200,0.004975124378109453,41,19327,0,0,1.0,0.0,0.5,0.002116893845518381,0.004224844144469061,0.7021106549932793,0.987164424342541,0.6565348467018484,0.7576497936035397,471.390243902439,108.8,0.3549097506408557,False
arm0,5,0,elkan-cal,1,0.5,36,47,5,19280,0.8780487804878049,0.9975681688829099,0.9378084746853574,0.43373493975903615,0.5806451612903226,0.0026848409748038,0.987164424342541,0.6565348467018484,0.7576497936035397,471.390243902439,108.8,0.3549097506408557,False
arm0,5,0,elkan-cal,2,0.3333333333333333,36,52,5,19275,0.8780487804878049,0.9973094634449217,0.9376791219663633,0.4090909090909091,0.5581395348837209,0.0031943943531351437,0.987164424342541,0.6565348467018484,0.7576497936035397,471.390243902439,108.8,0.3549097506408557,False
arm0,5,0,elkan-cal,5,0.16666666666666666,39,65,2,19262,0.9512195121951219,0.996636829306152,0.973928170750637,0.375,0.5379310344827586,0.003839852549662093,0.987164424342541,0.6565348467018484,0.7576497936035397,471.390243902439,108.8,0.3549097506408557,False
arm0,5,0,elkan-cal,10,0.09090909090909091,40,73,1,19254,0.975609756097561,0.9962229006053708,0.9859163283514658,0.35398230088495575,0.5194805194805194,0.004205299690935806,0.987164424342541,0.6565348467018484,0.7576497936035397,471.390243902439,108.8,0.3549097506408557,False
arm0,5,0,elkan-cal,20,0.047619047619047616,40,84,1,19243,0.975609756097561,0.9956537486417965,0.9856317523696787,0.3225806451612903,0.48484848484848486,0.00516205886732516,0.987164424342541,0.6565348467018484,0.7576497936035397,471.390243902439,108.8,0.3549097506408557,False
arm0,5,0,elkan-cal,50,0.0196078431372549,40,119,1,19208,0.975609756097561,0.9938428105758783,0.9847262833367196,0.25157232704402516,0.4,0.007905693034569864,0.987164424342541,0.6565348467018484,0.7576497936035397,471.390243902439,108.8,0.3549097506408557,False
arm0,5,0,elkan-cal,100,0.009900990099009901,40,147,1,19180,0.975609756097561,0.9923940601231438,0.9840019081103524,0.21390374331550802,0.3508771929824561,0.010543390105433901,0.987164424342541,0.6565348467018484,0.7576497936035397,471.390243902439,108.8,0.3549097506408557,False
arm0,5,0,elkan-cal,200,0.004975124378109453,40,193,1,19134,0.975609756097561,0.9900139700936513,0.9828118630956062,0.17167381974248927,0.291970802919708,0.014276891778980637,0.987164424342541,0.6565348467018484,0.7576497936035397,471.390243902439,108.8,0.3549097506408557,False
arm0,5,0,val-cost,1,0.2381819522241939,40,92,1,19235,0.975609756097561,0.9952398199410152,0.9854247880192881,0.30303030303030304,0.4624277456647399,0.004801734820322181,0.987164424342541,0.6565348467018484,0.7576497936035397,471.390243902439,108.8,0.3549097506408557,False
arm0,5,0,val-cost,2,0.2381819522241939,40,92,1,19235,0.975609756097561,0.9952398199410152,0.9854247880192881,0.30303030303030304,0.4624277456647399,0.0048431140192694115,0.987164424342541,0.6565348467018484,0.7576497936035397,471.390243902439,108.8,0.3549097506408557,False
arm0,5,0,val-cost,5,0.2381819522241939,40,92,1,19235,0.975609756097561,0.9952398199410152,0.9854247880192881,0.30303030303030304,0.4624277456647399,0.0049662092975629735,0.987164424342541,0.6565348467018484,0.7576497936035397,471.390243902439,108.8,0.3549097506408557,False
arm0,5,0,val-cost,10,0.2381819522241939,40,92,1,19235,0.975609756097561,0.9952398199410152,0.9854247880192881,0.30303030303030304,0.4624277456647399,0.00516795865633075,0.987164424342541,0.6565348467018484,0.7576497936035397,471.390243902439,108.8,0.3549097506408557,False
arm0,5,0,val-cost,20,0.2381819522241939,40,92,1,19235,0.975609756097561,0.9952398199410152,0.9854247880192881,0.30303030303030304,0.4624277456647399,0.005559140318657865,0.987164424342541,0.6565348467018484,0.7576497936035397,471.390243902439,108.8,0.3549097506408557,False
arm0,5,0,val-cost,50,0.2381819522241939,40,92,1,19235,0.975609756097561,0.9952398199410152,0.9854247880192881,0.30303030303030304,0.4624277456647399,0.0066426533189876975,0.987164424342541,0.6565348467018484,0.7576497936035397,471.390243902439,108.8,0.3549097506408557,False
arm0,5,0,val-cost,100,0.2381819522241939,40,92,1,19235,0.975609756097561,0.9952398199410152,0.9854247880192881,0.30303030303030304,0.4624277456647399,0.008195671660904085,0.987164424342541,0.6565348467018484,0.7576497936035397,471.390243902439,108.8,0.3549097506408557,False
arm0,5,0,val-cost,200,0.2381819522241939,40,92,1,19235,0.975609756097561,0.9952398199410152,0.9854247880192881,0.30303030303030304,0.4624277456647399,0.010607766919751517,0.987164424342541,0.6565348467018484,0.7576497936035397,471.390243902439,108.8,0.3549097506408557,False
arm0,5,0,oracle,1,0.8356893956661224,31,19,10,19308,0.7560975609756098,0.9990169193356444,0.8775572401556271,0.62,0.6813186813186813,0.0014973151590251962,0.987164424342541,0.6565348467018484,0.7576497936035397,471.390243902439,108.8,0.3549097506408557,False
arm0,5,0,oracle,2,0.7684936821460724,32,21,9,19306,0.7804878048780488,0.9989134371604491,0.889700621019249,0.6037735849056604,0.6808510638297872,0.0020093770931011385,0.987164424342541,0.6565348467018484,0.7576497936035397,471.390243902439,108.8,0.3549097506408557,False
arm0,5,0,oracle,5,0.5886824429035187,36,36,5,19291,0.8780487804878049,0.9981373208464842,0.9380930506671445,0.5,0.6371681415929203,0.003123080073725169,0.987164424342541,0.6565348467018484,0.7576497936035397,471.390243902439,108.8,0.3549097506408557,False
arm0,5,0,oracle,10,0.3394327312707901,40,68,1,19259,0.975609756097561,0.996481606043359,0.98604568107046,0.37037037037037035,0.5369127516778524,0.003951968384252926,0.987164424342541,0.6565348467018484,0.7576497936035397,471.390243902439,108.8,0.3549097506408557,False
arm0,5,0,oracle,20,0.3394327312707901,40,68,1,19259,0.975609756097561,0.996481606043359,0.98604568107046,0.37037037037037035,0.5369127516778524,0.004367895964659751,0.987164424342541,0.6565348467018484,0.7576497936035397,471.390243902439,108.8,0.3549097506408557,False
arm0,5,0,oracle,50,0.3394327312707901,40,68,1,19259,0.975609756097561,0.996481606043359,0.98604568107046,0.37037037037037035,0.5369127516778524,0.005519951349581326,0.987164424342541,0.6565348467018484,0.7576497936035397,471.390243902439,108.8,0.3549097506408557,False
arm0,5,0,oracle,100,0.3394327312707901,40,68,1,19259,0.975609756097561,0.996481606043359,0.98604568107046,0.37037037037037035,0.5369127516778524,0.007171212703291074,0.987164424342541,0.6565348467018484,0.7576497936035397,471.390243902439,108.8,0.3549097506408557,False
arm0,5,0,oracle,200,0.3394327312707901,40,68,1,19259,0.975609756097561,0.996481606043359,0.98604568107046,0.37037037037037035,0.5369127516778524,0.00973589566607331,0.987164424342541,0.6565348467018484,0.7576497936035397,471.390243902439,108.8,0.3549097506408557,False
arm0,5,1,0.5,1,0.5,36,40,5,19287,0.8780487804878049,0.9979303564960935,0.9379895684919493,0.47368421052631576,0.6153846153846154,0.0023234200743494425,0.9784378482269844,0.7776257670959024,0.5778772777120847,471.390243902439,108.8,0.010000005126995348,True
arm0,5,1,0.5,2,0.5,36,40,5,19287,0.8780487804878049,0.9979303564960935,0.9379895684919493,0.47368421052631576,0.6153846153846154,0.002576124478334793,0.9784378482269844,0.7776257670959024,0.5778772777120847,471.390243902439,108.8,0.010000005126995348,True
arm0,5,1,0.5,5,0.5,36,40,5,19287,0.8780487804878049,0.9979303564960935,0.9379895684919493,0.47368421052631576,0.6153846153846154,0.0033278722097071474,0.9784378482269844,0.7776257670959024,0.5778772777120847,471.390243902439,108.8,0.010000005126995348,True
arm0,5,1,0.5,10,0.5,36,40,5,19287,0.8780487804878049,0.9979303564960935,0.9379895684919493,0.47368421052631576,0.6153846153846154,0.004559963520291838,0.9784378482269844,0.7776257670959024,0.5778772777120847,471.390243902439,108.8,0.010000005126995348,True
arm0,5,1,0.5,20,0.5,36,40,5,19287,0.8780487804878049,0.9979303564960935,0.9379895684919493,0.47368421052631576,0.6153846153846154,0.006948925398322331,0.9784378482269844,0.7776257670959024,0.5778772777120847,471.390243902439,108.8,0.010000005126995348,True
arm0,5,1,0.5,50,0.5,36,40,5,19287,0.8780487804878049,0.9979303564960935,0.9379895684919493,0.47368421052631576,0.6153846153846154,0.013565982130326988,0.9784378482269844,0.7776257670959024,0.5778772777120847,471.390243902439,108.8,0.010000005126995348,True
arm0,5,1,0.5,100,0.5,36,40,5,19287,0.8780487804878049,0.9979303564960935,0.9379895684919493,0.47368421052631576,0.6153846153846154,0.02305032654629274,0.9784378482269844,0.7776257670959024,0.5778772777120847,471.390243902439,108.8,0.010000005126995348,True
arm0,5,1,0.5,200,0.5,36,40,5,19287,0.8780487804878049,0.9979303564960935,0.9379895684919493,0.47368421052631576,0.6153846153846154,0.037781087659388965,0.9784378482269844,0.7776257670959024,0.5778772777120847,471.390243902439,108.8,0.010000005126995348,True
arm0,5,1,val-Youden,1,0.4537643886737325,36,47,5,19280,0.8780487804878049,0.9975681688829099,0.9378084746853574,0.43373493975903615,0.5806451612903226,0.0026848409748038,0.9784378482269844,0.7776257670959024,0.5778772777120847,471.390243902439,108.8,0.010000005126995348,True
arm0,5,1,val-Youden,2,0.4537643886737325,36,47,5,19280,0.8780487804878049,0.9975681688829099,0.9378084746853574,0.43373493975903615,0.5806451612903226,0.002936781905301664,0.9784378482269844,0.7776257670959024,0.5778772777120847,471.390243902439,108.8,0.010000005126995348,True
arm0,5,1,val-Youden,5,0.4537643886737325,36,47,5,19280,0.8780487804878049,0.9975681688829099,0.9378084746853574,0.43373493975903615,0.5806451612903226,0.0036862584476756092,0.9784378482269844,0.7776257670959024,0.5778772777120847,471.390243902439,108.8,0.010000005126995348,True
arm0,5,1,val-Youden,10,0.4537643886737325,36,47,5,19280,0.8780487804878049,0.9975681688829099,0.9378084746853574,0.43373493975903615,0.5806451612903226,0.004914627349647869,0.9784378482269844,0.7776257670959024,0.5778772777120847,471.390243902439,108.8,0.010000005126995348,True
arm0,5,1,val-Youden,20,0.4537643886737325,36,47,5,19280,0.8780487804878049,0.9975681688829099,0.9378084746853574,0.43373493975903615,0.5806451612903226,0.0072963716682384475,0.9784378482269844,0.7776257670959024,0.5778772777120847,471.390243902439,108.8,0.010000005126995348,True
arm0,5,1,val-Youden,50,0.4537643886737325,36,47,5,19280,0.8780487804878049,0.9975681688829099,0.9378084746853574,0.43373493975903615,0.5806451612903226,0.013893436871403845,0.9784378482269844,0.7776257670959024,0.5778772777120847,471.390243902439,108.8,0.010000005126995348,True
arm0,5,1,val-Youden,100,0.4537643886737325,36,47,5,19280,0.8780487804878049,0.9975681688829099,0.9378084746853574,0.43373493975903615,0.5806451612903226,0.023349127075596533,0.9784378482269844,0.7776257670959024,0.5778772777120847,471.390243902439,108.8,0.010000005126995348,True
arm0,5,1,val-Youden,200,0.4537643886737325,36,47,5,19280,0.8780487804878049,0.9975681688829099,0.9378084746853574,0.43373493975903615,0.5806451612903226,0.03803538344171178,0.9784378482269844,0.7776257670959024,0.5778772777120847,471.390243902439,108.8,0.010000005126995348,True
arm0,5,1,elkan-raw,1,0.5,36,40,5,19287,0.8780487804878049,0.9979303564960935,0.9379895684919493,0.47368421052631576,0.6153846153846154,0.0023234200743494425,0.9784378482269844,0.7776257670959024,0.5778772777120847,471.390243902439,108.8,0.010000005126995348,True
arm0,5,1,elkan-raw,2,0.3333333333333333,39,64,2,19263,0.9512195121951219,0.9966885703937497,0.9739540412944359,0.3786407766990291,0.5416666666666666,0.0035035292905353185,0.9784378482269844,0.7776257670959024,0.5778772777120847,471.390243902439,108.8,0.010000005126995348,True
arm0,5,1,elkan-raw,5,0.16666666666666666,40,143,1,19184,0.975609756097561,0.9926010244735345,0.9841053902855477,0.2185792349726776,0.35714285714285715,0.007577309031333196,0.9784378482269844,0.7776257670959024,0.5778772777120847,471.390243902439,108.8,0.010000005126995348,True
arm0,5,1,elkan-raw,10,0.09090909090909091,40,368,1,18959,0.975609756097561,0.9809592797640606,0.9782845179308108,0.09803921568627451,0.17817371937639198,0.019151846785225718,0.9784378482269844,0.7776257670959024,0.5778772777120847,471.390243902439,108.8,0.010000005126995348,True
arm0,5,1,elkan-raw,20,0.047619047619047616,40,15939,1,3388,0.975609756097561,0.1752988047808765,0.5754542804392188,0.0025032855623005196,0.004993757802746567,0.7921278602273292,0.9784378482269844,0.7776257670959024,0.5778772777120847,471.390243902439,108.8,0.010000005126995348,True
arm0,5,1,elkan-raw,50,0.0196078431372549,41,19326,0,1,1.0,5.17410875976613e-05,0.5000258705437989,0.002117003149687613,0.004225061830173124,0.9040557608644805,0.9784378482269844,0.7776257670959024,0.5778772777120847,471.390243902439,108.8,0.010000005126995348,True
arm0,5,1,elkan-raw,100,0.009900990099009901,41,19327,0,0,1.0,0.0,0.5,0.002116893845518381,0.004224844144469061,0.8249882614077774,0.9784378482269844,0.7776257670959024,0.5778772777120847,471.390243902439,108.8,0.010000005126995348,True
arm0,5,1,elkan-raw,200,0.004975124378109453,41,19327,0,0,1.0,0.0,0.5,0.002116893845518381,0.004224844144469061,0.7021106549932793,0.9784378482269844,0.7776257670959024,0.5778772777120847,471.390243902439,108.8,0.010000005126995348,True
arm0,5,1,elkan-cal,1,0.5,36,40,5,19287,0.8780487804878049,0.9979303564960935,0.9379895684919493,0.47368421052631576,0.6153846153846154,0.0023234200743494425,0.9784378482269844,0.7776257670959024,0.5778772777120847,471.390243902439,108.8,0.010000005126995348,True
arm0,5,1,elkan-cal,2,0.3333333333333333,36,40,5,19287,0.8780487804878049,0.9979303564960935,0.9379895684919493,0.47368421052631576,0.6153846153846154,0.002576124478334793,0.9784378482269844,0.7776257670959024,0.5778772777120847,471.390243902439,108.8,0.010000005126995348,True
arm0,5,1,elkan-cal,5,0.16666666666666666,36,41,5,19286,0.8780487804878049,0.9978786154084959,0.9379636979481504,0.4675324675324675,0.6101694915254238,0.003379070243702642,0.9784378482269844,0.7776257670959024,0.5778772777120847,471.390243902439,108.8,0.010000005126995348,True
arm0,5,1,elkan-cal,10,0.09090909090909091,36,41,5,19286,0.8780487804878049,0.9978786154084959,0.9379636979481504,0.4675324675324675,0.6101694915254238,0.004610629781628414,0.9784378482269844,0.7776257670959024,0.5778772777120847,471.390243902439,108.8,0.010000005126995348,True
arm0,5,1,elkan-cal,20,0.047619047619047616,36,41,5,19286,0.8780487804878049,0.9978786154084959,0.9379636979481504,0.4675324675324675,0.6101694915254238,0.006998560579738919,0.9784378482269844,0.7776257670959024,0.5778772777120847,471.390243902439,108.8,0.010000005126995348,True
arm0,5,1,elkan-cal,50,0.0196078431372549,36,41,5,19286,0.8780487804878049,0.9978786154084959,0.9379636979481504,0.4675324675324675,0.6101694915254238,0.013612761379052252,0.9784378482269844,0.7776257670959024,0.5778772777120847,471.390243902439,108.8,0.010000005126995348,True
arm0,5,1,elkan-cal,100,0.009900990099009901,36,41,5,19286,0.8780487804878049,0.9978786154084959,0.9379636979481504,0.4675324675324675,0.6101694915254238,0.02309301233619328,0.9784378482269844,0.7776257670959024,0.5778772777120847,471.390243902439,108.8,0.010000005126995348,True
arm0,5,1,elkan-cal,200,0.004975124378109453,36,41,5,19286,0.8780487804878049,0.9978786154084959,0.9379636979481504,0.4675324675324675,0.6101694915254238,0.037817415628292224,0.9784378482269844,0.7776257670959024,0.5778772777120847,471.390243902439,108.8,0.010000005126995348,True
arm0,5,1,val-cost,1,0.472040395100779,36,43,5,19284,0.8780487804878049,0.9977751332333006,0.9379119568605527,0.45569620253164556,0.6,0.0024783147459727386,0.9784378482269844,0.7776257670959024,0.5778772777120847,471.390243902439,108.8,0.010000005126995348,True
arm0,5,1,val-cost,2,0.472040395100779,36,43,5,19284,0.8780487804878049,0.9977751332333006,0.9379119568605527,0.45569620253164556,0.6,0.0027306919470348806,0.9784378482269844,0.7776257670959024,0.5778772777120847,471.390243902439,108.8,0.010000005126995348,True
arm0,5,1,val-cost,5,0.472040395100779,36,43,5,19284,0.8780487804878049,0.9977751332333006,0.9379119568605527,0.45569620253164556,0.6,0.003481466311693631,0.9784378482269844,0.7776257670959024,0.5778772777120847,471.390243902439,108.8,0.010000005126995348,True
arm0,5,1,val-cost,10,0.472040395100779,36,43,5,19284,0.8780487804878049,0.9977751332333006,0.9379119568605527,0.45569620253164556,0.6,0.004711962304301566,0.9784378482269844,0.7776257670959024,0.5778772777120847,471.390243902439,108.8,0.010000005126995348,True
arm0,5,1,val-cost,20,0.472040395100779,36,43,5,19284,0.8780487804878049,0.9977751332333006,0.9379119568605527,0.45569620253164556,0.6,0.007097830942572095,0.9784378482269844,0.7776257670959024,0.5778772777120847,471.390243902439,108.8,0.010000005126995348,True
arm0,5,1,val-cost,50,0.472040395100779,36,43,5,19284,0.8780487804878049,0.9977751332333006,0.9379119568605527,0.45569620253164556,0.6,0.013706319876502783,0.9784378482269844,0.7776257670959024,0.5778772777120847,471.390243902439,108.8,0.010000005126995348,True
arm0,5,1,val-cost,100,0.472040395100779,36,43,5,19284,0.8780487804878049,0.9977751332333006,0.9379119568605527,0.45569620253164556,0.6,0.023178383915994364,0.9784378482269844,0.7776257670959024,0.5778772777120847,471.390243902439,108.8,0.010000005126995348,True
arm0,5,1,val-cost,200,0.472040395100779,36,43,5,19284,0.8780487804878049,0.9977751332333006,0.9379119568605527,0.45569620253164556,0.6,0.03789007156609874,0.9784378482269844,0.7776257670959024,0.5778772777120847,471.390243902439,108.8,0.010000005126995348,True
arm0,5,1,oracle,1,0.8978298902511597,26,5,15,19322,0.6341463414634146,0.9997412945620117,0.8169438180127131,0.8387096774193549,0.7222222222222222,0.0010326311441553077,0.9784378482269844,0.7776257670959024,0.5778772777120847,471.390243902439,108.8,0.010000005126995348,True
arm0,5,1,oracle,2,0.7741816937923431,35,18,6,19309,0.8536585365853658,0.999068660423242,0.9263635985043039,0.660377358490566,0.7446808510638298,0.0015456746870008758,0.9784378482269844,0.7776257670959024,0.5778772777120847,471.390243902439,108.8,0.010000005126995348,True
arm0,5,1,oracle,5,0.7741816937923431,35,18,6,19309,0.8536585365853658,0.999068660423242,0.9263635985043039,0.660377358490566,0.7446808510638298,0.0024575056317837395,0.9784378482269844,0.7776257670959024,0.5778772777120847,471.390243902439,108.8,0.010000005126995348,True
arm0,5,1,oracle,10,0.3733069896697998,39,53,2,19274,0.9512195121951219,0.9972577223573239,0.974238617276223,0.42391304347826086,0.5864661654135338,0.003698637077570046,0.9784378482269844,0.7776257670959024,0.5778772777120847,471.390243902439,108.8,0.010000005126995348,True
arm0,5,1,oracle,20,0.30719591677188873,40,67,1,19260,0.975609756097561,0.9965333471309566,0.9860715516142589,0.37383177570093457,0.5405405405405406,0.004318260783243163,0.9784378482269844,0.7776257670959024,0.5778772777120847,471.390243902439,108.8,0.010000005126995348,True
arm0,5,1,oracle,50,0.30719591677188873,40,67,1,19260,0.975609756097561,0.9965333471309566,0.9860715516142589,0.37383177570093457,0.5405405405405406,0.005473172100856061,0.9784378482269844,0.7776257670959024,0.5778772777120847,471.390243902439,108.8,0.010000005126995348,True
arm0,5,1,oracle,100,0.30719591677188873,40,67,1,19260,0.975609756097561,0.9965333471309566,0.9860715516142589,0.37383177570093457,0.5405405405405406,0.007128526913390532,0.9784378482269844,0.7776257670959024,0.5778772777120847,471.390243902439,108.8,0.010000005126995348,True
arm0,5,1,oracle,200,0.30719591677188873,40,67,1,19260,0.975609756097561,0.9965333471309566,0.9860715516142589,0.37383177570093457,0.5405405405405406,0.009699567697170052,0.9784378482269844,0.7776257670959024,0.5778772777120847,471.390243902439,108.8,0.010000005126995348,True
arm0,5,2,0.5,1,0.5,36,20,5,19307,0.8780487804878049,0.9989651782480468,0.9385069793679258,0.6428571428571429,0.7422680412371134,0.0012907889301941346,0.9829809681136082,0.7535875481342212,0.6682247885240791,471.390243902439,108.8,0.01000000725571584,True
arm0,5,2,0.5,2,0.5,36,20,5,19307,0.8780487804878049,0.9989651782480468,0.9385069793679258,0.6428571428571429,0.7422680412371134,0.0015456746870008758,0.9829809681136082,0.7535875481342212,0.6682247885240791,471.390243902439,108.8,0.01000000725571584,True
arm0,5,2,0.5,5,0.5,36,20,5,19307,0.8780487804878049,0.9989651782480468,0.9385069793679258,0.6428571428571429,0.7422680412371134,0.0023039115297972556,0.9829809681136082,0.7535875481342212,0.6682247885240791,471.390243902439,108.8,0.01000000725571584,True
arm0,5,2,0.5,10,0.5,36,20,5,19307,0.8780487804878049,0.9989651782480468,0.9385069793679258,0.6428571428571429,0.7422680412371134,0.0035466382935603184,0.9829809681136082,0.7535875481342212,0.6682247885240791,471.390243902439,108.8,0.01000000725571584,True
arm0,5,2,0.5,20,0.5,36,20,5,19307,0.8780487804878049,0.9989651782480468,0.9385069793679258,0.6428571428571429,0.7422680412371134,0.005956221769990569,0.9829809681136082,0.7535875481342212,0.6682247885240791,471.390243902439,108.8,0.01000000725571584,True
arm0,5,2,0.5,50,0.5,36,20,5,19307,0.8780487804878049,0.9989651782480468,0.9385069793679258,0.6428571428571429,0.7422680412371134,0.012630397155821678,0.9829809681136082,0.7535875481342212,0.6682247885240791,471.390243902439,108.8,0.01000000725571584,True
arm0,5,2,0.5,100,0.5,36,20,5,19307,0.8780487804878049,0.9989651782480468,0.9385069793679258,0.6428571428571429,0.7422680412371134,0.022196610748281897,0.9829809681136082,0.7535875481342212,0.6682247885240791,471.390243902439,108.8,0.01000000725571584,True
arm0,5,2,0.5,200,0.5,36,20,5,19307,0.8780487804878049,0.9989651782480468,0.9385069793679258,0.6428571428571429,0.7422680412371134,0.037054528281323794,0.9829809681136082,0.7535875481342212,0.6682247885240791,471.390243902439,108.8,0.01000000725571584,True
arm0,5,2,val-Youden,1,0.3755163530271778,38,35,3,19292,0.926829268292683,0.9981890619340819,0.9625091651133824,0.5205479452054794,0.6666666666666666,0.001961999173895085,0.9829809681136082,0.7535875481342212,0.6682247885240791,471.390243902439,108.8,0.01000000725571584,True
arm0,5,2,val-Youden,2,0.3755163530271778,38,35,3,19292,0.926829268292683,0.9981890619340819,0.9625091651133824,0.5205479452054794,0.6666666666666666,0.0021124220722345305,0.9829809681136082,0.7535875481342212,0.6682247885240791,471.390243902439,108.8,0.01000000725571584,True
arm0,5,2,val-Youden,5,0.3755163530271778,38,35,3,19292,0.926829268292683,0.9981890619340819,0.9625091651133824,0.5205479452054794,0.6666666666666666,0.0025599016997747285,0.9829809681136082,0.7535875481342212,0.6682247885240791,471.390243902439,108.8,0.01000000725571584,True
arm0,5,2,val-Youden,10,0.3755163530271778,38,35,3,19292,0.926829268292683,0.9981890619340819,0.9625091651133824,0.5205479452054794,0.6666666666666666,0.0032933069868774385,0.9829809681136082,0.7535875481342212,0.6682247885240791,471.390243902439,108.8,0.01000000725571584,True
arm0,5,2,val-Youden,20,0.3755163530271778,38,35,3,19292,0.926829268292683,0.9981890619340819,0.9625091651133824,0.5205479452054794,0.6666666666666666,0.004715342234575867,0.9829809681136082,0.7535875481342212,0.6682247885240791,471.390243902439,108.8,0.01000000725571584,True
arm0,5,2,val-Youden,50,0.3755163530271778,38,35,3,19292,0.926829268292683,0.9981890619340819,0.9625091651133824,0.5205479452054794,0.6666666666666666,0.008654161014174112,0.9829809681136082,0.7535875481342212,0.6682247885240791,471.390243902439,108.8,0.01000000725571584,True
arm0,5,2,val-Youden,100,0.3755163530271778,38,35,3,19292,0.926829268292683,0.9981890619340819,0.9625091651133824,0.5205479452054794,0.6666666666666666,0.014299739616681607,0.9829809681136082,0.7535875481342212,0.6682247885240791,471.390243902439,108.8,0.01000000725571584,True
arm0,5,2,val-Youden,200,0.3755163530271778,38,35,3,19292,0.926829268292683,0.9981890619340819,0.9625091651133824,0.5205479452054794,0.6666666666666666,0.02306826025356922,0.9829809681136082,0.7535875481342212,0.6682247885240791,471.390243902439,108.8,0.01000000725571584,True
arm0,5,2,elkan-raw,1,0.5,36,20,5,19307,0.8780487804878049,0.9989651782480468,0.9385069793679258,0.6428571428571429,0.7422680412371134,0.0012907889301941346,0.9829809681136082,0.7535875481342212,0.6682247885240791,471.390243902439,108.8,0.01000000725571584,True
arm0,5,2,elkan-raw,2,0.3333333333333333,39,42,2,19285,0.9512195121951219,0.9978268743208982,0.9745231932580101,0.48148148148148145,0.639344262295082,0.0023700345200680095,0.9829809681136082,0.7535875481342212,0.6682247885240791,471.390243902439,108.8,0.01000000725571584,True
arm0,5,2,elkan-raw,5,0.16666666666666666,40,101,1,19226,0.975609756097561,0.9947741501526363,0.9851919531250986,0.28368794326241137,0.43956043956043955,0.005426991603522425,0.9829809681136082,0.7535875481342212,0.6682247885240791,471.390243902439,108.8,0.01000000725571584,True
arm0,5,2,elkan-raw,10,0.09090909090909091,40,273,1,19054,0.975609756097561,0.9858746830858385,0.9807422195916997,0.12779552715654952,0.22598870056497175,0.014338551958251,0.9829809681136082,0.7535875481342212,0.6682247885240791,471.390243902439,108.8,0.01000000725571584,True
arm0,5,2,elkan-raw,20,0.047619047619047616,40,11165,1,8162,0.975609756097561,0.42231075697211157,0.6989602565348363,0.0035698348951361,0.007113640405477503,0.5551695041445377,0.9829809681136082,0.7535875481342212,0.6682247885240791,471.390243902439,108.8,0.01000000725571584,True
arm0,5,2,elkan-raw,50,0.0196078431372549,41,19327,0,0,1.0,0.0,0.5,0.002116893845518381,0.004224844144469061,0.9041025401132058,0.9829809681136082,0.7535875481342212,0.6682247885240791,471.390243902439,108.8,0.01000000725571584,True
arm0,5,2,elkan-raw,100,0.009900990099009901,41,19327,0,0,1.0,0.0,0.5,0.002116893845518381,0.004224844144469061,0.8249882614077774,0.9829809681136082,0.7535875481342212,0.6682247885240791,471.390243902439,108.8,0.01000000725571584,True
arm0,5,2,elkan-raw,200,0.004975124378109453,41,19327,0,0,1.0,0.0,0.5,0.002116893845518381,0.004224844144469061,0.7021106549932793,0.9829809681136082,0.7535875481342212,0.6682247885240791,471.390243902439,108.8,0.01000000725571584,True
arm0,5,2,elkan-cal,1,0.5,36,20,5,19307,0.8780487804878049,0.9989651782480468,0.9385069793679258,0.6428571428571429,0.7422680412371134,0.0012907889301941346,0.9829809681136082,0.7535875481342212,0.6682247885240791,471.390243902439,108.8,0.01000000725571584,True
arm0,5,2,elkan-cal,2,0.3333333333333333,36,20,5,19307,0.8780487804878049,0.9989651782480468,0.9385069793679258,0.6428571428571429,0.7422680412371134,0.0015456746870008758,0.9829809681136082,0.7535875481342212,0.6682247885240791,471.390243902439,108.8,0.01000000725571584,True
arm0,5,2,elkan-cal,5,0.16666666666666666,36,20,5,19307,0.8780487804878049,0.9989651782480468,0.9385069793679258,0.6428571428571429,0.7422680412371134,0.0023039115297972556,0.9829809681136082,0.7535875481342212,0.6682247885240791,471.390243902439,108.8,0.01000000725571584,True
arm0,5,2,elkan-cal,10,0.09090909090909091,36,21,5,19306,0.8780487804878049,0.9989134371604491,0.9384811088241269,0.631578947368421,0.7346938775510204,0.003597304554896894,0.9829809681136082,0.7535875481342212,0.6682247885240791,471.390243902439,108.8,0.01000000725571584,True
arm0,5,2,elkan-cal,20,0.047619047619047616,36,21,5,19306,0.8780487804878049,0.9989134371604491,0.9384811088241269,0.631578947368421,0.7346938775510204,0.0060058569514071574,0.9829809681136082,0.7535875481342212,0.6682247885240791,471.390243902439,108.8,0.01000000725571584,True
arm0,5,2,elkan-cal,50,0.0196078431372549,36,21,5,19306,0.8780487804878049,0.9989134371604491,0.9384811088241269,0.631578947368421,0.7346938775510204,0.012677176404546943,0.9829809681136082,0.7535875481342212,0.6682247885240791,471.390243902439,108.8,0.01000000725571584,True
arm0,5,2,elkan-cal,100,0.009900990099009901,36,21,5,19306,0.8780487804878049,0.9989134371604491,0.9384811088241269,0.631578947368421,0.7346938775510204,0.022239296538182438,0.9829809681136082,0.7535875481342212,0.6682247885240791,471.390243902439,108.8,0.01000000725571584,True
arm0,5,2,elkan-cal,200,0.004975124378109453,36,23,5,19304,0.8780487804878049,0.9988099549852538,0.9384293677365294,0.6101694915254238,0.72,0.037163512188033564,0.9829809681136082,0.7535875481342212,0.6682247885240791,471.390243902439,108.8,0.01000000725571584,True
arm0,5,2,val-cost,1,0.4168987920916767,37,30,4,19297,0.9024390243902439,0.9984477673720702,0.9504433958811571,0.5522388059701493,0.6851851851851852,0.001755472945064023,0.9829809681136082,0.7535875481342212,0.6682247885240791,471.390243902439,108.8,0.01000000725571584,True
arm0,5,2,val-cost,2,0.4168987920916767,37,30,4,19297,0.9024390243902439,0.9984477673720702,0.9504433958811571,0.5522388059701493,0.6851851851851852,0.0019578546035344427,0.9829809681136082,0.7535875481342212,0.6682247885240791,471.390243902439,108.8,0.01000000725571584,True
arm0,5,2,val-cost,5,0.4168987920916767,37,30,4,19297,0.9024390243902439,0.9984477673720702,0.9504433958811571,0.5522388059701493,0.6851851851851852,0.0025599016997747285,0.9829809681136082,0.7535875481342212,0.6682247885240791,471.390243902439,108.8,0.01000000725571584,True
arm0,5,2,val-cost,10,0.4168987920916767,37,30,4,19297,0.9024390243902439,0.9984477673720702,0.9504433958811571,0.5522388059701493,0.6851851851851852,0.0035466382935603184,0.9829809681136082,0.7535875481342212,0.6682247885240791,471.390243902439,108.8,0.01000000725571584,True
arm0,5,2,val-cost,20,0.4168987920916767,37,30,4,19297,0.9024390243902439,0.9984477673720702,0.9504433958811571,0.5522388059701493,0.6851851851851852,0.0054598699558246885,0.9829809681136082,0.7535875481342212,0.6682247885240791,471.390243902439,108.8,0.01000000725571584,True
arm0,5,2,val-cost,50,0.4168987920916767,37,30,4,19297,0.9024390243902439,0.9984477673720702,0.9504433958811571,0.5522388059701493,0.6851851851851852,0.01075922720681106,0.9829809681136082,0.7535875481342212,0.6682247885240791,471.390243902439,108.8,0.01000000725571584,True
arm0,5,2,val-cost,100,0.4168987920916767,37,30,4,19297,0.9024390243902439,0.9984477673720702,0.9504433958811571,0.5522388059701493,0.6851851851851852,0.018354889657233107,0.9829809681136082,0.7535875481342212,0.6682247885240791,471.390243902439,108.8,0.01000000725571584,True
arm0,5,2,val-cost,200,0.4168987920916767,37,30,4,19297,0.9024390243902439,0.9984477673720702,0.9504433958811571,0.5522388059701493,0.6851851851851852,0.030152214189704655,0.9829809681136082,0.7535875481342212,0.6682247885240791,471.390243902439,108.8,0.01000000725571584,True
arm0,5,2,oracle,1,0.6111258268356323,35,17,6,19310,0.8536585365853658,0.9991204015108398,0.9263894690481028,0.6730769230769231,0.7526881720430108,0.0011875258157786038,0.9829809681136082,0.7535875481342212,0.6682247885240791,471.390243902439,108.8,0.01000000725571584,True
arm0,5,2,oracle,2,0.5609760284423828,36,19,5,19308,0.8780487804878049,0.9990169193356444,0.9385328499117247,0.6545454545454545,0.75,0.00149415219743418,0.9829809681136082,0.7535875481342212,0.6682247885240791,471.390243902439,108.8,0.01000000725571584,True
arm0,5,2,oracle,5,0.5609760284423828,36,19,5,19308,0.8780487804878049,0.9990169193356444,0.9385328499117247,0.6545454545454545,0.75,0.002252713495801761,0.9829809681136082,0.7535875481342212,0.6682247885240791,471.390243902439,108.8,0.01000000725571584,True
arm0,5,2,oracle,10,0.4091591238975525,38,30,3,19297,0.926829268292683,0.9984477673720702,0.9626385178323766,0.5588235294117647,0.6972477064220184,0.0030399756801945585,0.9829809681136082,0.7535875481342212,0.6682247885240791,471.390243902439,108.8,0.01000000725571584,True
arm0,5,2,oracle,20,0.2465370073914528,40,59,1,19268,0.975609756097561,0.996947275831738,0.9862785159646494,0.40404040404040403,0.5714285714285714,0.003921179331910458,0.9829809681136082,0.7535875481342212,0.6682247885240791,471.390243902439,108.8,0.01000000725571584,True
arm0,5,2,oracle,50,0.2465370073914528,40,59,1,19268,0.975609756097561,0.996947275831738,0.9862785159646494,0.40404040404040403,0.5714285714285714,0.005098938111053937,0.9829809681136082,0.7535875481342212,0.6682247885240791,471.390243902439,108.8,0.01000000725571584,True
arm0,5,2,oracle,100,0.2465370073914528,40,59,1,19268,0.975609756097561,0.996947275831738,0.9862785159646494,0.40404040404040403,0.5714285714285714,0.006787040594186195,0.9829809681136082,0.7535875481342212,0.6682247885240791,471.390243902439,108.8,0.01000000725571584,True
arm0,5,2,oracle,200,0.2465370073914528,40,59,1,19268,0.975609756097561,0.996947275831738,0.9862785159646494,0.40404040404040403,0.5714285714285714,0.009408943945943982,0.9829809681136082,0.7535875481342212,0.6682247885240791,471.390243902439,108.8,0.01000000725571584,True
arm0,5,3,0.5,1,0.5,39,44,2,19283,0.9512195121951219,0.9977233921457029,0.9744714521704124,0.46987951807228917,0.6290322580645161,0.0023750516315572076,0.9814085438417379,0.7305849857464426,0.6385153084210514,471.390243902439,108.8,0.010000004265045844,True
arm0,5,3,0.5,2,0.5,39,44,2,19283,0.9512195121951219,0.9977233921457029,0.9744714521704124,0.46987951807228917,0.6290322580645161,0.0024730794992014016,0.9814085438417379,0.7305849857464426,0.6385153084210514,471.390243902439,108.8,0.010000004265045844,True
arm0,5,3,0.5,5,0.5,39,44,2,19283,0.9512195121951219,0.9977233921457029,0.9744714521704124,0.46987951807228917,0.6290322580645161,0.002764693835756707,0.9814085438417379,0.7305849857464426,0.6385153084210514,471.390243902439,108.8,0.010000004265045844,True
arm0,5,3,0.5,10,0.5,39,44,2,19283,0.9512195121951219,0.9977233921457029,0.9744714521704124,0.46987951807228917,0.6290322580645161,0.0032426407255408624,0.9814085438417379,0.7305849857464426,0.6385153084210514,471.390243902439,108.8,0.010000004265045844,True
arm0,5,3,0.5,20,0.5,39,44,2,19283,0.9512195121951219,0.9977233921457029,0.9744714521704124,0.46987951807228917,0.6290322580645161,0.0041693552389933984,0.9814085438417379,0.7305849857464426,0.6385153084210514,471.390243902439,108.8,0.010000004265045844,True
arm0,5,3,0.5,50,0.5,39,44,2,19283,0.9512195121951219,0.9977233921457029,0.9744714521704124,0.46987951807228917,0.6290322580645161,0.006736211816438228,0.9814085438417379,0.7305849857464426,0.6385153084210514,471.390243902439,108.8,0.010000004265045844,True
arm0,5,3,0.5,100,0.5,39,44,2,19283,0.9512195121951219,0.9977233921457029,0.9744714521704124,0.46987951807228917,0.6290322580645161,0.010415332735732275,0.9814085438417379,0.7305849857464426,0.6385153084210514,471.390243902439,108.8,0.010000004265045844,True
arm0,5,3,0.5,200,0.5,39,44,2,19283,0.9512195121951219,0.9977233921457029,0.9744714521704124,0.46987951807228917,0.6290322580645161,0.016129618193046827,0.9814085438417379,0.7305849857464426,0.6385153084210514,471.390243902439,108.8,0.010000004265045844,True
arm0,5,3,val-Youden,1,0.40713906866219346,40,56,1,19271,0.975609756097561,0.997102499094531,0.986356127596046,0.4166666666666667,0.583941605839416,0.002942998760842627,0.9814085438417379,0.7305849857464426,0.6385153084210514,471.390243902439,108.8,0.010000004265045844,True
arm0,5,3,val-Youden,2,0.40713906866219346,40,56,1,19271,0.975609756097561,0.997102499094531,0.986356127596046,0.4166666666666667,0.583941605839416,0.00298830439486836,0.9814085438417379,0.7305849857464426,0.6385153084210514,471.390243902439,108.8,0.010000004265045844,True
arm0,5,3,val-Youden,5,0.40713906866219346,40,56,1,19271,0.975609756097561,0.997102499094531,0.986356127596046,0.4166666666666667,0.583941605839416,0.003123080073725169,0.9814085438417379,0.7305849857464426,0.6385153084210514,471.390243902439,108.8,0.010000004265045844,True
arm0,5,3,val-Youden,10,0.40713906866219346,40,56,1,19271,0.975609756097561,0.997102499094531,0.986356127596046,0.4166666666666667,0.583941605839416,0.003343973248214014,0.9814085438417379,0.7305849857464426,0.6385153084210514,471.390243902439,108.8,0.010000004265045844,True
arm0,5,3,val-Youden,20,0.40713906866219346,40,56,1,19271,0.975609756097561,0.997102499094531,0.986356127596046,0.4166666666666667,0.583941605839416,0.003772273787660694,0.9814085438417379,0.7305849857464426,0.6385153084210514,471.390243902439,108.8,0.010000004265045844,True
arm0,5,3,val-Youden,50,0.40713906866219346,40,56,1,19271,0.975609756097561,0.997102499094531,0.986356127596046,0.4166666666666667,0.583941605839416,0.00495860036487814,0.9814085438417379,0.7305849857464426,0.6385153084210514,471.390243902439,108.8,0.010000004265045844,True
arm0,5,3,val-Youden,100,0.40713906866219346,40,56,1,19271,0.975609756097561,0.997102499094531,0.986356127596046,0.4166666666666667,0.583941605839416,0.006658983224484569,0.9814085438417379,0.7305849857464426,0.6385153084210514,471.390243902439,108.8,0.010000004265045844,True
arm0,5,3,val-Youden,200,0.40713906866219346,40,56,1,19271,0.975609756097561,0.997102499094531,0.986356127596046,0.4166666666666667,0.583941605839416,0.009299960039234206,0.9814085438417379,0.7305849857464426,0.6385153084210514,471.390243902439,108.8,0.010000004265045844,True
arm0,5,3,elkan-raw,1,0.5,39,44,2,19283,0.9512195121951219,0.9977233921457029,0.9744714521704124,0.46987951807228917,0.6290322580645161,0.0023750516315572076,0.9814085438417379,0.7305849857464426,0.6385153084210514,471.390243902439,108.8,0.010000004265045844,True
arm0,5,3,elkan-raw,2,0.3333333333333333,40,69,1,19258,0.975609756097561,0.9964298649557614,0.9860198105266611,0.3669724770642202,0.5333333333333333,0.0036580967592354063,0.9814085438417379,0.7305849857464426,0.6385153084210514,471.390243902439,108.8,0.010000004265045844,True
arm0,5,3,elkan-raw,5,0.16666666666666666,40,211,1,19116,0.975609756097561,0.9890826305168935,0.9823461933072273,0.1593625498007968,0.273972602739726,0.011058775343026827,0.9814085438417379,0.7305849857464426,0.6385153084210514,471.390243902439,108.8,0.010000004265045844,True
arm0,5,3,elkan-raw,10,0.09090909090909091,40,573,1,18754,0.975609756097561,0.9703523568065401,0.9729810564520505,0.06525285481239804,0.12232415902140673,0.029538430359223794,0.9814085438417379,0.7305849857464426,0.6385153084210514,471.390243902439,108.8,0.010000004265045844,True
arm0,5,3,elkan-raw,20,0.047619047619047616,41,16642,0,2685,1.0,0.1389248201997206,0.5694624100998603,0.0024575915602709345,0.004903133221717293,0.8260286891348588,0.9814085438417379,0.7305849857464426,0.6385153084210514,471.390243902439,108.8,0.010000004265045844,True
arm0,5,3,elkan-raw,50,0.0196078431372549,41,19327,0,0,1.0,0.0,0.5,0.002116893845518381,0.004224844144469061,0.9041025401132058,0.9814085438417379,0.7305849857464426,0.6385153084210514,471.390243902439,108.8,0.010000004265045844,True
arm0,5,3,elkan-raw,100,0.009900990099009901,41,19327,0,0,1.0,0.0,0.5,0.002116893845518381,0.004224844144469061,0.8249882614077774,0.9814085438417379,0.7305849857464426,0.6385153084210514,471.390243902439,108.8,0.010000004265045844,True
arm0,5,3,elkan-raw,200,0.004975124378109453,41,19327,0,0,1.0,0.0,0.5,0.002116893845518381,0.004224844144469061,0.7021106549932793,0.9814085438417379,0.7305849857464426,0.6385153084210514,471.390243902439,108.8,0.010000004265045844,True
arm0,5,3,elkan-cal,1,0.5,39,44,2,19283,0.9512195121951219,0.9977233921457029,0.9744714521704124,0.46987951807228917,0.6290322580645161,0.0023750516315572076,0.9814085438417379,0.7305849857464426,0.6385153084210514,471.390243902439,108.8,0.010000004265045844,True
arm0,5,3,elkan-cal,2,0.3333333333333333,39,44,2,19283,0.9512195121951219,0.9977233921457029,0.9744714521704124,0.46987951807228917,0.6290322580645161,0.0024730794992014016,0.9814085438417379,0.7305849857464426,0.6385153084210514,471.390243902439,108.8,0.010000004265045844,True
arm0,5,3,elkan-cal,5,0.16666666666666666,39,44,2,19283,0.9512195121951219,0.9977233921457029,0.9744714521704124,0.46987951807228917,0.6290322580645161,0.002764693835756707,0.9814085438417379,0.7305849857464426,0.6385153084210514,471.390243902439,108.8,0.010000004265045844,True
arm0,5,3,elkan-cal,10,0.09090909090909091,39,44,2,19283,0.9512195121951219,0.9977233921457029,0.9744714521704124,0.46987951807228917,0.6290322580645161,0.0032426407255408624,0.9814085438417379,0.7305849857464426,0.6385153084210514,471.390243902439,108.8,0.010000004265045844,True
arm0,5,3,elkan-cal,20,0.047619047619047616,39,44,2,19283,0.9512195121951219,0.9977233921457029,0.9744714521704124,0.46987951807228917,0.6290322580645161,0.0041693552389933984,0.9814085438417379,0.7305849857464426,0.6385153084210514,471.390243902439,108.8,0.010000004265045844,True
arm0,5,3,elkan-cal,50,0.0196078431372549,39,45,2,19282,0.9512195121951219,0.9976716510581053,0.9744455816266135,0.4642857142857143,0.624,0.006782991065163494,0.9814085438417379,0.7305849857464426,0.6385153084210514,471.390243902439,108.8,0.010000004265045844,True
arm0,5,3,elkan-cal,100,0.009900990099009901,39,46,2,19281,0.9512195121951219,0.9976199099705075,0.9744197110828148,0.4588235294117647,0.6190476190476191,0.01050070431553336,0.9814085438417379,0.7305849857464426,0.6385153084210514,471.390243902439,108.8,0.010000004265045844,True
arm0,5,3,elkan-cal,200,0.004975124378109453,39,47,2,19280,0.9512195121951219,0.9975681688829099,0.9743938405390159,0.45348837209302323,0.6141732283464567,0.016238602099756604,0.9814085438417379,0.7305849857464426,0.6385153084210514,471.390243902439,108.8,0.010000004265045844,True
arm0,5,3,val-cost,1,0.4147788772191081,40,53,1,19274,0.975609756097561,0.9972577223573239,0.9864337392274425,0.43010752688172044,0.5970149253731343,0.0027881040892193307,0.9814085438417379,0.7305849857464426,0.6385153084210514,471.390243902439,108.8,0.010000004265045844,True
arm0,5,3,val-cost,2,0.4147788772191081,40,53,1,19274,0.975609756097561,0.9972577223573239,0.9864337392274425,0.43010752688172044,0.5970149253731343,0.0028337369261682726,0.9814085438417379,0.7305849857464426,0.6385153084210514,471.390243902439,108.8,0.010000004265045844,True
arm0,5,3,val-cost,5,0.4147788772191081,40,53,1,19274,0.975609756097561,0.9972577223573239,0.9864337392274425,0.43010752688172044,0.5970149253731343,0.002969485971738685,0.9814085438417379,0.7305849857464426,0.6385153084210514,471.390243902439,108.8,0.010000004265045844,True
arm0,5,3,val-cost,10,0.4147788772191081,40,53,1,19274,0.975609756097561,0.9972577223573239,0.9864337392274425,0.43010752688172044,0.5970149253731343,0.0031919744642042863,0.9814085438417379,0.7305849857464426,0.6385153084210514,471.390243902439,108.8,0.010000004265045844,True
arm0,5,3,val-cost,20,0.4147788772191081,40,53,1,19274,0.975609756097561,0.9972577223573239,0.9864337392274425,0.43010752688172044,0.5970149253731343,0.0036233682434109295,0.9814085438417379,0.7305849857464426,0.6385153084210514,471.390243902439,108.8,0.010000004265045844,True
arm0,5,3,val-cost,50,0.4147788772191081,40,53,1,19274,0.975609756097561,0.9972577223573239,0.9864337392274425,0.43010752688172044,0.5970149253731343,0.004818262618702344,0.9814085438417379,0.7305849857464426,0.6385153084210514,471.390243902439,108.8,0.010000004265045844,True
arm0,5,3,val-cost,100,0.4147788772191081,40,53,1,19274,0.975609756097561,0.9972577223573239,0.9864337392274425,0.43010752688172044,0.5970149253731343,0.006530925854782943,0.9814085438417379,0.7305849857464426,0.6385153084210514,471.390243902439,108.8,0.010000004265045844,True
arm0,5,3,val-cost,200,0.4147788772191081,40,53,1,19274,0.975609756097561,0.9972577223573239,0.9864337392274425,0.43010752688172044,0.5970149253731343,0.00919097613252443,0.9814085438417379,0.7305849857464426,0.6385153084210514,471.390243902439,108.8,0.010000004265045844,True
arm0,5,3,oracle,1,0.9372002184391022,23,7,18,19320,0.5609756097560976,0.9996378123868164,0.780306711071457,0.7666666666666667,0.647887323943662,0.0012907889301941346,0.9814085438417379,0.7305849857464426,0.6385153084210514,471.390243902439,108.8,0.010000004265045844,True
arm0,5,3,oracle,2,0.7419034838676453,35,22,6,19305,0.8536585365853658,0.9988616960728515,0.9262601163291087,0.6140350877192983,0.7142857142857143,0.0017517646452676592,0.9814085438417379,0.7305849857464426,0.6385153084210514,471.390243902439,108.8,0.010000004265045844,True
arm0,5,3,oracle,5,0.6626598536968231,37,27,4,19300,0.9024390243902439,0.9986029906348631,0.9505210075125535,0.578125,0.7047619047619048,0.002406307597788245,0.9814085438417379,0.7305849857464426,0.6385153084210514,471.390243902439,108.8,0.010000004265045844,True
arm0,5,3,oracle,10,0.4253891110420227,40,52,1,19275,0.975609756097561,0.9973094634449217,0.9864596097712413,0.43478260869565216,0.6015037593984962,0.0031413082028677103,0.9814085438417379,0.7305849857464426,0.6385153084210514,471.390243902439,108.8,0.010000004265045844,True
arm0,5,3,oracle,20,0.4253891110420227,40,52,1,19275,0.975609756097561,0.9973094634449217,0.9864596097712413,0.43478260869565216,0.6015037593984962,0.0035737330619943415,0.9814085438417379,0.7305849857464426,0.6385153084210514,471.390243902439,108.8,0.010000004265045844,True
arm0,5,3,oracle,50,0.4253891110420227,40,52,1,19275,0.975609756097561,0.9973094634449217,0.9864596097712413,0.43478260869565216,0.6015037593984962,0.0047714833699770785,0.9814085438417379,0.7305849857464426,0.6385153084210514,471.390243902439,108.8,0.010000004265045844,True
arm0,5,3,oracle,100,0.4253891110420227,40,52,1,19275,0.975609756097561,0.9973094634449217,0.9864596097712413,0.43478260869565216,0.6015037593984962,0.006488240064882401,0.9814085438417379,0.7305849857464426,0.6385153084210514,471.390243902439,108.8,0.010000004265045844,True
arm0,5,3,oracle,200,0.4253891110420227,40,52,1,19275,0.975609756097561,0.9973094634449217,0.9864596097712413,0.43478260869565216,0.6015037593984962,0.009154648163621172,0.9814085438417379,0.7305849857464426,0.6385153084210514,471.390243902439,108.8,0.010000004265045844,True
arm0,5,4,0.5,1,0.5,38,47,3,19280,0.926829268292683,0.9975681688829099,0.9621987185877965,0.4470588235294118,0.6031746031746031,0.002581577860388269,0.9811195509378388,0.7065444331934058,0.6343684495467606,471.390243902439,108.8,0.010000005500860139,True
arm0,5,4,0.5,2,0.5,38,47,3,19280,0.926829268292683,0.9975681688829099,0.9621987185877965,0.4470588235294118,0.6031746031746031,0.0027306919470348806,0.9811195509378388,0.7065444331934058,0.6343684495467606,471.390243902439,108.8,0.010000005500860139,True
arm0,5,4,0.5,5,0.5,38,47,3,19280,0.926829268292683,0.9975681688829099,0.9621987185877965,0.4470588235294118,0.6031746031746031,0.0031742781077206635,0.9811195509378388,0.7065444331934058,0.6343684495467606,471.390243902439,108.8,0.010000005500860139,True
arm0,5,4,0.5,10,0.5,38,47,3,19280,0.926829268292683,0.9975681688829099,0.9621987185877965,0.4470588235294118,0.6031746031746031,0.00390130212291635,0.9811195509378388,0.7065444331934058,0.6343684495467606,471.390243902439,108.8,0.010000005500860139,True
arm0,5,4,0.5,20,0.5,38,47,3,19280,0.926829268292683,0.9975681688829099,0.9621987185877965,0.4470588235294118,0.6031746031746031,0.005310964411574924,0.9811195509378388,0.7065444331934058,0.6343684495467606,471.390243902439,108.8,0.010000005500860139,True
arm0,5,4,0.5,50,0.5,38,47,3,19280,0.926829268292683,0.9975681688829099,0.9621987185877965,0.4470588235294118,0.6031746031746031,0.009215511998877298,0.9811195509378388,0.7065444331934058,0.6343684495467606,471.390243902439,108.8,0.010000005500860139,True
arm0,5,4,0.5,100,0.5,38,47,3,19280,0.926829268292683,0.9975681688829099,0.9621987185877965,0.4470588235294118,0.6031746031746031,0.014811969095488112,0.9811195509378388,0.7065444331934058,0.6343684495467606,471.390243902439,108.8,0.010000005500860139,True
arm0,5,4,0.5,200,0.5,38,47,3,19280,0.926829268292683,0.9975681688829099,0.9621987185877965,0.4470588235294118,0.6031746031746031,0.023504195880408325,0.9811195509378388,0.7065444331934058,0.6343684495467606,471.390243902439,108.8,0.010000005500860139,True
arm0,5,4,val-Youden,1,0.4229670819334377,39,54,2,19273,0.9512195121951219,0.9972059812697263,0.9742127467324241,0.41935483870967744,0.582089552238806,0.0028913672036348617,0.9811195509378388,0.7065444331934058,0.6343684495467606,471.390243902439,108.8,0.010000005500860139,True
arm0,5,4,val-Youden,2,0.4229670819334377,39,54,2,19273,0.9512195121951219,0.9972059812697263,0.9742127467324241,0.41935483870967744,0.582089552238806,0.00298830439486836,0.9811195509378388,0.7065444331934058,0.6343684495467606,471.390243902439,108.8,0.010000005500860139,True
arm0,5,4,val-Youden,5,0.4229670819334377,39,54,2,19273,0.9512195121951219,0.9972059812697263,0.9742127467324241,0.41935483870967744,0.582089552238806,0.0032766741757116525,0.9811195509378388,0.7065444331934058,0.6343684495467606,471.390243902439,108.8,0.010000005500860139,True
arm0,5,4,val-Youden,10,0.4229670819334377,39,54,2,19273,0.9512195121951219,0.9972059812697263,0.9742127467324241,0.41935483870967744,0.582089552238806,0.0037493033389066222,0.9811195509378388,0.7065444331934058,0.6343684495467606,471.390243902439,108.8,0.010000005500860139,True
arm0,5,4,val-Youden,20,0.4229670819334377,39,54,2,19273,0.9512195121951219,0.9972059812697263,0.9742127467324241,0.41935483870967744,0.582089552238806,0.004665707053159279,0.9811195509378388,0.7065444331934058,0.6343684495467606,471.390243902439,108.8,0.010000005500860139,True
arm0,5,4,val-Youden,50,0.4229670819334377,39,54,2,19273,0.9512195121951219,0.9972059812697263,0.9742127467324241,0.41935483870967744,0.582089552238806,0.007204004303690882,0.9811195509378388,0.7065444331934058,0.6343684495467606,471.390243902439,108.8,0.010000005500860139,True
arm0,5,4,val-Youden,100,0.4229670819334377,39,54,2,19273,0.9512195121951219,0.9972059812697263,0.9742127467324241,0.41935483870967744,0.582089552238806,0.010842190634737696,0.9811195509378388,0.7065444331934058,0.6343684495467606,471.390243902439,108.8,0.010000005500860139,True
arm0,5,4,val-Youden,200,0.4229670819334377,39,54,2,19273,0.9512195121951219,0.9972059812697263,0.9742127467324241,0.41935483870967744,0.582089552238806,0.016492897882079412,0.9811195509378388,0.7065444331934058,0.6343684495467606,471.390243902439,108.8,0.010000005500860139,True
arm0,5,4,elkan-raw,1,0.5,38,47,3,19280,0.926829268292683,0.9975681688829099,0.9621987185877965,0.4470588235294118,0.6031746031746031,0.002581577860388269,0.9811195509378388,0.7065444331934058,0.6343684495467606,471.390243902439,108.8,0.010000005500860139,True
arm0,5,4,elkan-raw,2,0.3333333333333333,39,73,2,19254,0.9512195121951219,0.9962229006053708,0.9737212064002463,0.3482142857142857,0.5098039215686274,0.003967231696635582,0.9811195509378388,0.7065444331934058,0.6343684495467606,471.390243902439,108.8,0.010000005500860139,True
arm0,5,4,elkan-raw,5,0.16666666666666666,40,150,1,19177,0.975609756097561,0.9922388368603509,0.9839242964789559,0.21052631578947367,0.3463203463203463,0.007935695269301659,0.9811195509378388,0.7065444331934058,0.6343684495467606,471.390243902439,108.8,0.010000005500860139,True
arm0,5,4,elkan-raw,10,0.09090909090909091,40,381,1,18946,0.975609756097561,0.980286645625291,0.977948200861426,0.09501187648456057,0.17316017316017315,0.019810508182601206,0.9811195509378388,0.7065444331934058,0.6343684495467606,471.390243902439,108.8,0.010000005500860139,True
arm0,5,4,elkan-raw,20,0.047619047619047616,40,13418,1,5909,0.975609756097561,0.30573808661458063,0.6406739213560708,0.002972209838014564,0.005926364915919698,0.6669975678761106,0.9811195509378388,0.7065444331934058,0.6343684495467606,471.390243902439,108.8,0.010000005500860139,True
arm0,5,4,elkan-raw,50,0.0196078431372549,41,19323,0,4,1.0,0.0002069643503906452,0.5001034821751953,0.0021173311299318323,0.004225715021901571,0.9039154231183048,0.9811195509378388,0.7065444331934058,0.6343684495467606,471.390243902439,108.8,0.010000005500860139,True
arm0,5,4,elkan-raw,100,0.009900990099009901,41,19327,0,0,1.0,0.0,0.5,0.002116893845518381,0.004224844144469061,0.8249882614077774,0.9811195509378388,0.7065444331934058,0.6343684495467606,471.390243902439,108.8,0.010000005500860139,True
arm0,5,4,elkan-raw,200,0.004975124378109453,41,19327,0,0,1.0,0.0,0.5,0.002116893845518381,0.004224844144469061,0.7021106549932793,0.9811195509378388,0.7065444331934058,0.6343684495467606,471.390243902439,108.8,0.010000005500860139,True
arm0,5,4,elkan-cal,1,0.5,38,47,3,19280,0.926829268292683,0.9975681688829099,0.9621987185877965,0.4470588235294118,0.6031746031746031,0.002581577860388269,0.9811195509378388,0.7065444331934058,0.6343684495467606,471.390243902439,108.8,0.010000005500860139,True
arm0,5,4,elkan-cal,2,0.3333333333333333,38,47,3,19280,0.926829268292683,0.9975681688829099,0.9621987185877965,0.4470588235294118,0.6031746031746031,0.0027306919470348806,0.9811195509378388,0.7065444331934058,0.6343684495467606,471.390243902439,108.8,0.010000005500860139,True
arm0,5,4,elkan-cal,5,0.16666666666666666,38,47,3,19280,0.926829268292683,0.9975681688829099,0.9621987185877965,0.4470588235294118,0.6031746031746031,0.0031742781077206635,0.9811195509378388,0.7065444331934058,0.6343684495467606,471.390243902439,108.8,0.010000005500860139,True
arm0,5,4,elkan-cal,10,0.09090909090909091,38,47,3,19280,0.926829268292683,0.9975681688829099,0.9621987185877965,0.4470588235294118,0.6031746031746031,0.00390130212291635,0.9811195509378388,0.7065444331934058,0.6343684495467606,471.390243902439,108.8,0.010000005500860139,True
arm0,5,4,elkan-cal,20,0.047619047619047616,38,47,3,19280,0.926829268292683,0.9975681688829099,0.9621987185877965,0.4470588235294118,0.6031746031746031,0.005310964411574924,0.9811195509378388,0.7065444331934058,0.6343684495467606,471.390243902439,108.8,0.010000005500860139,True
arm0,5,4,elkan-cal,50,0.0196078431372549,38,47,3,19280,0.926829268292683,0.9975681688829099,0.9621987185877965,0.4470588235294118,0.6031746031746031,0.009215511998877298,0.9811195509378388,0.7065444331934058,0.6343684495467606,471.390243902439,108.8,0.010000005500860139,True
arm0,5,4,elkan-cal,100,0.009900990099009901,38,48,3,19279,0.926829268292683,0.9975164277953122,0.9621728480439976,0.4418604651162791,0.5984251968503937,0.014854654885388655,0.9811195509378388,0.7065444331934058,0.6343684495467606,471.390243902439,108.8,0.010000005500860139,True
arm0,5,4,elkan-cal,200,0.004975124378109453,38,48,3,19279,0.926829268292683,0.9975164277953122,0.9621728480439976,0.4418604651162791,0.5984251968503937,0.023540523849311584,0.9811195509378388,0.7065444331934058,0.6343684495467606,471.390243902439,108.8,0.010000005500860139,True
arm0,5,4,val-cost,1,0.44380259772915887,39,51,2,19276,0.9512195121951219,0.9973612045325193,0.9742903583638206,0.43333333333333335,0.5954198473282443,0.0027364725320115657,0.9811195509378388,0.7065444331934058,0.6343684495467606,471.390243902439,108.8,0.010000005500860139,True
arm0,5,4,val-cost,2,0.44380259772915887,39,51,2,19276,0.9512195121951219,0.9973612045325193,0.9742903583638206,0.43333333333333335,0.5954198473282443,0.0028337369261682726,0.9811195509378388,0.7065444331934058,0.6343684495467606,471.390243902439,108.8,0.010000005500860139,True
arm0,5,4,val-cost,5,0.44380259772915887,39,51,2,19276,0.9512195121951219,0.9973612045325193,0.9742903583638206,0.43333333333333335,0.5954198473282443,0.003123080073725169,0.9811195509378388,0.7065444331934058,0.6343684495467606,471.390243902439,108.8,0.010000005500860139,True
arm0,5,4,val-cost,10,0.44380259772915887,39,51,2,19276,0.9512195121951219,0.9973612045325193,0.9742903583638206,0.43333333333333335,0.5954198473282443,0.003597304554896894,0.9811195509378388,0.7065444331934058,0.6343684495467606,471.390243902439,108.8,0.010000005500860139,True
arm0,5,4,val-cost,20,0.44380259772915887,39,51,2,19276,0.9512195121951219,0.9973612045325193,0.9742903583638206,0.43333333333333335,0.5954198473282443,0.004516801508909515,0.9811195509378388,0.7065444331934058,0.6343684495467606,471.390243902439,108.8,0.010000005500860139,True
arm0,5,4,val-cost,50,0.44380259772915887,39,51,2,19276,0.9512195121951219,0.9973612045325193,0.9742903583638206,0.43333333333333335,0.5954198473282443,0.007063666557515086,0.9811195509378388,0.7065444331934058,0.6343684495467606,471.390243902439,108.8,0.010000005500860139,True
arm0,5,4,val-cost,100,0.44380259772915887,39,51,2,19276,0.9512195121951219,0.9973612045325193,0.9742903583638206,0.43333333333333335,0.5954198473282443,0.01071413326503607,0.9811195509378388,0.7065444331934058,0.6343684495467606,471.390243902439,108.8,0.010000005500860139,True
arm0,5,4,val-cost,200,0.44380259772915887,39,51,2,19276,0.9512195121951219,0.9973612045325193,0.9742903583638206,0.43333333333333335,0.5954198473282443,0.016383913975369636,0.9811195509378388,0.7065444331934058,0.6343684495467606,471.390243902439,108.8,0.010000005500860139,True
arm0,5,4,oracle,1,0.9492418169975281,17,4,24,19323,0.4146341463414634,0.9997930356496093,0.7072135909955364,0.8095238095238095,0.5483870967741935,0.0014456836018174309,0.9811195509378388,0.7065444331934058,0.6343684495467606,471.390243902439,108.8,0.010000005500860139,True
arm0,5,4,oracle,2,0.6634002029895782,37,27,4,19300,0.9024390243902439,0.9986029906348631,0.9505210075125535,0.578125,0.7047619047619048,0.0018032871348343553,0.9811195509378388,0.7065444331934058,0.6343684495467606,471.390243902439,108.8,0.010000005500860139,True
arm0,5,4,oracle,5,0.6634002029895782,37,27,4,19300,0.9024390243902439,0.9986029906348631,0.9505210075125535,0.578125,0.7047619047619048,0.002406307597788245,0.9811195509378388,0.7065444331934058,0.6343684495467606,471.390243902439,108.8,0.010000005500860139,True
arm0,5,4,oracle,10,0.5506593585014343,38,37,3,19290,0.926829268292683,0.9980855797588866,0.9624574240257848,0.5066666666666667,0.6551724137931034,0.00339463950955059,0.9811195509378388,0.7065444331934058,0.6343684495467606,471.390243902439,108.8,0.010000005500860139,True
arm0,5,4,oracle,20,0.46552741527557373,39,49,2,19278,0.9512195121951219,0.9974646867077146,0.9743420994514183,0.4431818181818182,0.6046511627906976,0.004417531146076339,0.9811195509378388,0.7065444331934058,0.6343684495467606,471.390243902439,108.8,0.010000005500860139,True
arm0,5,4,oracle,50,0.2972777485847473,40,83,1,19244,0.975609756097561,0.9957054897293941,0.9856576229134775,0.3252032520325203,0.4878048780487805,0.006221640080460308,0.9811195509378388,0.7065444331934058,0.6343684495467606,471.390243902439,108.8,0.010000005500860139,True
arm0,5,4,oracle,100,0.2972777485847473,40,83,1,19244,0.975609756097561,0.9957054897293941,0.9856576229134775,0.3252032520325203,0.4878048780487805,0.007811499551799206,0.9811195509378388,0.7065444331934058,0.6343684495467606,471.390243902439,108.8,0.010000005500860139,True
arm0,5,4,oracle,200,0.2972777485847473,40,83,1,19244,0.975609756097561,0.9957054897293941,0.9856576229134775,0.3252032520325203,0.4878048780487805,0.010280815199622189,0.9811195509378388,0.7065444331934058,0.6343684495467606,471.390243902439,108.8,0.010000005500860139,True
ls0.1,1,0,0.5,1,0.5,226,1802,0,2877,1.0,0.6148749732848899,0.807437486642445,0.11143984220907298,0.2005323868677906,0.36738022426095823,0.9133087585842978,0.3460603566046989,0.6643560854656563,20.70353982300885,3.4,0.010000004231687537,True
ls0.1,1,0,0.5,2,0.5,226,1802,0,2877,1.0,0.6148749732848899,0.807437486642445,0.11143984220907298,0.2005323868677906,0.3511985967647632,0.9133087585842978,0.3460603566046989,0.6643560854656563,20.70353982300885,3.4,0.010000004231687537,True
ls0.1,1,0,0.5,5,0.5,226,1802,0,2877,1.0,0.6148749732848899,0.807437486642445,0.11143984220907298,0.2005323868677906,0.31020829746944395,0.9133087585842978,0.3460603566046989,0.6643560854656563,20.70353982300885,3.4,0.010000004231687537,True
ls0.1,1,0,0.5,10,0.5,226,1802,0,2877,1.0,0.6148749732848899,0.807437486642445,0.11143984220907298,0.2005323868677906,0.259691598212999,0.9133087585842978,0.3460603566046989,0.6643560854656563,20.70353982300885,3.4,0.010000004231687537,True
ls0.1,1,0,0.5,20,0.5,226,1802,0,2877,1.0,0.6148749732848899,0.807437486642445,0.11143984220907298,0.2005323868677906,0.19589085770192413,0.9133087585842978,0.3460603566046989,0.6643560854656563,20.70353982300885,3.4,0.010000004231687537,True
ls0.1,1,0,0.5,50,0.5,226,1802,0,2877,1.0,0.6148749732848899,0.807437486642445,0.11143984220907298,0.2005323868677906,0.1127730145816384,0.9133087585842978,0.3460603566046989,0.6643560854656563,20.70353982300885,3.4,0.010000004231687537,True
ls0.1,1,0,0.5,100,0.5,226,1802,0,2877,1.0,0.6148749732848899,0.807437486642445,0.11143984220907298,0.2005323868677906,0.06605813996114226,0.9133087585842978,0.3460603566046989,0.6643560854656563,20.70353982300885,3.4,0.010000004231687537,True
ls0.1,1,0,0.5,200,0.5,226,1802,0,2877,1.0,0.6148749732848899,0.807437486642445,0.11143984220907298,0.2005323868677906,0.036127428376671544,0.9133087585842978,0.3460603566046989,0.6643560854656563,20.70353982300885,3.4,0.010000004231687537,True
ls0.1,1,0,val-Youden,1,0.7747900665215319,224,1790,2,2889,0.9911504424778761,0.6174396238512503,0.8042950331645632,0.1112214498510427,0.2,0.3653414882772681,0.9133087585842978,0.3460603566046989,0.6643560854656563,20.70353982300885,3.4,0.010000004231687537,True
ls0.1,1,0,val-Youden,2,0.7747900665215319,224,1790,2,2889,0.9911504424778761,0.6174396238512503,0.8042950331645632,0.1112214498510427,0.2,0.34963944650165657,0.9133087585842978,0.3460603566046989,0.6643560854656563,20.70353982300885,3.4,0.010000004231687537,True
ls0.1,1,0,val-Youden,5,0.7747900665215319,224,1790,2,2889,0.9911504424778761,0.6174396238512503,0.8042950331645632,0.1112214498510427,0.2,0.30986400413152004,0.9133087585842978,0.3460603566046989,0.6643560854656563,20.70353982300885,3.4,0.010000004231687537,True
ls0.1,1,0,val-Youden,10,0.7747900665215319,224,1790,2,2889,0.9911504424778761,0.6174396238512503,0.8042950331645632,0.1112214498510427,0.2,0.2608445020896383,0.9133087585842978,0.3460603566046989,0.6643560854656563,20.70353982300885,3.4,0.010000004231687537,True
ls0.1,1,0,val-Youden,20,0.7747900665215319,224,1790,2,2889,0.9911504424778761,0.6174396238512503,0.8042950331645632,0.1112214498510427,0.2,0.19893466681160996,0.9133087585842978,0.3460603566046989,0.6643560854656563,20.70353982300885,3.4,0.010000004231687537,True
ls0.1,1,0,val-Youden,50,0.7747900665215319,224,1790,2,2889,0.9911504424778761,0.6174396238512503,0.8042950331645632,0.1112214498510427,0.2,0.11828024281869955,0.9133087585842978,0.3460603566046989,0.6643560854656563,20.70353982300885,3.4,0.010000004231687537,True
ls0.1,1,0,val-Youden,100,0.7747900665215319,224,1790,2,2889,0.9911504424778761,0.6174396238512503,0.8042950331645632,0.1112214498510427,0.2,0.07294988819238242,0.9133087585842978,0.3460603566046989,0.6643560854656563,20.70353982300885,3.4,0.010000004231687537,True
ls0.1,1,0,val-Youden,200,0.7747900665215319,224,1790,2,2889,0.9911504424778761,0.6174396238512503,0.8042950331645632,0.1112214498510427,0.2,0.04390625313258085,0.9133087585842978,0.3460603566046989,0.6643560854656563,20.70353982300885,3.4,0.010000004231687537,True
ls0.1,1,0,elkan-raw,1,0.5,226,1802,0,2877,1.0,0.6148749732848899,0.807437486642445,0.11143984220907298,0.2005323868677906,0.36738022426095823,0.9133087585842978,0.3460603566046989,0.6643560854656563,20.70353982300885,3.4,0.010000004231687537,True
ls0.1,1,0,elkan-raw,2,0.3333333333333333,226,1994,0,2685,1.0,0.5738405642231246,0.7869202821115623,0.1018018018018018,0.1847914963205233,0.38861820307932177,0.9133087585842978,0.3460603566046989,0.6643560854656563,20.70353982300885,3.4,0.010000004231687537,True
ls0.1,1,0,elkan-raw,5,0.16666666666666666,226,4676,0,3,1.0,0.0006411626415900834,0.500320581320795,0.046103631170950635,0.08814352574102964,0.8049578240661043,0.9133087585842978,0.3460603566046989,0.6643560854656563,20.70353982300885,3.4,0.010000004231687537,True
ls0.1,1,0,elkan-raw,10,0.09090909090909091,226,4679,0,0,1.0,0.0,0.5,0.04607543323139653,0.08809198986552329,0.6743046548494019,0.9133087585842978,0.3460603566046989,0.6643560854656563,20.70353982300885,3.4,0.010000004231687537,True
ls0.1,1,0,elkan-raw,20,0.047619047619047616,226,4679,0,0,1.0,0.0,0.5,0.04607543323139653,0.08809198986552329,0.5086422437221437,0.9133087585842978,0.3460603566046989,0.6643560854656563,20.70353982300885,3.4,0.010000004231687537,True
ls0.1,1,0,elkan-raw,50,0.0196078431372549,226,4679,0,0,1.0,0.0,0.5,0.04607543323139653,0.08809198986552329,0.29282182865010326,0.9133087585842978,0.3460603566046989,0.6643560854656563,20.70353982300885,3.4,0.010000004231687537,True
ls0.1,1,0,elkan-raw,100,0.009900990099009901,226,4679,0,0,1.0,0.0,0.5,0.04607543323139653,0.08809198986552329,0.17152388284028006,0.9133087585842978,0.3460603566046989,0.6643560854656563,20.70353982300885,3.4,0.010000004231687537,True
ls0.1,1,0,elkan-raw,200,0.004975124378109453,226,4679,0,0,1.0,0.0,0.5,0.04607543323139653,0.08809198986552329,0.09380701297139077,0.9133087585842978,0.3460603566046989,0.6643560854656563,20.70353982300885,3.4,0.010000004231687537,True
ls0.1,1,0,elkan-cal,1,0.5,224,1790,2,2889,0.9911504424778761,0.6174396238512503,0.8042950331645632,0.1112214498510427,0.2,0.3653414882772681,0.9133087585842978,0.3460603566046989,0.6643560854656563,20.70353982300885,3.4,0.010000004231687537,True
ls0.1,1,0,elkan-cal,2,0.3333333333333333,225,1790,1,2889,0.995575221238938,0.6174396238512503,0.8065074225450941,0.11166253101736973,0.20080321285140562,0.34924965893587995,0.9133087585842978,0.3460603566046989,0.6643560854656563,20.70353982300885,3.4,0.010000004231687537,True
ls0.1,1,0,elkan-cal,5,0.16666666666666666,225,1790,1,2889,0.995575221238938,0.6174396238512503,0.8065074225450941,0.11166253101736973,0.20080321285140562,0.3090032707867103,0.9133087585842978,0.3460603566046989,0.6643560854656563,20.70353982300885,3.4,0.010000004231687537,True
ls0.1,1,0,elkan-cal,10,0.09090909090909091,225,1790,1,2889,0.995575221238938,0.6174396238512503,0.8065074225450941,0.11166253101736973,0.20080321285140562,0.2594033722438392,0.9133087585842978,0.3460603566046989,0.6643560854656563,20.70353982300885,3.4,0.010000004231687537,True
ls0.1,1,0,elkan-cal,20,0.047619047619047616,225,1790,1,2889,0.995575221238938,0.6174396238512503,0.8065074225450941,0.11166253101736973,0.20080321285140562,0.19676051744754863,0.9133087585842978,0.3460603566046989,0.6643560854656563,20.70353982300885,3.4,0.010000004231687537,True
ls0.1,1,0,elkan-cal,50,0.0196078431372549,225,1790,1,2889,0.995575221238938,0.6174396238512503,0.8065074225450941,0.11166253101736973,0.20080321285140562,0.1151511358658239,0.9133087585842978,0.3460603566046989,0.6643560854656563,20.70353982300885,3.4,0.010000004231687537,True
ls0.1,1,0,elkan-cal,100,0.009900990099009901,225,1790,1,2889,0.995575221238938,0.6174396238512503,0.8065074225450941,0.11166253101736973,0.20080321285140562,0.06928406466512702,0.9133087585842978,0.3460603566046989,0.6643560854656563,20.70353982300885,3.4,0.010000004231687537,True
ls0.1,1,0,elkan-cal,200,0.004975124378109453,225,1790,1,2889,0.995575221238938,0.6174396238512503,0.8065074225450941,0.11166253101736973,0.20080321285140562,0.03989654965015337,0.9133087585842978,0.3460603566046989,0.6643560854656563,20.70353982300885,3.4,0.010000004231687537,True
ls0.1,1,0,val-cost,1,0.5870332658980157,226,1792,0,2887,1.0,0.6170121820901903,0.8085060910450952,0.11199207135777998,0.2014260249554367,0.3653414882772681,0.9133087585842978,0.3460603566046989,0.6643560854656563,20.70353982300885,3.4,0.010000004231687537,True
ls0.1,1,0,val-cost,2,0.5870332658980157,226,1792,0,2887,1.0,0.6170121820901903,0.8085060910450952,0.11199207135777998,0.2014260249554367,0.34924965893587995,0.9133087585842978,0.3460603566046989,0.6643560854656563,20.70353982300885,3.4,0.010000004231687537,True
ls0.1,1,0,val-cost,5,0.5870332658980157,226,1792,0,2887,1.0,0.6170121820901903,0.8085060910450952,0.11199207135777998,0.2014260249554367,0.3084868307798244,0.9133087585842978,0.3460603566046989,0.6643560854656563,20.70353982300885,3.4,0.010000004231687537,True
ls0.1,1,0,val-cost,10,0.5870332658980157,226,1792,0,2887,1.0,0.6170121820901903,0.8085060910450952,0.11199207135777998,0.2014260249554367,0.2582504683671999,0.9133087585842978,0.3460603566046989,0.6643560854656563,20.70353982300885,3.4,0.010000004231687537,True
ls0.1,1,0,val-cost,20,0.5870332658980157,226,1792,0,2887,1.0,0.6170121820901903,0.8085060910450952,0.11199207135777998,0.2014260249554367,0.19480378301989346,0.9133087585842978,0.3460603566046989,0.6643560854656563,20.70353982300885,3.4,0.010000004231687537,True
ls0.1,1,0,val-cost,50,0.5870332658980157,226,1792,0,2887,1.0,0.6170121820901903,0.8085060910450952,0.11199207135777998,0.2014260249554367,0.11214719319106327,0.9133087585842978,0.3460603566046989,0.6643560854656563,20.70353982300885,3.4,0.010000004231687537,True
ls0.1,1,0,val-cost,100,0.5870332658980157,226,1792,0,2887,1.0,0.6170121820901903,0.8085060910450952,0.11199207135777998,0.2014260249554367,0.06569155760841673,0.9133087585842978,0.3460603566046989,0.6643560854656563,20.70353982300885,3.4,0.010000004231687537,True
ls0.1,1,0,val-cost,200,0.5870332658980157,226,1792,0,2887,1.0,0.6170121820901903,0.8085060910450952,0.11199207135777998,0.2014260249554367,0.035926943202550174,0.9133087585842978,0.3460603566046989,0.6643560854656563,20.70353982300885,3.4,0.010000004231687537,True
ls0.1,1,0,oracle,1,0.9868312180042267,38,27,188,4652,0.168141592920354,0.9942295362256892,0.5811855645730216,0.5846153846153846,0.2611683848797251,0.04383282364933741,0.9133087585842978,0.3460603566046989,0.6643560854656563,20.70353982300885,3.4,0.010000004231687537,True
ls0.1,1,0,oracle,2,0.9852671921253204,60,67,166,4612,0.26548672566371684,0.9856807010044881,0.6255837133341025,0.47244094488188976,0.33994334277620397,0.07776261937244201,0.9133087585842978,0.3460603566046989,0.6643560854656563,20.70353982300885,3.4,0.010000004231687537,True
ls0.1,1,0,oracle,5,0.9798410832881927,135,323,91,4356,0.5973451327433629,0.930968155588801,0.7641566441660819,0.29475982532751094,0.39473684210526316,0.13393010845240144,0.9133087585842978,0.3460603566046989,0.6643560854656563,20.70353982300885,3.4,0.010000004231687537,True
ls0.1,1,0,oracle,10,0.9771140515804291,158,489,68,4190,0.6991150442477876,0.8954904894208164,0.797302766834302,0.24420401854714066,0.3619702176403207,0.16846807897391555,0.9133087585842978,0.3460603566046989,0.6643560854656563,20.70353982300885,3.4,0.010000004231687537,True
ls0.1,1,0,oracle,20,0.9664275646209717,215,1188,11,3491,0.9513274336283186,0.746099593930327,0.8487135137793228,0.15324305060584462,0.2639656230816452,0.1530601152299163,0.9133087585842978,0.3460603566046989,0.6643560854656563,20.70353982300885,3.4,0.010000004231687537,True
ls0.1,1,0,oracle,50,0.9664275646209717,215,1188,11,3491,0.9513274336283186,0.746099593930327,0.8487135137793228,0.15324305060584462,0.2639656230816452,0.10876775768195757,0.9133087585842978,0.3460603566046989,0.6643560854656563,20.70353982300885,3.4,0.010000004231687537,True
ls0.1,1,0,oracle,100,0.63509202003479,226,1791,0,2888,1.0,0.6172259029707202,0.8086129514853602,0.11204759543877045,0.20151582701738743,0.06565489937314417,0.9133087585842978,0.3460603566046989,0.6643560854656563,20.70353982300885,3.4,0.010000004231687537,True
ls0.1,1,0,oracle,200,0.63509202003479,226,1791,0,2888,1.0,0.6172259029707202,0.8086129514853602,0.11204759543877045,0.20151582701738743,0.03590689468513803,0.9133087585842978,0.3460603566046989,0.6643560854656563,20.70353982300885,3.4,0.010000004231687537,True
ls0.1,2,0,0.5,1,0.5,498,41298,0,0,1.0,0.0,0.5,0.011915015790984784,0.02354943963682792,0.9880849842090152,0.996789618642131,0.990368399805802,0.9360239155080292,82.92771084337349,30.2,0.39540019916542274,False
ls0.1,2,0,0.5,2,0.5,498,41298,0,0,1.0,0.0,0.5,0.011915015790984784,0.02354943963682792,0.9764505603631721,0.996789618642131,0.990368399805802,0.9360239155080292,82.92771084337349,30.2,0.39540019916542274,False
ls0.1,2,0,0.5,5,0.5,498,41298,0,0,1.0,0.0,0.5,0.011915015790984784,0.02354943963682792,0.9431351055083584,0.996789618642131,0.990368399805802,0.9360239155080292,82.92771084337349,30.2,0.39540019916542274,False
ls0.1,2,0,0.5,10,0.5,498,41298,0,0,1.0,0.0,0.5,0.011915015790984784,0.02354943963682792,0.8923894723194606,0.996789618642131,0.990368399805802,0.9360239155080292,82.92771084337349,30.2,0.39540019916542274,False
ls0.1,2,0,0.5,20,0.5,498,41298,0,0,1.0,0.0,0.5,0.011915015790984784,0.02354943963682792,0.8056888680791291,0.996789618642131,0.990368399805802,0.9360239155080292,82.92771084337349,30.2,0.39540019916542274,False
ls0.1,2,0,0.5,50,0.5,498,41298,0,0,1.0,0.0,0.5,0.011915015790984784,0.02354943963682792,0.6238557056104415,0.996789618642131,0.990368399805802,0.9360239155080292,82.92771084337349,30.2,0.39540019916542274,False
ls0.1,2,0,0.5,100,0.5,498,41298,0,0,1.0,0.0,0.5,0.011915015790984784,0.02354943963682792,0.45333596785878943,0.996789618642131,0.990368399805802,0.9360239155080292,82.92771084337349,30.2,0.39540019916542274,False
ls0.1,2,0,0.5,200,0.5,498,41298,0,0,1.0,0.0,0.5,0.011915015790984784,0.02354943963682792,0.2931056508963931,0.996789618642131,0.990368399805802,0.9360239155080292,82.92771084337349,30.2,0.39540019916542274,False
ls0.1,2,0,val-Youden,1,0.9437521382428685,494,81,4,41217,0.9919678714859438,0.9980386459392707,0.9950032587126072,0.8591304347826086,0.9207828518173345,0.00203368743420423,0.996789618642131,0.990368399805802,0.9360239155080292,82.92771084337349,30.2,0.39540019916542274,False
ls0.1,2,0,val-Youden,2,0.9437521382428685,494,81,4,41217,0.9919678714859438,0.9980386459392707,0.9950032587126072,0.8591304347826086,0.9207828518173345,0.0021043173972667517,0.996789618642131,0.990368399805802,0.9360239155080292,82.92771084337349,30.2,0.39540019916542274,False
ls0.1,2,0,val-Youden,5,0.9437521382428685,494,81,4,41217,0.9919678714859438,0.9980386459392707,0.9950032587126072,0.8591304347826086,0.9207828518173345,0.0023065680095003195,0.996789618642131,0.990368399805802,0.9360239155080292,82.92771084337349,30.2,0.39540019916542274,False
ls0.1,2,0,val-Youden,10,0.9437521382428685,494,81,4,41217,0.9919678714859438,0.9980386459392707,0.9950032587126072,0.8591304347826086,0.9207828518173345,0.0026146333030813776,0.996789618642131,0.990368399805802,0.9360239155080292,82.92771084337349,30.2,0.39540019916542274,False
ls0.1,2,0,val-Youden,20,0.9437521382428685,494,81,4,41217,0.9919678714859438,0.9980386459392707,0.9950032587126072,0.8591304347826086,0.9207828518173345,0.003140973116391588,0.996789618642131,0.990368399805802,0.9360239155080292,82.92771084337349,30.2,0.39540019916542274,False
ls0.1,2,0,val-Youden,50,0.9437521382428685,494,81,4,41217,0.9919678714859438,0.9980386459392707,0.9950032587126072,0.8591304347826086,0.9207828518173345,0.004244841233874135,0.996789618642131,0.990368399805802,0.9360239155080292,82.92771084337349,30.2,0.39540019916542274,False
ls0.1,2,0,val-Youden,100,0.9437521382428685,494,81,4,41217,0.9919678714859438,0.9980386459392707,0.9950032587126072,0.8591304347826086,0.9207828518173345,0.005280028101604865,0.996789618642131,0.990368399805802,0.9360239155080292,82.92771084337349,30.2,0.39540019916542274,False
ls0.1,2,0,val-Youden,200,0.9437521382428685,494,81,4,41217,0.9919678714859438,0.9980386459392707,0.9950032587126072,0.8591304347826086,0.9207828518173345,0.006252750216468651,0.996789618642131,0.990368399805802,0.9360239155080292,82.92771084337349,30.2,0.39540019916542274,False
ls0.1,2,0,elkan-raw,1,0.5,498,41298,0,0,1.0,0.0,0.5,0.011915015790984784,0.02354943963682792,0.9880849842090152,0.996789618642131,0.990368399805802,0.9360239155080292,82.92771084337349,30.2,0.39540019916542274,False
ls0.1,2,0,elkan-raw,2,0.3333333333333333,498,41298,0,0,1.0,0.0,0.5,0.011915015790984784,0.02354943963682792,0.9764505603631721,0.996789618642131,0.990368399805802,0.9360239155080292,82.92771084337349,30.2,0.39540019916542274,False
ls0.1,2,0,elkan-raw,5,0.16666666666666666,498,41298,0,0,1.0,0.0,0.5,0.011915015790984784,0.02354943963682792,0.9431351055083584,0.996789618642131,0.990368399805802,0.9360239155080292,82.92771084337349,30.2,0.39540019916542274,False
ls0.1,2,0,elkan-raw,10,0.09090909090909091,498,41298,0,0,1.0,0.0,0.5,0.011915015790984784,0.02354943963682792,0.8923894723194606,0.996789618642131,0.990368399805802,0.9360239155080292,82.92771084337349,30.2,0.39540019916542274,False
ls0.1,2,0,elkan-raw,20,0.047619047619047616,498,41298,0,0,1.0,0.0,0.5,0.011915015790984784,0.02354943963682792,0.8056888680791291,0.996789618642131,0.990368399805802,0.9360239155080292,82.92771084337349,30.2,0.39540019916542274,False
ls0.1,2,0,elkan-raw,50,0.0196078431372549,498,41298,0,0,1.0,0.0,0.5,0.011915015790984784,0.02354943963682792,0.6238557056104415,0.996789618642131,0.990368399805802,0.9360239155080292,82.92771084337349,30.2,0.39540019916542274,False
ls0.1,2,0,elkan-raw,100,0.009900990099009901,498,41298,0,0,1.0,0.0,0.5,0.011915015790984784,0.02354943963682792,0.45333596785878943,0.996789618642131,0.990368399805802,0.9360239155080292,82.92771084337349,30.2,0.39540019916542274,False
ls0.1,2,0,elkan-raw,200,0.004975124378109453,498,41298,0,0,1.0,0.0,0.5,0.011915015790984784,0.02354943963682792,0.2931056508963931,0.996789618642131,0.990368399805802,0.9360239155080292,82.92771084337349,30.2,0.39540019916542274,False
ls0.1,2,0,elkan-cal,1,0.5,489,45,9,41253,0.9819277108433735,0.9989103588551503,0.9904190348492619,0.9157303370786517,0.9476744186046512,0.0012919896640826874,0.996789618642131,0.990368399805802,0.9360239155080292,82.92771084337349,30.2,0.39540019916542274,False
ls0.1,2,0,elkan-cal,2,0.3333333333333333,492,64,6,41234,0.9879518072289156,0.9984502881495472,0.9932010476892315,0.8848920863309353,0.9335863377609108,0.0017969451931716084,0.996789618642131,0.990368399805802,0.9360239155080292,82.92771084337349,30.2,0.39540019916542274,False
ls0.1,2,0,elkan-cal,5,0.16666666666666666,494,83,4,41215,0.9919678714859438,0.997990217443944,0.9949790444649439,0.8561525129982669,0.9190697674418604,0.002352242623549831,0.996789618642131,0.990368399805802,0.9360239155080292,82.92771084337349,30.2,0.39540019916542274,False
ls0.1,2,0,elkan-cal,10,0.09090909090909091,495,125,3,41173,0.9939759036144579,0.9969732190420844,0.9954745613282712,0.7983870967741935,0.8855098389982111,0.00334932365270755,0.996789618642131,0.990368399805802,0.9360239155080292,82.92771084337349,30.2,0.39540019916542274,False
ls0.1,2,0,elkan-cal,20,0.047619047619047616,495,157,3,41141,0.9939759036144579,0.9961983631168579,0.9950871333656579,0.75920245398773,0.8608695652173913,0.004233485504701705,0.996789618642131,0.990368399805802,0.9360239155080292,82.92771084337349,30.2,0.39540019916542274,False
ls0.1,2,0,elkan-cal,50,0.0196078431372549,495,242,3,41056,0.9939759036144579,0.9941401520654753,0.9940580278399667,0.6716417910447762,0.8016194331983806,0.005921629052237228,0.996789618642131,0.990368399805802,0.9360239155080292,82.92771084337349,30.2,0.39540019916542274,False
ls0.1,2,0,elkan-cal,100,0.009900990099009901,495,340,3,40958,0.9939759036144579,0.9917671557944695,0.9928715297044637,0.592814371257485,0.7426856714178545,0.0070254012162725855,0.996789618642131,0.990368399805802,0.9360239155080292,82.92771084337349,30.2,0.39540019916542274,False
ls0.1,2,0,elkan-cal,200,0.004975124378109453,495,518,3,40780,0.9939759036144579,0.9874570197103976,0.9907164616624278,0.4886475814412636,0.6551952349437459,0.007934818095359763,0.996789618642131,0.990368399805802,0.9360239155080292,82.92771084337349,30.2,0.39540019916542274,False
ls0.1,2,0,val-cost,1,0.9422144400181627,494,83,4,41215,0.9919678714859438,0.997990217443944,0.9949790444649439,0.8561525129982669,0.9190697674418604,0.0020815389032443296,0.996789618642131,0.990368399805802,0.9360239155080292,82.92771084337349,30.2,0.39540019916542274,False
ls0.1,2,0,val-cost,2,0.9422144400181627,494,83,4,41215,0.9919678714859438,0.997990217443944,0.9949790444649439,0.8561525129982669,0.9190697674418604,0.0021516054286660046,0.996789618642131,0.990368399805802,0.9360239155080292,82.92771084337349,30.2,0.39540019916542274,False
ls0.1,2,0,val-cost,5,0.9422144400181627,494,83,4,41215,0.9919678714859438,0.997990217443944,0.9949790444649439,0.8561525129982669,0.9190697674418604,0.002352242623549831,0.996789618642131,0.990368399805802,0.9360239155080292,82.92771084337349,30.2,0.39540019916542274,False
ls0.1,2,0,val-cost,10,0.9422144400181627,494,83,4,41215,0.9919678714859438,0.997990217443944,0.9949790444649439,0.8561525129982669,0.9190697674418604,0.0026578503824711526,0.996789618642131,0.990368399805802,0.9360239155080292,82.92771084337349,30.2,0.39540019916542274,False
ls0.1,2,0,val-cost,20,0.9422144400181627,494,83,4,41215,0.9919678714859438,0.997990217443944,0.9949790444649439,0.8561525129982669,0.9190697674418604,0.003179991415974092,0.996789618642131,0.990368399805802,0.9360239155080292,82.92771084337349,30.2,0.39540019916542274,False
ls0.1,2,0,val-cost,50,0.9422144400181627,494,83,4,41215,0.9919678714859438,0.997990217443944,0.9949790444649439,0.8561525129982669,0.9190697674418604,0.004275053626997795,0.996789618642131,0.990368399805802,0.9360239155080292,82.92771084337349,30.2,0.39540019916542274,False
ls0.1,2,0,val-cost,100,0.6768504577649532,495,1969,3,39329,0.9939759036144579,0.9523221463509128,0.9731490249826853,0.20089285714285715,0.33423362592842676,0.0249072427495664,0.996789618642131,0.990368399805802,0.9360239155080292,82.92771084337349,30.2,0.39540019916542274,False
ls0.1,2,0,val-cost,200,0.6768504577649532,495,1969,3,39329,0.9939759036144579,0.9523221463509128,0.9731490249826853,0.20089285714285715,0.33423362592842676,0.018233048020553876,0.996789618642131,0.990368399805802,0.9360239155080292,82.92771084337349,30.2,0.39540019916542274,False
ls0.1,2,0,oracle,1,0.9821039140224457,485,19,13,41279,0.9738955823293173,0.9995399292943968,0.9867177558118571,0.9623015873015873,0.9680638722554891,0.0007656235046415925,0.996789618642131,0.990368399805802,0.9360239155080292,82.92771084337349,30.2,0.39540019916542274,False
ls0.1,2,0,oracle,2,0.9821039140224457,485,19,13,41279,0.9738955823293173,0.9995399292943968,0.9867177558118571,0.9623015873015873,0.9680638722554891,0.0010639807064831892,0.996789618642131,0.990368399805802,0.9360239155080292,82.92771084337349,30.2,0.39540019916542274,False
ls0.1,2,0,oracle,5,0.974299967288971,488,32,10,41266,0.9799196787148594,0.9992251440747736,0.9895724113948166,0.9384615384615385,0.9587426326129665,0.0018726591760299626,0.996789618642131,0.990368399805802,0.9360239155080292,82.92771084337349,30.2,0.39540019916542274,False
ls0.1,2,0,oracle,10,0.943855881690979,494,80,4,41218,0.9919678714859438,0.998062860186934,0.9950153658364389,0.8606271777003485,0.9216417910447762,0.0025930247633864905,0.996789618642131,0.990368399805802,0.9360239155080292,82.92771084337349,30.2,0.39540019916542274,False
ls0.1,2,0,oracle,20,0.943855881690979,494,80,4,41218,0.9919678714859438,0.998062860186934,0.9950153658364389,0.8606271777003485,0.9216417910447762,0.0031214639666003355,0.996789618642131,0.990368399805802,0.9360239155080292,82.92771084337349,30.2,0.39540019916542274,False
ls0.1,2,0,oracle,50,0.9329703748226166,495,112,3,41186,0.9939759036144579,0.9972880042617076,0.9956319539380827,0.8154859967051071,0.8959276018099548,0.003957823499199372,0.996789618642131,0.990368399805802,0.9360239155080292,82.92771084337349,30.2,0.39540019916542274,False
ls0.1,2,0,oracle,100,0.9329703748226166,495,112,3,41186,0.9939759036144579,0.9972880042617076,0.9956319539380827,0.8154859967051071,0.8959276018099548,0.004522602032975477,0.996789618642131,0.990368399805802,0.9360239155080292,82.92771084337349,30.2,0.39540019916542274,False
ls0.1,2,0,oracle,200,0.9329703748226166,495,112,3,41186,0.9939759036144579,0.9972880042617076,0.9956319539380827,0.8154859967051071,0.8959276018099548,0.005053300969495664,0.996789618642131,0.990368399805802,0.9360239155080292,82.92771084337349,30.2,0.39540019916542274,False
ls0.1,2,1,0.5,1,0.5,498,41298,0,0,1.0,0.0,0.5,0.011915015790984784,0.02354943963682792,0.9880849842090152,0.9975350576600557,0.9932151306818514,0.9508666658498,82.92771084337349,30.2,0.41625039234562294,False
ls0.1,2,1,0.5,2,0.5,498,41298,0,0,1.0,0.0,0.5,0.011915015790984784,0.02354943963682792,0.9764505603631721,0.9975350576600557,0.9932151306818514,0.9508666658498,82.92771084337349,30.2,0.41625039234562294,False
ls0.1,2,1,0.5,5,0.5,498,41298,0,0,1.0,0.0,0.5,0.011915015790984784,0.02354943963682792,0.9431351055083584,0.9975350576600557,0.9932151306818514,0.9508666658498,82.92771084337349,30.2,0.41625039234562294,False
ls0.1,2,1,0.5,10,0.5,498,41298,0,0,1.0,0.0,0.5,0.011915015790984784,0.02354943963682792,0.8923894723194606,0.9975350576600557,0.9932151306818514,0.9508666658498,82.92771084337349,30.2,0.41625039234562294,False
ls0.1,2,1,0.5,20,0.5,498,41298,0,0,1.0,0.0,0.5,0.011915015790984784,0.02354943963682792,0.8056888680791291,0.9975350576600557,0.9932151306818514,0.9508666658498,82.92771084337349,30.2,0.41625039234562294,False
ls0.1,2,1,0.5,50,0.5,498,41298,0,0,1.0,0.0,0.5,0.011915015790984784,0.02354943963682792,0.6238557056104415,0.9975350576600557,0.9932151306818514,0.9508666658498,82.92771084337349,30.2,0.41625039234562294,False
ls0.1,2,1,0.5,100,0.5,498,41298,0,0,1.0,0.0,0.5,0.011915015790984784,0.02354943963682792,0.45333596785878943,0.9975350576600557,0.9932151306818514,0.9508666658498,82.92771084337349,30.2,0.41625039234562294,False
ls0.1,2,1,0.5,200,0.5,498,41298,0,0,1.0,0.0,0.5,0.011915015790984784,0.02354943963682792,0.2931056508963931,0.9975350576600557,0.9932151306818514,0.9508666658498,82.92771084337349,30.2,0.41625039234562294,False
ls0.1,2,1,val-Youden,1,0.6405287797950536,495,296,3,41002,0.9939759036144579,0.9928325826916558,0.9934042431530568,0.6257901390644753,0.7680372381691234,0.00715379462149488,0.9975350576600557,0.9932151306818514,0.9508666658498,82.92771084337349,30.2,0.41625039234562294,False
ls0.1,2,1,val-Youden,2,0.6405287797950536,495,296,3,41002,0.9939759036144579,0.9928325826916558,0.9934042431530568,0.6257901390644753,0.7680372381691234,0.00714049274128718,0.9975350576600557,0.9932151306818514,0.9508666658498,82.92771084337349,30.2,0.41625039234562294,False
ls0.1,2,1,val-Youden,5,0.6405287797950536,495,296,3,41002,0.9939759036144579,0.9928325826916558,0.9934042431530568,0.6257901390644753,0.7680372381691234,0.007102402484699004,0.9975350576600557,0.9932151306818514,0.9508666658498,82.92771084337349,30.2,0.41625039234562294,False
ls0.1,2,1,val-Youden,10,0.6405287797950536,495,296,3,41002,0.9939759036144579,0.9928325826916558,0.9934042431530568,0.6257901390644753,0.7680372381691234,0.007044383940533298,0.9975350576600557,0.9932151306818514,0.9508666658498,82.92771084337349,30.2,0.41625039234562294,False
ls0.1,2,1,val-Youden,20,0.6405287797950536,495,296,3,41002,0.9939759036144579,0.9928325826916558,0.9934042431530568,0.6257901390644753,0.7680372381691234,0.006945257325685746,0.9975350576600557,0.9932151306818514,0.9508666658498,82.92771084337349,30.2,0.41625039234562294,False
ls0.1,2,1,val-Youden,50,0.6405287797950536,495,296,3,41002,0.9939759036144579,0.9928325826916558,0.9934042431530568,0.6257901390644753,0.7680372381691234,0.006737363666576029,0.9975350576600557,0.9932151306818514,0.9508666658498,82.92771084337349,30.2,0.41625039234562294,False
ls0.1,2,1,val-Youden,100,0.6405287797950536,495,296,3,41002,0.9939759036144579,0.9928325826916558,0.9934042431530568,0.6257901390644753,0.7680372381691234,0.006542404882653845,0.9975350576600557,0.9932151306818514,0.9508666658498,82.92771084337349,30.2,0.41625039234562294,False
ls0.1,2,1,val-Youden,200,0.6405287797950536,495,296,3,41002,0.9939759036144579,0.9928325826916558,0.9934042431530568,0.6257901390644753,0.7680372381691234,0.0063592102088035314,0.9975350576600557,0.9932151306818514,0.9508666658498,82.92771084337349,30.2,0.41625039234562294,False
ls0.1,2,1,elkan-raw,1,0.5,498,41298,0,0,1.0,0.0,0.5,0.011915015790984784,0.02354943963682792,0.9880849842090152,0.9975350576600557,0.9932151306818514,0.9508666658498,82.92771084337349,30.2,0.41625039234562294,False
ls0.1,2,1,elkan-raw,2,0.3333333333333333,498,41298,0,0,1.0,0.0,0.5,0.011915015790984784,0.02354943963682792,0.9764505603631721,0.9975350576600557,0.9932151306818514,0.9508666658498,82.92771084337349,30.2,0.41625039234562294,False
ls0.1,2,1,elkan-raw,5,0.16666666666666666,498,41298,0,0,1.0,0.0,0.5,0.011915015790984784,0.02354943963682792,0.9431351055083584,0.9975350576600557,0.9932151306818514,0.9508666658498,82.92771084337349,30.2,0.41625039234562294,False
ls0.1,2,1,elkan-raw,10,0.09090909090909091,498,41298,0,0,1.0,0.0,0.5,0.011915015790984784,0.02354943963682792,0.8923894723194606,0.9975350576600557,0.9932151306818514,0.9508666658498,82.92771084337349,30.2,0.41625039234562294,False
ls0.1,2,1,elkan-raw,20,0.047619047619047616,498,41298,0,0,1.0,0.0,0.5,0.011915015790984784,0.02354943963682792,0.8056888680791291,0.9975350576600557,0.9932151306818514,0.9508666658498,82.92771084337349,30.2,0.41625039234562294,False
ls0.1,2,1,elkan-raw,50,0.0196078431372549,498,41298,0,0,1.0,0.0,0.5,0.011915015790984784,0.02354943963682792,0.6238557056104415,0.9975350576600557,0.9932151306818514,0.9508666658498,82.92771084337349,30.2,0.41625039234562294,False
ls0.1,2,1,elkan-raw,100,0.009900990099009901,498,41298,0,0,1.0,0.0,0.5,0.011915015790984784,0.02354943963682792,0.45333596785878943,0.9975350576600557,0.9932151306818514,0.9508666658498,82.92771084337349,30.2,0.41625039234562294,False
ls0.1,2,1,elkan-raw,200,0.004975124378109453,498,41298,0,0,1.0,0.0,0.5,0.011915015790984784,0.02354943963682792,0.2931056508963931,0.9975350576600557,0.9932151306818514,0.9508666658498,82.92771084337349,30.2,0.41625039234562294,False
ls0.1,2,1,elkan-cal,1,0.5,464,2,34,41296,0.9317269076305221,0.9999515715046734,0.9658392395675978,0.9957081545064378,0.9626556016597511,0.0008613264427217916,0.9975350576600557,0.9932151306818514,0.9508666658498,82.92771084337349,30.2,0.41625039234562294,False
ls0.1,2,1,elkan-cal,2,0.3333333333333333,473,2,25,41296,0.9497991967871486,0.9999515715046734,0.974875384145911,0.9957894736842106,0.9722507708119219,0.001229488816380574,0.9975350576600557,0.9932151306818514,0.9508666658498,82.92771084337349,30.2,0.41625039234562294,False
ls0.1,2,1,elkan-cal,5,0.16666666666666666,480,6,18,41292,0.963855421686747,0.9998547145140201,0.9818550681003835,0.9876543209876543,0.975609756097561,0.0021923814743765417,0.9975350576600557,0.9932151306818514,0.9508666658498,82.92771084337349,30.2,0.41625039234562294,False
ls0.1,2,1,elkan-cal,10,0.09090909090909091,485,8,13,41290,0.9738955823293173,0.9998062860186934,0.9868509341740053,0.9837728194726166,0.9788092835519677,0.0029819784778944637,0.9975350576600557,0.9932151306818514,0.9508666658498,82.92771084337349,30.2,0.41625039234562294,False
ls0.1,2,1,elkan-cal,20,0.047619047619047616,492,9,6,41289,0.9879518072289156,0.9997820717710301,0.9938669394999728,0.9820359281437125,0.984984984984985,0.0025166803230715204,0.9975350576600557,0.9932151306818514,0.9508666658498,82.92771084337349,30.2,0.41625039234562294,False
ls0.1,2,1,elkan-cal,50,0.0196078431372549,493,18,5,41280,0.9899598393574297,0.9995641435420601,0.994761991449745,0.9647749510763209,0.977205153617443,0.0040484606785703495,0.9975350576600557,0.9932151306818514,0.9508666658498,82.92771084337349,30.2,0.41625039234562294,False
ls0.1,2,1,elkan-cal,100,0.009900990099009901,495,31,3,41267,0.9939759036144579,0.9992493583224369,0.9966126309684473,0.94106463878327,0.966796875,0.0036334496915409777,0.9975350576600557,0.9932151306818514,0.9508666658498,82.92771084337349,30.2,0.41625039234562294,False
ls0.1,2,1,elkan-cal,200,0.004975124378109453,495,49,3,41249,0.9939759036144579,0.998813501864497,0.9963947027394775,0.9099264705882353,0.9500959692898272,0.0046061690016891655,0.9975350576600557,0.9932151306818514,0.9508666658498,82.92771084337349,30.2,0.41625039234562294,False
ls0.1,2,1,val-cost,1,0.8501347376651134,493,18,5,41280,0.9899598393574297,0.9995641435420601,0.994761991449745,0.9647749510763209,0.977205153617443,0.0005502918939611446,0.9975350576600557,0.9932151306818514,0.9508666658498,82.92771084337349,30.2,0.41625039234562294,False
ls0.1,2,1,val-cost,2,0.8501347376651134,493,18,5,41280,0.9899598393574297,0.9995641435420601,0.994761991449745,0.9647749510763209,0.977205153617443,0.0006620324395895399,0.9975350576600557,0.9932151306818514,0.9508666658498,82.92771084337349,30.2,0.41625039234562294,False
ls0.1,2,1,val-cost,5,0.640528610185443,495,296,3,41002,0.9939759036144579,0.9928325826916558,0.9934042431530568,0.6257901390644753,0.7680372381691234,0.007102402484699004,0.9975350576600557,0.9932151306818514,0.9508666658498,82.92771084337349,30.2,0.41625039234562294,False
ls0.1,2,1,val-cost,10,0.640528610185443,495,296,3,41002,0.9939759036144579,0.9928325826916558,0.9934042431530568,0.6257901390644753,0.7680372381691234,0.007044383940533298,0.9975350576600557,0.9932151306818514,0.9508666658498,82.92771084337349,30.2,0.41625039234562294,False
ls0.1,2,1,val-cost,20,0.640528610185443,495,296,3,41002,0.9939759036144579,0.9928325826916558,0.9934042431530568,0.6257901390644753,0.7680372381691234,0.006945257325685746,0.9975350576600557,0.9932151306818514,0.9508666658498,82.92771084337349,30.2,0.41625039234562294,False
ls0.1,2,1,val-cost,50,0.640528610185443,495,296,3,41002,0.9939759036144579,0.9928325826916558,0.9934042431530568,0.6257901390644753,0.7680372381691234,0.006737363666576029,0.9975350576600557,0.9932151306818514,0.9508666658498,82.92771084337349,30.2,0.41625039234562294,False
ls0.1,2,1,val-cost,100,0.640528610185443,495,296,3,41002,0.9939759036144579,0.9928325826916558,0.9934042431530568,0.6257901390644753,0.7680372381691234,0.006542404882653845,0.9975350576600557,0.9932151306818514,0.9508666658498,82.92771084337349,30.2,0.41625039234562294,False
ls0.1,2,1,val-cost,200,0.640528610185443,495,296,3,41002,0.9939759036144579,0.9928325826916558,0.9934042431530568,0.6257901390644753,0.7680372381691234,0.0063592102088035314,0.9975350576600557,0.9932151306818514,0.9508666658498,82.92771084337349,30.2,0.41625039234562294,False
ls0.1,2,1,oracle,1,0.8958478271961212,493,10,5,41288,0.9899598393574297,0.9997578575233668,0.9948588484403982,0.9801192842942346,0.985014985014985,0.0003588860178007465,0.9975350576600557,0.9932151306818514,0.9508666658498,82.92771084337349,30.2,0.41625039234562294,False
ls0.1,2,1,oracle,2,0.8958478271961212,493,10,5,41288,0.9899598393574297,0.9997578575233668,0.9948588484403982,0.9801192842942346,0.985014985014985,0.0004728803139925285,0.9975350576600557,0.9932151306818514,0.9508666658498,82.92771084337349,30.2,0.41625039234562294,False
ls0.1,2,1,oracle,5,0.8958478271961212,493,10,5,41288,0.9899598393574297,0.9997578575233668,0.9948588484403982,0.9801192842942346,0.985014985014985,0.0007993057458664474,0.9975350576600557,0.9932151306818514,0.9508666658498,82.92771084337349,30.2,0.41625039234562294,False
ls0.1,2,1,oracle,10,0.8216274976730347,495,29,3,41269,0.9939759036144579,0.9992977868177636,0.9966368452161107,0.9446564885496184,0.9686888454011742,0.0012749038419983577,0.9975350576600557,0.9932151306818514,0.9508666658498,82.92771084337349,30.2,0.41625039234562294,False
ls0.1,2,1,oracle,20,0.8216274976730347,495,29,3,41269,0.9939759036144579,0.9992977868177636,0.9966368452161107,0.9446564885496184,0.9686888454011742,0.0017363143314214366,0.9975350576600557,0.9932151306818514,0.9508666658498,82.92771084337349,30.2,0.41625039234562294,False
ls0.1,2,1,oracle,50,0.8216274976730347,495,29,3,41269,0.9939759036144579,0.9992977868177636,0.9966368452161107,0.9446564885496184,0.9686888454011742,0.0027040091845675096,0.9975350576600557,0.9932151306818514,0.9508666658498,82.92771084337349,30.2,0.41625039234562294,False
ls0.1,2,1,oracle,100,0.8216274976730347,495,29,3,41269,0.9939759036144579,0.9992977868177636,0.9966368452161107,0.9446564885496184,0.9686888454011742,0.003611495312740126,0.9975350576600557,0.9932151306818514,0.9508666658498,82.92771084337349,30.2,0.41625039234562294,False
ls0.1,2,1,oracle,200,0.8216274976730347,495,29,3,41269,0.9939759036144579,0.9992977868177636,0.9966368452161107,0.9446564885496184,0.9686888454011742,0.004464222345242658,0.9975350576600557,0.9932151306818514,0.9508666658498,82.92771084337349,30.2,0.41625039234562294,False
ls0.1,2,2,0.5,1,0.5,498,41298,0,0,1.0,0.0,0.5,0.011915015790984784,0.02354943963682792,0.9880849842090152,0.9994727323259818,0.9947678047919577,0.9895161059755511,82.92771084337349,30.2,0.01000000786677793,True
ls0.1,2,2,0.5,2,0.5,498,41298,0,0,1.0,0.0,0.5,0.011915015790984784,0.02354943963682792,0.9764505603631721,0.9994727323259818,0.9947678047919577,0.9895161059755511,82.92771084337349,30.2,0.01000000786677793,True
ls0.1,2,2,0.5,5,0.5,498,41298,0,0,1.0,0.0,0.5,0.011915015790984784,0.02354943963682792,0.9431351055083584,0.9994727323259818,0.9947678047919577,0.9895161059755511,82.92771084337349,30.2,0.01000000786677793,True
ls0.1,2,2,0.5,10,0.5,498,41298,0,0,1.0,0.0,0.5,0.011915015790984784,0.02354943963682792,0.8923894723194606,0.9994727323259818,0.9947678047919577,0.9895161059755511,82.92771084337349,30.2,0.01000000786677793,True
ls0.1,2,2,0.5,20,0.5,498,41298,0,0,1.0,0.0,0.5,0.011915015790984784,0.02354943963682792,0.8056888680791291,0.9994727323259818,0.9947678047919577,0.9895161059755511,82.92771084337349,30.2,0.01000000786677793,True
ls0.1,2,2,0.5,50,0.5,498,41298,0,0,1.0,0.0,0.5,0.011915015790984784,0.02354943963682792,0.6238557056104415,0.9994727323259818,0.9947678047919577,0.9895161059755511,82.92771084337349,30.2,0.01000000786677793,True
ls0.1,2,2,0.5,100,0.5,498,41298,0,0,1.0,0.0,0.5,0.011915015790984784,0.02354943963682792,0.45333596785878943,0.9994727323259818,0.9947678047919577,0.9895161059755511,82.92771084337349,30.2,0.01000000786677793,True
ls0.1,2,2,0.5,200,0.5,498,41298,0,0,1.0,0.0,0.5,0.011915015790984784,0.02354943963682792,0.2931056508963931,0.9994727323259818,0.9947678047919577,0.9895161059755511,82.92771084337349,30.2,0.01000000786677793,True
ls0.1,2,2,val-Youden,1,0.9468176131425361,490,7,8,41291,0.9839357429718876,0.9998305002663567,0.9918831216191222,0.9859154929577465,0.9849246231155779,0.0003588860178007465,0.9994727323259818,0.9947678047919577,0.9895161059755511,82.92771084337349,30.2,0.01000000786677793,True
ls0.1,2,2,val-Youden,2,0.9468176131425361,490,7,8,41291,0.9839357429718876,0.9998305002663567,0.9918831216191222,0.9859154929577465,0.9849246231155779,0.0005438123610914077,0.9994727323259818,0.9947678047919577,0.9895161059755511,82.92771084337349,30.2,0.01000000786677793,True
ls0.1,2,2,val-Youden,5,0.9468176131425361,490,7,8,41291,0.9839357429718876,0.9998305002663567,0.9918831216191222,0.9859154929577465,0.9849246231155779,0.001073353430163515,0.9994727323259818,0.9947678047919577,0.9895161059755511,82.92771084337349,30.2,0.01000000786677793,True
ls0.1,2,2,val-Youden,10,0.9468176131425361,490,7,8,41291,0.9839357429718876,0.9998305002663567,0.9918831216191222,0.9859154929577465,0.9849246231155779,0.0018799429534552055,0.9994727323259818,0.9947678047919577,0.9895161059755511,82.92771084337349,30.2,0.01000000786677793,True
ls0.1,2,2,val-Youden,20,0.9468176131425361,490,7,8,41291,0.9839357429718876,0.9998305002663567,0.9918831216191222,0.9859154929577465,0.9849246231155779,0.0032580280151391,0.9994727323259818,0.9947678047919577,0.9895161059755511,82.92771084337349,30.2,0.01000000786677793,True
ls0.1,2,2,val-Youden,50,0.9468176131425361,490,7,8,41291,0.9839357429718876,0.9998305002663567,0.9918831216191222,0.9859154929577465,0.9849246231155779,0.006148222000664672,0.9994727323259818,0.9947678047919577,0.9895161059755511,82.92771084337349,30.2,0.01000000786677793,True
ls0.1,2,2,val-Youden,100,0.9468176131425361,490,7,8,41291,0.9839357429718876,0.9998305002663567,0.9918831216191222,0.9859154929577465,0.9849246231155779,0.008858591846143713,0.9994727323259818,0.9947678047919577,0.9895161059755511,82.92771084337349,30.2,0.01000000786677793,True
ls0.1,2,2,val-Youden,200,0.9468176131425361,490,7,8,41291,0.9839357429718876,0.9998305002663567,0.9918831216191222,0.9859154929577465,0.9849246231155779,0.01140541384547687,0.9994727323259818,0.9947678047919577,0.9895161059755511,82.92771084337349,30.2,0.01000000786677793,True
ls0.1,2,2,elkan-raw,1,0.5,498,41298,0,0,1.0,0.0,0.5,0.011915015790984784,0.02354943963682792,0.9880849842090152,0.9994727323259818,0.9947678047919577,0.9895161059755511,82.92771084337349,30.2,0.01000000786677793,True
ls0.1,2,2,elkan-raw,2,0.3333333333333333,498,41298,0,0,1.0,0.0,0.5,0.011915015790984784,0.02354943963682792,0.9764505603631721,0.9994727323259818,0.9947678047919577,0.9895161059755511,82.92771084337349,30.2,0.01000000786677793,True
ls0.1,2,2,elkan-raw,5,0.16666666666666666,498,41298,0,0,1.0,0.0,0.5,0.011915015790984784,0.02354943963682792,0.9431351055083584,0.9994727323259818,0.9947678047919577,0.9895161059755511,82.92771084337349,30.2,0.01000000786677793,True
ls0.1,2,2,elkan-raw,10,0.09090909090909091,498,41298,0,0,1.0,0.0,0.5,0.011915015790984784,0.02354943963682792,0.8923894723194606,0.9994727323259818,0.9947678047919577,0.9895161059755511,82.92771084337349,30.2,0.01000000786677793,True
ls0.1,2,2,elkan-raw,20,0.047619047619047616,498,41298,0,0,1.0,0.0,0.5,0.011915015790984784,0.02354943963682792,0.8056888680791291,0.9994727323259818,0.9947678047919577,0.9895161059755511,82.92771084337349,30.2,0.01000000786677793,True
ls0.1,2,2,elkan-raw,50,0.0196078431372549,498,41298,0,0,1.0,0.0,0.5,0.011915015790984784,0.02354943963682792,0.6238557056104415,0.9994727323259818,0.9947678047919577,0.9895161059755511,82.92771084337349,30.2,0.01000000786677793,True
ls0.1,2,2,elkan-raw,100,0.009900990099009901,498,41298,0,0,1.0,0.0,0.5,0.011915015790984784,0.02354943963682792,0.45333596785878943,0.9994727323259818,0.9947678047919577,0.9895161059755511,82.92771084337349,30.2,0.01000000786677793,True
ls0.1,2,2,elkan-raw,200,0.004975124378109453,498,41298,0,0,1.0,0.0,0.5,0.011915015790984784,0.02354943963682792,0.2931056508963931,0.9994727323259818,0.9947678047919577,0.9895161059755511,82.92771084337349,30.2,0.01000000786677793,True
ls0.1,2,2,elkan-cal,1,0.5,485,5,13,41293,0.9738955823293173,0.9998789287616834,0.9868872555455004,0.9897959183673469,0.9817813765182186,0.0004306632213608958,0.9994727323259818,0.9947678047919577,0.9895161059755511,82.92771084337349,30.2,0.01000000786677793,True
ls0.1,2,2,elkan-cal,2,0.3333333333333333,485,5,13,41293,0.9738955823293173,0.9998789287616834,0.9868872555455004,0.9897959183673469,0.9817813765182186,0.0007329644866884192,0.9994727323259818,0.9947678047919577,0.9895161059755511,82.92771084337349,30.2,0.01000000786677793,True
ls0.1,2,2,elkan-cal,5,0.16666666666666666,485,5,13,41293,0.9738955823293173,0.9998789287616834,0.9868872555455004,0.9897959183673469,0.9817813765182186,0.0015986114917328949,0.9994727323259818,0.9947678047919577,0.9895161059755511,82.92771084337349,30.2,0.01000000786677793,True
ls0.1,2,2,elkan-cal,10,0.09090909090909091,485,5,13,41293,0.9738955823293173,0.9998789287616834,0.9868872555455004,0.9897959183673469,0.9817813765182186,0.0029171528588098016,0.9994727323259818,0.9947678047919577,0.9895161059755511,82.92771084337349,30.2,0.01000000786677793,True
ls0.1,2,2,elkan-cal,20,0.047619047619047616,485,5,13,41293,0.9738955823293173,0.9998789287616834,0.9868872555455004,0.9897959183673469,0.9817813765182186,0.005169924694681805,0.9994727323259818,0.9947678047919577,0.9895161059755511,82.92771084337349,30.2,0.01000000786677793,True
ls0.1,2,2,elkan-cal,50,0.0196078431372549,485,5,13,41293,0.9738955823293173,0.9998789287616834,0.9868872555455004,0.9897959183673469,0.9817813765182186,0.009894558747998428,0.9994727323259818,0.9947678047919577,0.9895161059755511,82.92771084337349,30.2,0.01000000786677793,True
ls0.1,2,2,elkan-cal,100,0.009900990099009901,485,5,13,41293,0.9738955823293173,0.9998789287616834,0.9868872555455004,0.9897959183673469,0.9817813765182186,0.014325232167555818,0.9994727323259818,0.9947678047919577,0.9895161059755511,82.92771084337349,30.2,0.01000000786677793,True
ls0.1,2,2,elkan-cal,200,0.004975124378109453,486,5,12,41293,0.9759036144578314,0.9998789287616834,0.9878912716097574,0.9898167006109979,0.9828109201213346,0.017069085437692515,0.9994727323259818,0.9947678047919577,0.9895161059755511,82.92771084337349,30.2,0.01000000786677793,True
ls0.1,2,2,val-cost,1,0.9159325835022682,492,16,6,41282,0.9879518072289156,0.9996125720373868,0.9937821896331512,0.968503937007874,0.9781312127236581,0.0005263661594410949,0.9994727323259818,0.9947678047919577,0.9895161059755511,82.92771084337349,30.2,0.01000000786677793,True
ls0.1,2,2,val-cost,2,0.9159325835022682,492,16,6,41282,0.9879518072289156,0.9996125720373868,0.9937821896331512,0.968503937007874,0.9781312127236581,0.0006620324395895399,0.9994727323259818,0.9947678047919577,0.9895161059755511,82.92771084337349,30.2,0.01000000786677793,True
ls0.1,2,2,val-cost,5,0.9159325835022682,492,16,6,41282,0.9879518072289156,0.9996125720373868,0.9937821896331512,0.968503937007874,0.9781312127236581,0.0010505161231387594,0.9994727323259818,0.9947678047919577,0.9895161059755511,82.92771084337349,30.2,0.01000000786677793,True
ls0.1,2,2,val-cost,10,0.9159325835022682,492,16,6,41282,0.9879518072289156,0.9996125720373868,0.9937821896331512,0.968503937007874,0.9781312127236581,0.0016422490168114439,0.9994727323259818,0.9947678047919577,0.9895161059755511,82.92771084337349,30.2,0.01000000786677793,True
ls0.1,2,2,val-cost,20,0.9159325835022682,492,16,6,41282,0.9879518072289156,0.9996125720373868,0.9937821896331512,0.968503937007874,0.9781312127236581,0.0026532443716102854,0.9994727323259818,0.9947678047919577,0.9895161059755511,82.92771084337349,30.2,0.01000000786677793,True
ls0.1,2,2,val-cost,50,0.9159325835022682,492,16,6,41282,0.9879518072289156,0.9996125720373868,0.9937821896331512,0.968503937007874,0.9781312127236581,0.0047735581135381734,0.9994727323259818,0.9947678047919577,0.9895161059755511,82.92771084337349,30.2,0.01000000786677793,True
ls0.1,2,2,val-cost,100,0.9159325835022682,492,16,6,41282,0.9879518072289156,0.9996125720373868,0.9937821896331512,0.968503937007874,0.9781312127236581,0.006761948670662364,0.9994727323259818,0.9947678047919577,0.9895161059755511,82.92771084337349,30.2,0.01000000786677793,True
ls0.1,2,2,val-cost,200,0.9159325835022682,492,16,6,41282,0.9879518072289156,0.9996125720373868,0.9937821896331512,0.968503937007874,0.9781312127236581,0.00863035671194765,0.9994727323259818,0.9947678047919577,0.9895161059755511,82.92771084337349,30.2,0.01000000786677793,True
ls0.1,2,2,oracle,1,0.9404388964176178,492,7,6,41291,0.9879518072289156,0.9998305002663567,0.9938911537476361,0.9859719438877755,0.9869608826479438,0.00031103454876064697,0.9994727323259818,0.9947678047919577,0.9895161059755511,82.92771084337349,30.2,0.01000000786677793,True
ls0.1,2,2,oracle,2,0.9404388964176178,492,7,6,41291,0.9879518072289156,0.9998305002663567,0.9938911537476361,0.9859719438877755,0.9869608826479438,0.0004492362982929021,0.9994727323259818,0.9947678047919577,0.9895161059755511,82.92771084337349,30.2,0.01000000786677793,True
ls0.1,2,2,oracle,5,0.9404388964176178,492,7,6,41291,0.9879518072289156,0.9998305002663567,0.9938911537476361,0.9859719438877755,0.9869608826479438,0.0008449803599159587,0.9994727323259818,0.9947678047919577,0.9895161059755511,82.92771084337349,30.2,0.01000000786677793,True
ls0.1,2,2,oracle,10,0.8788271844387054,494,23,4,41275,0.9919678714859438,0.9994430723037435,0.9957054718948437,0.9555125725338491,0.9733990147783251,0.0013613380007779074,0.9994727323259818,0.9947678047919577,0.9895161059755511,82.92771084337349,30.2,0.01000000786677793,True
ls0.1,2,2,oracle,20,0.8788271844387054,494,23,4,41275,0.9919678714859438,0.9994430723037435,0.9957054718948437,0.9555125725338491,0.9733990147783251,0.002009442428498966,0.9994727323259818,0.9947678047919577,0.9895161059755511,82.92771084337349,30.2,0.01000000786677793,True
ls0.1,2,2,oracle,50,0.8788271844387054,494,23,4,41275,0.9919678714859438,0.9994430723037435,0.9957054718948437,0.9555125725338491,0.9733990147783251,0.0033686818332880147,0.9994727323259818,0.9947678047919577,0.9895161059755511,82.92771084337349,30.2,0.01000000786677793,True
ls0.1,2,2,oracle,100,0.796604722738266,495,75,3,41223,0.9939759036144579,0.9981839314252506,0.9960799175198543,0.868421052631579,0.9269662921348315,0.004116446025159718,0.9994727323259818,0.9947678047919577,0.9895161059755511,82.92771084337349,30.2,0.01000000786677793,True
ls0.1,2,2,oracle,200,0.6813622117042542,496,269,2,41029,0.9959839357429718,0.9934863673785655,0.9947351515607687,0.6483660130718955,0.7854315122723674,0.0047481156581356725,0.9994727323259818,0.9947678047919577,0.9895161059755511,82.92771084337349,30.2,0.01000000786677793,True
ls0.1,2,3,0.5,1,0.5,498,41298,0,0,1.0,0.0,0.5,0.011915015790984784,0.02354943963682792,0.9880849842090152,0.998851719532496,0.9949229939469546,0.9770343906499159,82.92771084337349,30.2,0.010000005550513799,True
ls0.1,2,3,0.5,2,0.5,498,41298,0,0,1.0,0.0,0.5,0.011915015790984784,0.02354943963682792,0.9764505603631721,0.998851719532496,0.9949229939469546,0.9770343906499159,82.92771084337349,30.2,0.010000005550513799,True
ls0.1,2,3,0.5,5,0.5,498,41298,0,0,1.0,0.0,0.5,0.011915015790984784,0.02354943963682792,0.9431351055083584,0.998851719532496,0.9949229939469546,0.9770343906499159,82.92771084337349,30.2,0.010000005550513799,True
ls0.1,2,3,0.5,10,0.5,498,41298,0,0,1.0,0.0,0.5,0.011915015790984784,0.02354943963682792,0.8923894723194606,0.998851719532496,0.9949229939469546,0.9770343906499159,82.92771084337349,30.2,0.010000005550513799,True
ls0.1,2,3,0.5,20,0.5,498,41298,0,0,1.0,0.0,0.5,0.011915015790984784,0.02354943963682792,0.8056888680791291,0.998851719532496,0.9949229939469546,0.9770343906499159,82.92771084337349,30.2,0.010000005550513799,True
ls0.1,2,3,0.5,50,0.5,498,41298,0,0,1.0,0.0,0.5,0.011915015790984784,0.02354943963682792,0.6238557056104415,0.998851719532496,0.9949229939469546,0.9770343906499159,82.92771084337349,30.2,0.010000005550513799,True
ls0.1,2,3,0.5,100,0.5,498,41298,0,0,1.0,0.0,0.5,0.011915015790984784,0.02354943963682792,0.45333596785878943,0.998851719532496,0.9949229939469546,0.9770343906499159,82.92771084337349,30.2,0.010000005550513799,True
ls0.1,2,3,0.5,200,0.5,498,41298,0,0,1.0,0.0,0.5,0.011915015790984784,0.02354943963682792,0.2931056508963931,0.998851719532496,0.9949229939469546,0.9770343906499159,82.92771084337349,30.2,0.010000005550513799,True
ls0.1,2,3,val-Youden,1,0.9470856827106605,491,6,7,41292,0.9859437751004017,0.9998547145140201,0.9928992448072109,0.9879275653923542,0.9869346733668342,0.00031103454876064697,0.998851719532496,0.9949229939469546,0.9770343906499159,82.92771084337349,30.2,0.010000005550513799,True
ls0.1,2,3,val-Youden,2,0.9470856827106605,491,6,7,41292,0.9859437751004017,0.9998547145140201,0.9928992448072109,0.9879275653923542,0.9869346733668342,0.0004728803139925285,0.998851719532496,0.9949229939469546,0.9770343906499159,82.92771084337349,30.2,0.010000005550513799,True
ls0.1,2,3,val-Youden,5,0.9470856827106605,491,6,7,41292,0.9859437751004017,0.9998547145140201,0.9928992448072109,0.9879275653923542,0.9869346733668342,0.0009363295880149813,0.998851719532496,0.9949229939469546,0.9770343906499159,82.92771084337349,30.2,0.010000005550513799,True
ls0.1,2,3,val-Youden,10,0.9470856827106605,491,6,7,41292,0.9859437751004017,0.9998547145140201,0.9928992448072109,0.9879275653923542,0.9869346733668342,0.0016422490168114439,0.998851719532496,0.9949229939469546,0.9770343906499159,82.92771084337349,30.2,0.010000005550513799,True
ls0.1,2,3,val-Youden,20,0.9470856827106605,491,6,7,41292,0.9859437751004017,0.9998547145140201,0.9928992448072109,0.9879275653923542,0.9869346733668342,0.002848335869522806,0.998851719532496,0.9949229939469546,0.9770343906499159,82.92771084337349,30.2,0.010000005550513799,True
ls0.1,2,3,val-Youden,50,0.9470856827106605,491,6,7,41292,0.9859437751004017,0.9998547145140201,0.9928992448072109,0.9879275653923542,0.9869346733668342,0.00537780597601136,0.998851719532496,0.9949229939469546,0.9770343906499159,82.92771084337349,30.2,0.010000005550513799,True
ls0.1,2,3,val-Youden,100,0.9470856827106605,491,6,7,41292,0.9859437751004017,0.9998547145140201,0.9928992448072109,0.9879275653923542,0.9869346733668342,0.007749895716700696,0.998851719532496,0.9949229939469546,0.9770343906499159,82.92771084337349,30.2,0.010000005550513799,True
ls0.1,2,3,val-Youden,200,0.9470856827106605,491,6,7,41292,0.9859437751004017,0.9998547145140201,0.9928992448072109,0.9879275653923542,0.9869346733668342,0.009978849948189471,0.998851719532496,0.9949229939469546,0.9770343906499159,82.92771084337349,30.2,0.010000005550513799,True
ls0.1,2,3,elkan-raw,1,0.5,498,41298,0,0,1.0,0.0,0.5,0.011915015790984784,0.02354943963682792,0.9880849842090152,0.998851719532496,0.9949229939469546,0.9770343906499159,82.92771084337349,30.2,0.010000005550513799,True
ls0.1,2,3,elkan-raw,2,0.3333333333333333,498,41298,0,0,1.0,0.0,0.5,0.011915015790984784,0.02354943963682792,0.9764505603631721,0.998851719532496,0.9949229939469546,0.9770343906499159,82.92771084337349,30.2,0.010000005550513799,True
ls0.1,2,3,elkan-raw,5,0.16666666666666666,498,41298,0,0,1.0,0.0,0.5,0.011915015790984784,0.02354943963682792,0.9431351055083584,0.998851719532496,0.9949229939469546,0.9770343906499159,82.92771084337349,30.2,0.010000005550513799,True
ls0.1,2,3,elkan-raw,10,0.09090909090909091,498,41298,0,0,1.0,0.0,0.5,0.011915015790984784,0.02354943963682792,0.8923894723194606,0.998851719532496,0.9949229939469546,0.9770343906499159,82.92771084337349,30.2,0.010000005550513799,True
ls0.1,2,3,elkan-raw,20,0.047619047619047616,498,41298,0,0,1.0,0.0,0.5,0.011915015790984784,0.02354943963682792,0.8056888680791291,0.998851719532496,0.9949229939469546,0.9770343906499159,82.92771084337349,30.2,0.010000005550513799,True
ls0.1,2,3,elkan-raw,50,0.0196078431372549,498,41298,0,0,1.0,0.0,0.5,0.011915015790984784,0.02354943963682792,0.6238557056104415,0.998851719532496,0.9949229939469546,0.9770343906499159,82.92771084337349,30.2,0.010000005550513799,True
ls0.1,2,3,elkan-raw,100,0.009900990099009901,498,41298,0,0,1.0,0.0,0.5,0.011915015790984784,0.02354943963682792,0.45333596785878943,0.998851719532496,0.9949229939469546,0.9770343906499159,82.92771084337349,30.2,0.010000005550513799,True
ls0.1,2,3,elkan-raw,200,0.004975124378109453,498,41298,0,0,1.0,0.0,0.5,0.011915015790984784,0.02354943963682792,0.2931056508963931,0.998851719532496,0.9949229939469546,0.9770343906499159,82.92771084337349,30.2,0.010000005550513799,True
ls0.1,2,3,elkan-cal,1,0.5,489,4,9,41294,0.9819277108433735,0.9999031430093467,0.99091542692636,0.9918864097363083,0.9868819374369324,0.00031103454876064697,0.998851719532496,0.9949229939469546,0.9770343906499159,82.92771084337349,30.2,0.010000005550513799,True
ls0.1,2,3,elkan-cal,2,0.3333333333333333,489,4,9,41294,0.9819277108433735,0.9999031430093467,0.99091542692636,0.9918864097363083,0.9868819374369324,0.0005201683453917814,0.998851719532496,0.9949229939469546,0.9770343906499159,82.92771084337349,30.2,0.010000005550513799,True
ls0.1,2,3,elkan-cal,5,0.16666666666666666,489,4,9,41294,0.9819277108433735,0.9999031430093467,0.99091542692636,0.9918864097363083,0.9868819374369324,0.0011190280442130265,0.998851719532496,0.9949229939469546,0.9770343906499159,82.92771084337349,30.2,0.010000005550513799,True
ls0.1,2,3,elkan-cal,10,0.09090909090909091,489,4,9,41294,0.9819277108433735,0.9999031430093467,0.99091542692636,0.9918864097363083,0.9868819374369324,0.0020312027313194175,0.998851719532496,0.9949229939469546,0.9770343906499159,82.92771084337349,30.2,0.010000005550513799,True
ls0.1,2,3,elkan-cal,20,0.047619047619047616,489,4,9,41294,0.9819277108433735,0.9999031430093467,0.99091542692636,0.9918864097363083,0.9868819374369324,0.003589683561590386,0.998851719532496,0.9949229939469546,0.9770343906499159,82.92771084337349,30.2,0.010000005550513799,True
ls0.1,2,3,elkan-cal,50,0.0196078431372549,489,4,9,41294,0.9819277108433735,0.9999031430093467,0.99091542692636,0.9918864097363083,0.9868819374369324,0.006858213239070667,0.998851719532496,0.9949229939469546,0.9770343906499159,82.92771084337349,30.2,0.010000005550513799,True
ls0.1,2,3,elkan-cal,100,0.009900990099009901,489,4,9,41294,0.9819277108433735,0.9999031430093467,0.99091542692636,0.9918864097363083,0.9868819374369324,0.009923379217985027,0.998851719532496,0.9949229939469546,0.9770343906499159,82.92771084337349,30.2,0.010000005550513799,True
ls0.1,2,3,elkan-cal,200,0.004975124378109453,489,4,9,41294,0.9819277108433735,0.9999031430093467,0.99091542692636,0.9918864097363083,0.9868819374369324,0.012803588411474968,0.998851719532496,0.9949229939469546,0.9770343906499159,82.92771084337349,30.2,0.010000005550513799,True
ls0.1,2,3,val-cost,1,0.9195726842655201,493,9,5,41289,0.9899598393574297,0.9997820717710301,0.9948709555642299,0.9820717131474104,0.986,0.00033496028328069673,0.998851719532496,0.9949229939469546,0.9770343906499159,82.92771084337349,30.2,0.010000005550513799,True
ls0.1,2,3,val-cost,2,0.9195726842655201,493,9,5,41289,0.9899598393574297,0.9997820717710301,0.9948709555642299,0.9820717131474104,0.986,0.0004492362982929021,0.998851719532496,0.9949229939469546,0.9770343906499159,82.92771084337349,30.2,0.010000005550513799,True
ls0.1,2,3,val-cost,5,0.9195726842655201,493,9,5,41289,0.9899598393574297,0.9997820717710301,0.9948709555642299,0.9820717131474104,0.986,0.0007764684388416918,0.998851719532496,0.9949229939469546,0.9770343906499159,82.92771084337349,30.2,0.010000005550513799,True
ls0.1,2,3,val-cost,10,0.9195726842655201,493,9,5,41289,0.9899598393574297,0.9997820717710301,0.9948709555642299,0.9820717131474104,0.986,0.0012749038419983577,0.998851719532496,0.9949229939469546,0.9770343906499159,82.92771084337349,30.2,0.010000005550513799,True
ls0.1,2,3,val-cost,20,0.9195726842655201,493,9,5,41289,0.9899598393574297,0.9997820717710301,0.9948709555642299,0.9820717131474104,0.986,0.002126497327246479,0.998851719532496,0.9949229939469546,0.9770343906499159,82.92771084337349,30.2,0.010000005550513799,True
ls0.1,2,3,val-cost,50,0.9195726842655201,493,9,5,41289,0.9899598393574297,0.9997820717710301,0.9948709555642299,0.9820717131474104,0.986,0.003912504909513882,0.998851719532496,0.9949229939469546,0.9770343906499159,82.92771084337349,30.2,0.010000005550513799,True
ls0.1,2,3,val-cost,100,0.9195726842655201,493,9,5,41289,0.9899598393574297,0.9997820717710301,0.9948709555642299,0.9820717131474104,0.986,0.005587389404816791,0.998851719532496,0.9949229939469546,0.9770343906499159,82.92771084337349,30.2,0.010000005550513799,True
ls0.1,2,3,val-cost,200,0.9195726842655201,493,9,5,41289,0.9899598393574297,0.9997820717710301,0.9948709555642299,0.9820717131474104,0.986,0.007161208817726299,0.998851719532496,0.9949229939469546,0.9770343906499159,82.92771084337349,30.2,0.010000005550513799,True
ls0.1,2,3,oracle,1,0.9412792921066284,493,6,5,41292,0.9899598393574297,0.9998547145140201,0.9949072769357249,0.9879759519038076,0.9889669007021064,0.00026318307972054744,0.998851719532496,0.9949229939469546,0.9770343906499159,82.92771084337349,30.2,0.010000005550513799,True
ls0.1,2,3,oracle,2,0.9412792921066284,493,6,5,41292,0.9899598393574297,0.9998547145140201,0.9949072769357249,0.9879759519038076,0.9889669007021064,0.0003783042511940228,0.998851719532496,0.9949229939469546,0.9770343906499159,82.92771084337349,30.2,0.010000005550513799,True
ls0.1,2,3,oracle,5,0.9412792921066284,493,6,5,41292,0.9899598393574297,0.9998547145140201,0.9949072769357249,0.9879759519038076,0.9889669007021064,0.0007079565177674249,0.998851719532496,0.9949229939469546,0.9770343906499159,82.92771084337349,30.2,0.010000005550513799,True
ls0.1,2,3,oracle,10,0.882853239774704,495,20,3,41278,0.9939759036144579,0.9995157150467335,0.9967458093305956,0.9611650485436893,0.9772951628825272,0.001080426984744371,0.998851719532496,0.9949229939469546,0.9770343906499159,82.92771084337349,30.2,0.010000005550513799,True
ls0.1,2,3,oracle,20,0.882853239774704,495,20,3,41278,0.9939759036144579,0.9995157150467335,0.9967458093305956,0.9611650485436893,0.9772951628825272,0.0015607319833001677,0.998851719532496,0.9949229939469546,0.9770343906499159,82.92771084337349,30.2,0.010000005550513799,True
ls0.1,2,3,oracle,50,0.882853239774704,495,20,3,41278,0.9939759036144579,0.9995157150467335,0.9967458093305956,0.9611650485436893,0.9772951628825272,0.0025680534155110425,0.998851719532496,0.9949229939469546,0.9770343906499159,82.92771084337349,30.2,0.010000005550513799,True
ls0.1,2,3,oracle,100,0.882853239774704,495,20,3,41278,0.9939759036144579,0.9995157150467335,0.9967458093305956,0.9611650485436893,0.9772951628825272,0.0035127006081362927,0.998851719532496,0.9949229939469546,0.9770343906499159,82.92771084337349,30.2,0.010000005550513799,True
ls0.1,2,3,oracle,200,0.882853239774704,495,20,3,41278,0.9939759036144579,0.9995157150467335,0.9967458093305956,0.9611650485436893,0.9772951628825272,0.00440034634984173,0.998851719532496,0.9949229939469546,0.9770343906499159,82.92771084337349,30.2,0.010000005550513799,True
ls0.1,2,4,0.5,1,0.5,498,41298,0,0,1.0,0.0,0.5,0.011915015790984784,0.02354943963682792,0.9880849842090152,0.9982705532770824,0.9949485754283485,0.9654354742812594,82.92771084337349,30.2,0.01000000659953861,True
ls0.1,2,4,0.5,2,0.5,498,41298,0,0,1.0,0.0,0.5,0.011915015790984784,0.02354943963682792,0.9764505603631721,0.9982705532770824,0.9949485754283485,0.9654354742812594,82.92771084337349,30.2,0.01000000659953861,True
ls0.1,2,4,0.5,5,0.5,498,41298,0,0,1.0,0.0,0.5,0.011915015790984784,0.02354943963682792,0.9431351055083584,0.9982705532770824,0.9949485754283485,0.9654354742812594,82.92771084337349,30.2,0.01000000659953861,True
ls0.1,2,4,0.5,10,0.5,498,41298,0,0,1.0,0.0,0.5,0.011915015790984784,0.02354943963682792,0.8923894723194606,0.9982705532770824,0.9949485754283485,0.9654354742812594,82.92771084337349,30.2,0.01000000659953861,True
ls0.1,2,4,0.5,20,0.5,498,41298,0,0,1.0,0.0,0.5,0.011915015790984784,0.02354943963682792,0.8056888680791291,0.9982705532770824,0.9949485754283485,0.9654354742812594,82.92771084337349,30.2,0.01000000659953861,True
ls0.1,2,4,0.5,50,0.5,498,41298,0,0,1.0,0.0,0.5,0.011915015790984784,0.02354943963682792,0.6238557056104415,0.9982705532770824,0.9949485754283485,0.9654354742812594,82.92771084337349,30.2,0.01000000659953861,True
ls0.1,2,4,0.5,100,0.5,498,41298,0,0,1.0,0.0,0.5,0.011915015790984784,0.02354943963682792,0.45333596785878943,0.9982705532770824,0.9949485754283485,0.9654354742812594,82.92771084337349,30.2,0.01000000659953861,True
ls0.1,2,4,0.5,200,0.5,498,41298,0,0,1.0,0.0,0.5,0.011915015790984784,0.02354943963682792,0.2931056508963931,0.9982705532770824,0.9949485754283485,0.9654354742812594,82.92771084337349,30.2,0.01000000659953861,True
ls0.1,2,4,val-Youden,1,0.9576750897099641,493,12,5,41286,0.9899598393574297,0.99970942902804,0.9948346341927349,0.9762376237623762,0.9830508474576272,0.000406737486840846,0.9982705532770824,0.9949485754283485,0.9654354742812594,82.92771084337349,30.2,0.01000000659953861,True
ls0.1,2,4,val-Youden,2,0.9576750897099641,493,12,5,41286,0.9899598393574297,0.99970942902804,0.9948346341927349,0.9762376237623762,0.9830508474576272,0.0005201683453917814,0.9982705532770824,0.9949485754283485,0.9654354742812594,82.92771084337349,30.2,0.01000000659953861,True
ls0.1,2,4,val-Youden,5,0.9576750897099641,493,12,5,41286,0.9899598393574297,0.99970942902804,0.9948346341927349,0.9762376237623762,0.9830508474576272,0.0008449803599159587,0.9982705532770824,0.9949485754283485,0.9654354742812594,82.92771084337349,30.2,0.01000000659953861,True
ls0.1,2,4,val-Youden,10,0.9576750897099641,493,12,5,41286,0.9899598393574297,0.99970942902804,0.9948346341927349,0.9762376237623762,0.9830508474576272,0.00133972946108302,0.9982705532770824,0.9949485754283485,0.9654354742812594,82.92771084337349,30.2,0.01000000659953861,True
ls0.1,2,4,val-Youden,20,0.9576750897099641,493,12,5,41286,0.9899598393574297,0.99970942902804,0.9948346341927349,0.9762376237623762,0.9830508474576272,0.002185024776620235,0.9982705532770824,0.9949485754283485,0.9654354742812594,82.92771084337349,30.2,0.01000000659953861,True
ls0.1,2,4,val-Youden,50,0.9576750897099641,493,12,5,41286,0.9899598393574297,0.99970942902804,0.9948346341927349,0.9762376237623762,0.9830508474576272,0.003957823499199372,0.9982705532770824,0.9949485754283485,0.9654354742812594,82.92771084337349,30.2,0.01000000659953861,True
ls0.1,2,4,val-Youden,100,0.9576750897099641,493,12,5,41286,0.9899598393574297,0.99970942902804,0.9948346341927349,0.9762376237623762,0.9830508474576272,0.005620320973018069,0.9982705532770824,0.9949485754283485,0.9654354742812594,82.92771084337349,30.2,0.01000000659953861,True
ls0.1,2,4,val-Youden,200,0.9576750897099641,493,12,5,41286,0.9899598393574297,0.99970942902804,0.9948346341927349,0.9762376237623762,0.9830508474576272,0.007182500816193275,0.9982705532770824,0.9949485754283485,0.9654354742812594,82.92771084337349,30.2,0.01000000659953861,True
ls0.1,2,4,elkan-raw,1,0.5,498,41298,0,0,1.0,0.0,0.5,0.011915015790984784,0.02354943963682792,0.9880849842090152,0.9982705532770824,0.9949485754283485,0.9654354742812594,82.92771084337349,30.2,0.01000000659953861,True
ls0.1,2,4,elkan-raw,2,0.3333333333333333,498,41298,0,0,1.0,0.0,0.5,0.011915015790984784,0.02354943963682792,0.9764505603631721,0.9982705532770824,0.9949485754283485,0.9654354742812594,82.92771084337349,30.2,0.01000000659953861,True
ls0.1,2,4,elkan-raw,5,0.16666666666666666,498,41298,0,0,1.0,0.0,0.5,0.011915015790984784,0.02354943963682792,0.9431351055083584,0.9982705532770824,0.9949485754283485,0.9654354742812594,82.92771084337349,30.2,0.01000000659953861,True
ls0.1,2,4,elkan-raw,10,0.09090909090909091,498,41298,0,0,1.0,0.0,0.5,0.011915015790984784,0.02354943963682792,0.8923894723194606,0.9982705532770824,0.9949485754283485,0.9654354742812594,82.92771084337349,30.2,0.01000000659953861,True
ls0.1,2,4,elkan-raw,20,0.047619047619047616,498,41298,0,0,1.0,0.0,0.5,0.011915015790984784,0.02354943963682792,0.8056888680791291,0.9982705532770824,0.9949485754283485,0.9654354742812594,82.92771084337349,30.2,0.01000000659953861,True
ls0.1,2,4,elkan-raw,50,0.0196078431372549,498,41298,0,0,1.0,0.0,0.5,0.011915015790984784,0.02354943963682792,0.6238557056104415,0.9982705532770824,0.9949485754283485,0.9654354742812594,82.92771084337349,30.2,0.01000000659953861,True
ls0.1,2,4,elkan-raw,100,0.009900990099009901,498,41298,0,0,1.0,0.0,0.5,0.011915015790984784,0.02354943963682792,0.45333596785878943,0.9982705532770824,0.9949485754283485,0.9654354742812594,82.92771084337349,30.2,0.01000000659953861,True
ls0.1,2,4,elkan-raw,200,0.004975124378109453,498,41298,0,0,1.0,0.0,0.5,0.011915015790984784,0.02354943963682792,0.2931056508963931,0.9982705532770824,0.9949485754283485,0.9654354742812594,82.92771084337349,30.2,0.01000000659953861,True
ls0.1,2,4,elkan-cal,1,0.5,490,9,8,41289,0.9839357429718876,0.9997820717710301,0.9918589073714588,0.9819639278557114,0.9829488465396189,0.000406737486840846,0.9982705532770824,0.9949485754283485,0.9654354742812594,82.92771084337349,30.2,0.01000000659953861,True
ls0.1,2,4,elkan-cal,2,0.3333333333333333,490,9,8,41289,0.9839357429718876,0.9997820717710301,0.9918589073714588,0.9819639278557114,0.9829488465396189,0.0005911003924906606,0.9982705532770824,0.9949485754283485,0.9654354742812594,82.92771084337349,30.2,0.01000000659953861,True
ls0.1,2,4,elkan-cal,5,0.16666666666666666,490,9,8,41289,0.9839357429718876,0.9997820717710301,0.9918589073714588,0.9819639278557114,0.9829488465396189,0.0011190280442130265,0.9982705532770824,0.9949485754283485,0.9654354742812594,82.92771084337349,30.2,0.01000000659953861,True
ls0.1,2,4,elkan-cal,10,0.09090909090909091,490,9,8,41289,0.9839357429718876,0.9997820717710301,0.9918589073714588,0.9819639278557114,0.9829488465396189,0.0019231600328449804,0.9982705532770824,0.9949485754283485,0.9654354742812594,82.92771084337349,30.2,0.01000000659953861,True
ls0.1,2,4,elkan-cal,20,0.047619047619047616,490,9,8,41289,0.9839357429718876,0.9997820717710301,0.9918589073714588,0.9819639278557114,0.9829488465396189,0.0032970463147216043,0.9982705532770824,0.9949485754283485,0.9654354742812594,82.92771084337349,30.2,0.01000000659953861,True
ls0.1,2,4,elkan-cal,50,0.0196078431372549,490,9,8,41289,0.9839357429718876,0.9997820717710301,0.9918589073714588,0.9819639278557114,0.9829488465396189,0.006178434393788332,0.9982705532770824,0.9949485754283485,0.9654354742812594,82.92771084337349,30.2,0.01000000659953861,True
ls0.1,2,4,elkan-cal,100,0.009900990099009901,490,9,8,41289,0.9839357429718876,0.9997820717710301,0.9918589073714588,0.9819639278557114,0.9829488465396189,0.008880546224944566,0.9982705532770824,0.9949485754283485,0.9654354742812594,82.92771084337349,30.2,0.01000000659953861,True
ls0.1,2,4,elkan-cal,200,0.004975124378109453,491,9,7,41289,0.9859437751004017,0.9997820717710301,0.9928629234357158,0.982,0.9839679358717435,0.010000141946656447,0.9982705532770824,0.9949485754283485,0.9654354742812594,82.92771084337349,30.2,0.01000000659953861,True
ls0.1,2,4,val-cost,1,0.9559623123556651,493,12,5,41286,0.9899598393574297,0.99970942902804,0.9948346341927349,0.9762376237623762,0.9830508474576272,0.000406737486840846,0.9982705532770824,0.9949485754283485,0.9654354742812594,82.92771084337349,30.2,0.01000000659953861,True
ls0.1,2,4,val-cost,2,0.9559623123556651,493,12,5,41286,0.9899598393574297,0.99970942902804,0.9948346341927349,0.9762376237623762,0.9830508474576272,0.0005201683453917814,0.9982705532770824,0.9949485754283485,0.9654354742812594,82.92771084337349,30.2,0.01000000659953861,True
ls0.1,2,4,val-cost,5,0.9559623123556651,493,12,5,41286,0.9899598393574297,0.99970942902804,0.9948346341927349,0.9762376237623762,0.9830508474576272,0.0008449803599159587,0.9982705532770824,0.9949485754283485,0.9654354742812594,82.92771084337349,30.2,0.01000000659953861,True
ls0.1,2,4,val-cost,10,0.9559623123556651,493,12,5,41286,0.9899598393574297,0.99970942902804,0.9948346341927349,0.9762376237623762,0.9830508474576272,0.00133972946108302,0.9982705532770824,0.9949485754283485,0.9654354742812594,82.92771084337349,30.2,0.01000000659953861,True
ls0.1,2,4,val-cost,20,0.9559623123556651,493,12,5,41286,0.9899598393574297,0.99970942902804,0.9948346341927349,0.9762376237623762,0.9830508474576272,0.002185024776620235,0.9982705532770824,0.9949485754283485,0.9654354742812594,82.92771084337349,30.2,0.01000000659953861,True
ls0.1,2,4,val-cost,50,0.9559623123556651,493,12,5,41286,0.9899598393574297,0.99970942902804,0.9948346341927349,0.9762376237623762,0.9830508474576272,0.003957823499199372,0.9982705532770824,0.9949485754283485,0.9654354742812594,82.92771084337349,30.2,0.01000000659953861,True
ls0.1,2,4,val-cost,100,0.9559623123556651,493,12,5,41286,0.9899598393574297,0.99970942902804,0.9948346341927349,0.9762376237623762,0.9830508474576272,0.005620320973018069,0.9982705532770824,0.9949485754283485,0.9654354742812594,82.92771084337349,30.2,0.01000000659953861,True
ls0.1,2,4,val-cost,200,0.9559623123556651,493,12,5,41286,0.9899598393574297,0.99970942902804,0.9948346341927349,0.9762376237623762,0.9830508474576272,0.007182500816193275,0.9982705532770824,0.9949485754283485,0.9654354742812594,82.92771084337349,30.2,0.01000000659953861,True
ls0.1,2,4,oracle,1,0.9658938348293304,491,9,7,41289,0.9859437751004017,0.9997820717710301,0.9928629234357158,0.982,0.9839679358717435,0.00038281175232079625,0.9982705532770824,0.9949485754283485,0.9654354742812594,82.92771084337349,30.2,0.01000000659953861,True
ls0.1,2,4,oracle,2,0.9522862136363983,494,13,4,41285,0.9919678714859438,0.9996852147803768,0.9958265431331603,0.9743589743589743,0.9830845771144279,0.0004965243296921549,0.9982705532770824,0.9949485754283485,0.9654354742812594,82.92771084337349,30.2,0.01000000659953861,True
ls0.1,2,4,oracle,5,0.9522862136363983,494,13,4,41285,0.9919678714859438,0.9996852147803768,0.9958265431331603,0.9743589743589743,0.9830845771144279,0.0007536311318169361,0.9982705532770824,0.9949485754283485,0.9654354742812594,82.92771084337349,30.2,0.01000000659953861,True
ls0.1,2,4,oracle,10,0.934400200843811,495,22,3,41276,0.9939759036144579,0.9994672865514068,0.9967215950829323,0.9574468085106383,0.9753694581280788,0.0011236440641341457,0.9982705532770824,0.9949485754283485,0.9654354742812594,82.92771084337349,30.2,0.01000000659953861,True
ls0.1,2,4,oracle,20,0.934400200843811,495,22,3,41276,0.9939759036144579,0.9994672865514068,0.9967215950829323,0.9574468085106383,0.9753694581280788,0.001599750282882672,0.9982705532770824,0.9949485754283485,0.9654354742812594,82.92771084337349,30.2,0.01000000659953861,True
ls0.1,2,4,oracle,50,0.934400200843811,495,22,3,41276,0.9939759036144579,0.9994672865514068,0.9967215950829323,0.9574468085106383,0.9753694581280788,0.002598265808634702,0.9982705532770824,0.9949485754283485,0.9654354742812594,82.92771084337349,30.2,0.01000000659953861,True
ls0.1,2,4,oracle,100,0.934400200843811,495,22,3,41276,0.9939759036144579,0.9994672865514068,0.9967215950829323,0.9574468085106383,0.9753694581280788,0.0035346549869371448,0.9982705532770824,0.9949485754283485,0.9654354742812594,82.92771084337349,30.2,0.01000000659953861,True
ls0.1,2,4,oracle,200,0.740212619304657,496,188,2,41110,0.9959839357429718,0.9954477214392948,0.9957158285911334,0.7251461988304093,0.8392554991539763,0.0041732316995273175,0.9982705532770824,0.9949485754283485,0.9654354742812594,82.92771084337349,30.2,0.01000000659953861,True
ls0.1,3,0,0.5,1,0.5,1776,2934,32,43399,0.9823008849557522,0.9366758034230462,0.9594883441893992,0.37707006369426754,0.5449524393985885,0.0616106852786606,0.9890948215104624,0.885709812741617,0.8298877747067258,25.6266592920354,5.104395604395604,0.010000005492197712,True
ls0.1,3,0,0.5,2,0.5,1776,2934,32,43399,0.9823008849557522,0.9366758034230462,0.9594883441893992,0.37707006369426754,0.5449524393985885,0.060021221646079,0.9890948215104624,0.885709812741617,0.8298877747067258,25.6266592920354,5.104395604395604,0.010000005492197712,True
ls0.1,3,0,0.5,5,0.5,1776,2934,32,43399,0.9823008849557522,0.9366758034230462,0.9594883441893992,0.37707006369426754,0.5449524393985885,0.05587560724540841,0.9890948215104624,0.885709812741617,0.8298877747067258,25.6266592920354,5.104395604395604,0.010000005492197712,True
ls0.1,3,0,0.5,10,0.5,1776,2934,32,43399,0.9823008849557522,0.9366758034230462,0.9594883441893992,0.37707006369426754,0.5449524393985885,0.05051775262757518,0.9890948215104624,0.885709812741617,0.8298877747067258,25.6266592920354,5.104395604395604,0.010000005492197712,True
ls0.1,3,0,0.5,20,0.5,1776,2934,32,43399,0.9823008849557522,0.9366758034230462,0.9594883441893992,0.37707006369426754,0.5449524393985885,0.043324888172329774,0.9890948215104624,0.885709812741617,0.8298877747067258,25.6266592920354,5.104395604395604,0.010000005492197712,True
ls0.1,3,0,0.5,50,0.5,1776,2934,32,43399,0.9823008849557522,0.9366758034230462,0.9594883441893992,0.37707006369426754,0.5449524393985885,0.03315951525966665,0.9890948215104624,0.885709812741617,0.8298877747067258,25.6266592920354,5.104395604395604,0.010000005492197712,True
ls0.1,3,0,0.5,100,0.5,1776,2934,32,43399,0.9823008849557522,0.9366758034230462,0.9594883441893992,0.37707006369426754,0.5449524393985885,0.02700620341385884,0.9890948215104624,0.885709812741617,0.8298877747067258,25.6266592920354,5.104395604395604,0.010000005492197712,True
ls0.1,3,0,0.5,200,0.5,1776,2934,32,43399,0.9823008849557522,0.9366758034230462,0.9594883441893992,0.37707006369426754,0.5449524393985885,0.022881208433737893,0.9890948215104624,0.885709812741617,0.8298877747067258,25.6266592920354,5.104395604395604,0.010000005492197712,True
ls0.1,3,0,val-Youden,1,0.7205151380049961,1769,1454,39,44879,0.978429203539823,0.9686184792696351,0.973523841404729,0.5488675147378219,0.7032399125422382,0.031013065785920526,0.9890948215104624,0.885709812741617,0.8298877747067258,25.6266592920354,5.104395604395604,0.010000005492197712,True
ls0.1,3,0,val-Youden,2,0.7205151380049961,1769,1454,39,44879,0.978429203539823,0.9686184792696351,0.973523841404729,0.5488675147378219,0.7032399125422382,0.030671284710404614,0.9890948215104624,0.885709812741617,0.8298877747067258,25.6266592920354,5.104395604395604,0.010000005492197712,True
ls0.1,3,0,val-Youden,5,0.7205151380049961,1769,1454,39,44879,0.978429203539823,0.9686184792696351,0.973523841404729,0.5488675147378219,0.7032399125422382,0.02977985660881657,0.9890948215104624,0.885709812741617,0.8298877747067258,25.6266592920354,5.104395604395604,0.010000005492197712,True
ls0.1,3,0,val-Youden,10,0.7205151380049961,1769,1454,39,44879,0.978429203539823,0.9686184792696351,0.973523841404729,0.5488675147378219,0.7032399125422382,0.028627761476720536,0.9890948215104624,0.885709812741617,0.8298877747067258,25.6266592920354,5.104395604395604,0.010000005492197712,True
ls0.1,3,0,val-Youden,20,0.7205151380049961,1769,1454,39,44879,0.978429203539823,0.9686184792696351,0.973523841404729,0.5488675147378219,0.7032399125422382,0.02708108566787485,0.9890948215104624,0.885709812741617,0.8298877747067258,25.6266592920354,5.104395604395604,0.010000005492197712,True
ls0.1,3,0,val-Youden,50,0.7205151380049961,1769,1454,39,44879,0.978429203539823,0.9686184792696351,0.973523841404729,0.5488675147378219,0.7032399125422382,0.02489523377677664,0.9890948215104624,0.885709812741617,0.8298877747067258,25.6266592920354,5.104395604395604,0.010000005492197712,True
ls0.1,3,0,val-Youden,100,0.7205151380049961,1769,1454,39,44879,0.978429203539823,0.9686184792696351,0.973523841404729,0.5488675147378219,0.7032399125422382,0.02357209212223675,0.9890948215104624,0.885709812741617,0.8298877747067258,25.6266592920354,5.104395604395604,0.010000005492197712,True
ls0.1,3,0,val-Youden,200,0.7205151380049961,1769,1454,39,44879,0.978429203539823,0.9686184792696351,0.973523841404729,0.5488675147378219,0.7032399125422382,0.022685097797922698,0.9890948215104624,0.885709812741617,0.8298877747067258,25.6266592920354,5.104395604395604,0.010000005492197712,True
ls0.1,3,0,elkan-raw,1,0.5,1776,2934,32,43399,0.9823008849557522,0.9366758034230462,0.9594883441893992,0.37707006369426754,0.5449524393985885,0.0616106852786606,0.9890948215104624,0.885709812741617,0.8298877747067258,25.6266592920354,5.104395604395604,0.010000005492197712,True
ls0.1,3,0,elkan-raw,2,0.3333333333333333,1781,4885,27,41448,0.985066371681416,0.8945675868171713,0.9398169792492936,0.26717671767176715,0.42034458343167336,0.09888085847564516,0.9890948215104624,0.885709812741617,0.8298877747067258,25.6266592920354,5.104395604395604,0.010000005492197712,True
ls0.1,3,0,elkan-raw,5,0.16666666666666666,1802,46077,6,256,0.9966814159292036,0.0055252196058964455,0.50110331776755,0.03763654211658556,0.07253406323585646,0.8326621277517924,0.9890948215104624,0.885709812741617,0.8298877747067258,25.6266592920354,5.104395604395604,0.010000005492197712,True
ls0.1,3,0,elkan-raw,10,0.09090909090909091,1808,46329,0,4,1.0,8.633155634213196e-05,0.5000431657781711,0.037559465691671685,0.07239963960356392,0.719249219877975,0.9890948215104624,0.885709812741617,0.8298877747067258,25.6266592920354,5.104395604395604,0.010000005492197712,True
ls0.1,3,0,elkan-raw,20,0.047619047619047616,1808,46333,0,0,1.0,0.0,0.5,0.037556344903512597,0.07239384171855293,0.5616597771932164,0.9890948215104624,0.885709812741617,0.8298877747067258,25.6266592920354,5.104395604395604,0.010000005492197712,True
ls0.1,3,0,elkan-raw,50,0.0196078431372549,1808,46333,0,0,1.0,0.0,0.5,0.037556344903512597,0.07239384171855293,0.33885748136879906,0.9890948215104624,0.885709812741617,0.8298877747067258,25.6266592920354,5.104395604395604,0.010000005492197712,True
ls0.1,3,0,elkan-raw,100,0.009900990099009901,1808,46333,0,0,1.0,0.0,0.5,0.037556344903512597,0.07239384171855293,0.20399061342913624,0.9890948215104624,0.885709812741617,0.8298877747067258,25.6266592920354,5.104395604395604,0.010000005492197712,True
ls0.1,3,0,elkan-raw,200,0.004975124378109453,1808,46333,0,0,1.0,0.0,0.5,0.037556344903512597,0.07239384171855293,0.11357992611531796,0.9890948215104624,0.885709812741617,0.8298877747067258,25.6266592920354,5.104395604395604,0.010000005492197712,True
ls0.1,3,0,elkan-cal,1,0.5,1760,971,48,45362,0.9734513274336283,0.9790430146979475,0.9762471710657878,0.6444525814719883,0.7755012117206433,0.02116698863754388,0.9890948215104624,0.885709812741617,0.8298877747067258,25.6266592920354,5.104395604395604,0.010000005492197712,True
ls0.1,3,0,elkan-cal,2,0.3333333333333333,1760,976,48,45357,0.9734513274336283,0.9789351002525198,0.976193213843074,0.6432748538011696,0.7746478873239436,0.02146189112895153,0.9890948215104624,0.885709812741617,0.8298877747067258,25.6266592920354,5.104395604395604,0.010000005492197712,True
ls0.1,3,0,elkan-cal,5,0.16666666666666666,1760,979,48,45354,0.9734513274336283,0.9788703515852633,0.9761608395094458,0.642570281124498,0.7741367934902134,0.022014339118342875,0.9890948215104624,0.885709812741617,0.8298877747067258,25.6266592920354,5.104395604395604,0.010000005492197712,True
ls0.1,3,0,elkan-cal,10,0.09090909090909091,1760,982,48,45351,0.9734513274336283,0.9788056029180066,0.9761284651758174,0.6418672501823487,0.7736263736263737,0.022697281604645025,0.9890948215104624,0.885709812741617,0.8298877747067258,25.6266592920354,5.104395604395604,0.010000005492197712,True
ls0.1,3,0,elkan-cal,20,0.047619047619047616,1760,986,48,45347,0.9734513274336283,0.9787192713616645,0.9760852993976463,0.6409322651128915,0.7729468599033816,0.023589880353484537,0.9890948215104624,0.885709812741617,0.8298877747067258,25.6266592920354,5.104395604395604,0.010000005492197712,True
ls0.1,3,0,elkan-cal,50,0.0196078431372549,1760,989,48,45344,0.9734513274336283,0.9786545226944079,0.9760529250640181,0.6402328119316115,0.772438007461049,0.02478553092523385,0.9890948215104624,0.885709812741617,0.8298877747067258,25.6266592920354,5.104395604395604,0.010000005492197712,True
ls0.1,3,0,elkan-cal,100,0.009900990099009901,1760,994,48,45339,0.9734513274336283,0.9785466082489802,0.9759989678413042,0.6390704429920117,0.7715914072775099,0.02550928310725434,0.9890948215104624,0.885709812741617,0.8298877747067258,25.6266592920354,5.104395604395604,0.010000005492197712,True
ls0.1,3,0,elkan-cal,200,0.004975124378109453,1760,994,48,45339,0.9734513274336283,0.9785466082489802,0.9759989678413042,0.6390704429920117,0.7715914072775099,0.025969950947827218,0.9890948215104624,0.885709812741617,0.8298877747067258,25.6266592920354,5.104395604395604,0.010000005492197712,True
ls0.1,3,0,val-cost,1,0.651629790438854,1769,1771,39,44562,0.978429203539823,0.961776703429521,0.970102953484672,0.49971751412429377,0.6615557217651459,0.03759788953283064,0.9890948215104624,0.885709812741617,0.8298877747067258,25.6266592920354,5.104395604395604,0.010000005492197712,True
ls0.1,3,0,val-cost,2,0.651629790438854,1769,1771,39,44562,0.978429203539823,0.961776703429521,0.970102953484672,0.49971751412429377,0.6615557217651459,0.03701775811327554,0.9890948215104624,0.885709812741617,0.8298877747067258,25.6266592920354,5.104395604395604,0.010000005492197712,True
ls0.1,3,0,val-cost,5,0.651629790438854,1769,1771,39,44562,0.978429203539823,0.961776703429521,0.970102953484672,0.49971751412429377,0.6615557217651459,0.03550466834016579,0.9890948215104624,0.885709812741617,0.8298877747067258,25.6266592920354,5.104395604395604,0.010000005492197712,True
ls0.1,3,0,val-cost,10,0.651629790438854,1769,1771,39,44562,0.978429203539823,0.961776703429521,0.970102953484672,0.49971751412429377,0.6615557217651459,0.03354912828155807,0.9890948215104624,0.885709812741617,0.8298877747067258,25.6266592920354,5.104395604395604,0.010000005492197712,True
ls0.1,3,0,val-cost,20,0.651629790438854,1769,1771,39,44562,0.978429203539823,0.961776703429521,0.970102953484672,0.49971751412429377,0.6615557217651459,0.030923835961839185,0.9890948215104624,0.885709812741617,0.8298877747067258,25.6266592920354,5.104395604395604,0.010000005492197712,True
ls0.1,3,0,val-cost,50,0.651629790438854,1769,1771,39,44562,0.978429203539823,0.961776703429521,0.970102953484672,0.49971751412429377,0.6615557217651459,0.02721362070604755,0.9890948215104624,0.885709812741617,0.8298877747067258,25.6266592920354,5.104395604395604,0.010000005492197712,True
ls0.1,3,0,val-cost,100,0.651629790438854,1769,1771,39,44562,0.978429203539823,0.961776703429521,0.970102953484672,0.49971751412429377,0.6615557217651459,0.024967750172806242,0.9890948215104624,0.885709812741617,0.8298877747067258,25.6266592920354,5.104395604395604,0.010000005492197712,True
ls0.1,3,0,val-cost,200,0.651629790438854,1769,1771,39,44562,0.978429203539823,0.961776703429521,0.970102953484672,0.49971751412429377,0.6615557217651459,0.02346218619234041,0.9890948215104624,0.885709812741617,0.8298877747067258,25.6266592920354,5.104395604395604,0.010000005492197712,True
ls0.1,3,0,oracle,1,0.9768897593021393,1680,373,128,45960,0.9292035398230089,0.9919495823710962,0.9605765610970525,0.8183146614710181,0.8702408702408703,0.01040692964417025,0.9890948215104624,0.885709812741617,0.8298877747067258,25.6266592920354,5.104395604395604,0.010000005492197712,True
ls0.1,3,0,oracle,2,0.9655822217464447,1719,444,89,45889,0.9507743362831859,0.9904171972460234,0.9705957667646046,0.7947295423023578,0.865776882397381,0.012452701755790907,0.9890948215104624,0.885709812741617,0.8298877747067258,25.6266592920354,5.104395604395604,0.010000005492197712,True
ls0.1,3,0,oracle,5,0.9502796530723572,1743,523,65,45810,0.9640486725663717,0.9887121490082662,0.976380410787319,0.7691968225948809,0.8556701030927835,0.015314322864934173,0.9890948215104624,0.885709812741617,0.8298877747067258,25.6266592920354,5.104395604395604,0.010000005492197712,True
ls0.1,3,0,oracle,10,0.9365500509738922,1754,589,54,45744,0.9701327433628318,0.9872876783286211,0.9787102108457264,0.7486128894579599,0.8450975668513612,0.01752751773710276,0.9890948215104624,0.885709812741617,0.8298877747067258,25.6266592920354,5.104395604395604,0.010000005492197712,True
ls0.1,3,0,oracle,20,0.9257755279541016,1757,631,51,45702,0.9717920353982301,0.9863811969870286,0.9790866161926294,0.7357621440536013,0.8374642516682554,0.020013819354369463,0.9890948215104624,0.885709812741617,0.8298877747067258,25.6266592920354,5.104395604395604,0.010000005492197712,True
ls0.1,3,0,oracle,50,0.9186439216136932,1758,656,50,45677,0.9723451327433629,0.9858416247598903,0.9790933787516266,0.728251864125932,0.8327806726669825,0.023081479964602546,0.9890948215104624,0.885709812741617,0.8298877747067258,25.6266592920354,5.104395604395604,0.010000005492197712,True
ls0.1,3,0,oracle,100,0.7349275052547455,1769,1383,39,44950,0.978429203539823,0.9701508643947079,0.9742900339672654,0.561230964467005,0.7133064516129032,0.02325949994056346,0.9890948215104624,0.885709812741617,0.8298877747067258,25.6266592920354,5.104395604395604,0.010000005492197712,True
ls0.1,3,0,oracle,200,0.5814723074436188,1774,2248,34,44085,0.9811946902654868,0.9514816653357219,0.9663381778006044,0.44107409249129786,0.6085763293310463,0.02218011291069857,0.9890948215104624,0.885709812741617,0.8298877747067258,25.6266592920354,5.104395604395604,0.010000005492197712,True
ls0.1,4,0,0.5,1,0.5,177,31890,0,0,1.0,0.0,0.5,0.0055196931424829265,0.010978786751023446,0.9944803068575171,0.9982705380253094,0.8841332069433532,0.9759632777219714,180.16949152542372,46.89473684210526,0.42970962909978716,False
ls0.1,4,0,0.5,2,0.5,177,31890,0,0,1.0,0.0,0.5,0.0055196931424829265,0.010978786751023446,0.9890212132489765,0.9982705380253094,0.8841332069433532,0.9759632777219714,180.16949152542372,46.89473684210526,0.42970962909978716,False
ls0.1,4,0,0.5,5,0.5,177,31890,0,0,1.0,0.0,0.5,0.0055196931424829265,0.010978786751023446,0.9729977116704805,0.9982705380253094,0.8841332069433532,0.9759632777219714,180.16949152542372,46.89473684210526,0.42970962909978716,False
ls0.1,4,0,0.5,10,0.5,177,31890,0,0,1.0,0.0,0.5,0.0055196931424829265,0.010978786751023446,0.9474153297682709,0.9982705380253094,0.8841332069433532,0.9759632777219714,180.16949152542372,46.89473684210526,0.42970962909978716,False
ls0.1,4,0,0.5,20,0.5,177,31890,0,0,1.0,0.0,0.5,0.0055196931424829265,0.010978786751023446,0.9000846740050804,0.9982705380253094,0.8841332069433532,0.9759632777219714,180.16949152542372,46.89473684210526,0.42970962909978716,False
ls0.1,4,0,0.5,50,0.5,177,31890,0,0,1.0,0.0,0.5,0.0055196931424829265,0.010978786751023446,0.7827687776141384,0.9982705380253094,0.8841332069433532,0.9759632777219714,180.16949152542372,46.89473684210526,0.42970962909978716,False
ls0.1,4,0,0.5,100,0.5,177,31890,0,0,1.0,0.0,0.5,0.0055196931424829265,0.010978786751023446,0.6430732002419842,0.9982705380253094,0.8841332069433532,0.9759632777219714,180.16949152542372,46.89473684210526,0.42970962909978716,False
ls0.1,4,0,0.5,200,0.5,177,31890,0,0,1.0,0.0,0.5,0.0055196931424829265,0.010978786751023446,0.4739188586714222,0.9982705380253094,0.8841332069433532,0.9759632777219714,180.16949152542372,46.89473684210526,0.42970962909978716,False
ls0.1,4,0,val-Youden,1,0.9273776419627021,160,100,17,31790,0.903954802259887,0.9968642207588586,0.9504095115093728,0.6153846153846154,0.7322654462242563,0.003648610721302273,0.9982705380253094,0.8841332069433532,0.9759632777219714,180.16949152542372,46.89473684210526,0.42970962909978716,False
ls0.1,4,0,val-Youden,2,0.9273776419627021,160,100,17,31790,0.903954802259887,0.9968642207588586,0.9504095115093728,0.6153846153846154,0.7322654462242563,0.004155811934003225,0.9982705380253094,0.8841332069433532,0.9759632777219714,180.16949152542372,46.89473684210526,0.42970962909978716,False
ls0.1,4,0,val-Youden,5,0.9273776419627021,160,100,17,31790,0.903954802259887,0.9968642207588586,0.9504095115093728,0.6153846153846154,0.7322654462242563,0.005644546147978643,0.9982705380253094,0.8841332069433532,0.9759632777219714,180.16949152542372,46.89473684210526,0.42970962909978716,False
ls0.1,4,0,val-Youden,10,0.9273776419627021,160,100,17,31790,0.903954802259887,0.9968642207588586,0.9504095115093728,0.6153846153846154,0.7322654462242563,0.008021390374331552,0.9982705380253094,0.8841332069433532,0.9759632777219714,180.16949152542372,46.89473684210526,0.42970962909978716,False
ls0.1,4,0,val-Youden,20,0.9273776419627021,160,100,17,31790,0.903954802259887,0.9968642207588586,0.9504095115093728,0.6153846153846154,0.7322654462242563,0.012418854078464579,0.9982705380253094,0.8841332069433532,0.9759632777219714,180.16949152542372,46.89473684210526,0.42970962909978716,False
ls0.1,4,0,val-Youden,50,0.9273776419627021,160,100,17,31790,0.903954802259887,0.9968642207588586,0.9504095115093728,0.6153846153846154,0.7322654462242563,0.023318605792832597,0.9982705380253094,0.8841332069433532,0.9759632777219714,180.16949152542372,46.89473684210526,0.42970962909978716,False
ls0.1,4,0,val-Youden,100,0.9273776419627021,160,100,17,31790,0.903954802259887,0.9968642207588586,0.9504095115093728,0.6153846153846154,0.7322654462242563,0.036297640653357534,0.9982705380253094,0.8841332069433532,0.9759632777219714,180.16949152542372,46.89473684210526,0.42970962909978716,False
ls0.1,4,0,val-Youden,200,0.9273776419627021,160,100,17,31790,0.903954802259887,0.9968642207588586,0.9504095115093728,0.6153846153846154,0.7322654462242563,0.05201367216525487,0.9982705380253094,0.8841332069433532,0.9759632777219714,180.16949152542372,46.89473684210526,0.42970962909978716,False
ls0.1,4,0,elkan-raw,1,0.5,177,31890,0,0,1.0,0.0,0.5,0.0055196931424829265,0.010978786751023446,0.9944803068575171,0.9982705380253094,0.8841332069433532,0.9759632777219714,180.16949152542372,46.89473684210526,0.42970962909978716,False
ls0.1,4,0,elkan-raw,2,0.3333333333333333,177,31890,0,0,1.0,0.0,0.5,0.0055196931424829265,0.010978786751023446,0.9890212132489765,0.9982705380253094,0.8841332069433532,0.9759632777219714,180.16949152542372,46.89473684210526,0.42970962909978716,False
ls0.1,4,0,elkan-raw,5,0.16666666666666666,177,31890,0,0,1.0,0.0,0.5,0.0055196931424829265,0.010978786751023446,0.9729977116704805,0.9982705380253094,0.8841332069433532,0.9759632777219714,180.16949152542372,46.89473684210526,0.42970962909978716,False
ls0.1,4,0,elkan-raw,10,0.09090909090909091,177,31890,0,0,1.0,0.0,0.5,0.0055196931424829265,0.010978786751023446,0.9474153297682709,0.9982705380253094,0.8841332069433532,0.9759632777219714,180.16949152542372,46.89473684210526,0.42970962909978716,False
ls0.1,4,0,elkan-raw,20,0.047619047619047616,177,31890,0,0,1.0,0.0,0.5,0.0055196931424829265,0.010978786751023446,0.9000846740050804,0.9982705380253094,0.8841332069433532,0.9759632777219714,180.16949152542372,46.89473684210526,0.42970962909978716,False
ls0.1,4,0,elkan-raw,50,0.0196078431372549,177,31890,0,0,1.0,0.0,0.5,0.0055196931424829265,0.010978786751023446,0.7827687776141384,0.9982705380253094,0.8841332069433532,0.9759632777219714,180.16949152542372,46.89473684210526,0.42970962909978716,False
ls0.1,4,0,elkan-raw,100,0.009900990099009901,177,31890,0,0,1.0,0.0,0.5,0.0055196931424829265,0.010978786751023446,0.6430732002419842,0.9982705380253094,0.8841332069433532,0.9759632777219714,180.16949152542372,46.89473684210526,0.42970962909978716,False
ls0.1,4,0,elkan-raw,200,0.004975124378109453,177,31890,0,0,1.0,0.0,0.5,0.0055196931424829265,0.010978786751023446,0.4739188586714222,0.9982705380253094,0.8841332069433532,0.9759632777219714,180.16949152542372,46.89473684210526,0.42970962909978716,False
ls0.1,4,0,elkan-cal,1,0.5,145,15,32,31875,0.8192090395480226,0.9995296331138288,0.9093693363309256,0.90625,0.8605341246290801,0.001465681229924845,0.9982705380253094,0.8841332069433532,0.9759632777219714,180.16949152542372,46.89473684210526,0.42970962909978716,False
ls0.1,4,0,elkan-cal,2,0.3333333333333333,148,28,29,31862,0.8361581920903954,0.9991219818124804,0.9176400869514378,0.8409090909090909,0.8385269121813032,0.0026671628830169953,0.9982705380253094,0.8841332069433532,0.9759632777219714,180.16949152542372,46.89473684210526,0.42970962909978716,False
ls0.1,4,0,elkan-cal,5,0.16666666666666666,156,54,21,31836,0.8813559322033898,0.9983066792097837,0.9398313057065868,0.7428571428571429,0.8062015503875969,0.004851258581235698,0.9982705380253094,0.8841332069433532,0.9759632777219714,180.16949152542372,46.89473684210526,0.42970962909978716,False
ls0.1,4,0,elkan-cal,10,0.09090909090909091,158,75,19,31815,0.8926553672316384,0.9976481655691439,0.9451517664003912,0.6781115879828327,0.7707317073170732,0.007872846108140225,0.9982705380253094,0.8841332069433532,0.9759632777219714,180.16949152542372,46.89473684210526,0.42970962909978716,False
ls0.1,4,0,elkan-cal,20,0.047619047619047616,160,99,17,31791,0.903954802259887,0.99689557855127,0.9504251904055785,0.6177606177606177,0.7339449541284404,0.012390629410104432,0.9982705380253094,0.8841332069433532,0.9759632777219714,180.16949152542372,46.89473684210526,0.42970962909978716,False
ls0.1,4,0,elkan-cal,50,0.0196078431372549,160,173,17,31717,0.903954802259887,0.9945751019128254,0.9492649520863562,0.4804804804804805,0.6274509803921569,0.025110456553755524,0.9982705380253094,0.8841332069433532,0.9759632777219714,180.16949152542372,46.89473684210526,0.42970962909978716,False
ls0.1,4,0,elkan-cal,100,0.009900990099009901,166,253,11,31637,0.9378531073446328,0.9920664785199121,0.9649597929322724,0.39618138424821003,0.5570469798657718,0.027283726557773745,0.9982705380253094,0.8841332069433532,0.9759632777219714,180.16949152542372,46.89473684210526,0.42970962909978716,False
ls0.1,4,0,elkan-cal,200,0.004975124378109453,170,448,7,31442,0.96045197740113,0.9859517089996864,0.9732018432004081,0.2750809061488673,0.4276729559748428,0.02746321890325457,0.9982705380253094,0.8841332069433532,0.9759632777219714,180.16949152542372,46.89473684210526,0.42970962909978716,False
ls0.1,4,0,val-cost,1,0.9271623622994973,160,101,17,31789,0.903954802259887,0.9968328629664471,0.9503938326131671,0.6130268199233716,0.730593607305936,0.003679795428321951,0.9982705380253094,0.8841332069433532,0.9759632777219714,180.16949152542372,46.89473684210526,0.42970962909978716,False
ls0.1,4,0,val-cost,2,0.9271623622994973,160,101,17,31789,0.903954802259887,0.9968328629664471,0.9503938326131671,0.6130268199233716,0.730593607305936,0.004186825455898772,0.9982705380253094,0.8841332069433532,0.9759632777219714,180.16949152542372,46.89473684210526,0.42970962909978716,False
ls0.1,4,0,val-cost,5,0.9271623622994973,160,101,17,31789,0.903954802259887,0.9968328629664471,0.9503938326131671,0.6130268199233716,0.730593607305936,0.005675057208237987,0.9982705380253094,0.8841332069433532,0.9759632777219714,180.16949152542372,46.89473684210526,0.42970962909978716,False
ls0.1,4,0,val-cost,10,0.9271623622994973,160,101,17,31789,0.903954802259887,0.9968328629664471,0.9503938326131671,0.6130268199233716,0.730593607305936,0.008051099227569816,0.9982705380253094,0.8841332069433532,0.9759632777219714,180.16949152542372,46.89473684210526,0.42970962909978716,False
ls0.1,4,0,val-cost,20,0.9271623622994973,160,101,17,31789,0.903954802259887,0.9968328629664471,0.9503938326131671,0.6130268199233716,0.730593607305936,0.012447078746824726,0.9982705380253094,0.8841332069433532,0.9759632777219714,180.16949152542372,46.89473684210526,0.42970962909978716,False
ls0.1,4,0,val-cost,50,0.9271623622994973,160,101,17,31789,0.903954802259887,0.9968328629664471,0.9503938326131671,0.6130268199233716,0.730593607305936,0.023343151693667158,0.9982705380253094,0.8841332069433532,0.9759632777219714,180.16949152542372,46.89473684210526,0.42970962909978716,False
ls0.1,4,0,val-cost,100,0.9271623622994973,160,101,17,31789,0.903954802259887,0.9968328629664471,0.9503938326131671,0.6130268199233716,0.730593607305936,0.03631780600927607,0.9982705380253094,0.8841332069433532,0.9759632777219714,180.16949152542372,46.89473684210526,0.42970962909978716,False
ls0.1,4,0,val-cost,200,0.9271623622994973,160,101,17,31789,0.903954802259887,0.9968328629664471,0.9503938326131671,0.6130268199233716,0.730593607305936,0.05202853321444494,0.9982705380253094,0.8841332069433532,0.9759632777219714,180.16949152542372,46.89473684210526,0.42970962909978716,False
ls0.1,4,0,oracle,1,0.9794065356254578,145,14,32,31876,0.8192090395480226,0.9995609909062402,0.9093850152271314,0.9119496855345912,0.8630952380952381,0.0014344965229051672,0.9982705380253094,0.8841332069433532,0.9759632777219714,180.16949152542372,46.89473684210526,0.42970962909978716,False
ls0.1,4,0,oracle,2,0.9794065356254578,145,14,32,31876,0.8192090395480226,0.9995609909062402,0.9093850152271314,0.9119496855345912,0.8630952380952381,0.0024190547078526236,0.9982705380253094,0.8841332069433532,0.9759632777219714,180.16949152542372,46.89473684210526,0.42970962909978716,False
ls0.1,4,0,oracle,5,0.9653696119785309,155,39,22,31851,0.8757062146892656,0.9987770460959549,0.9372416303926102,0.7989690721649485,0.8355795148247979,0.004546147978642258,0.9982705380253094,0.8841332069433532,0.9759632777219714,180.16949152542372,46.89473684210526,0.42970962909978716,False
ls0.1,4,0,oracle,10,0.9510509371757507,158,65,19,31825,0.8926553672316384,0.9979617434932581,0.9453085553624483,0.7085201793721974,0.79,0.007575757575757576,0.9982705380253094,0.8841332069433532,0.9759632777219714,180.16949152542372,46.89473684210526,0.42970962909978716,False
ls0.1,4,0,oracle,20,0.929830014705658,160,97,17,31793,0.903954802259887,0.9969582941360928,0.9504565481979899,0.622568093385214,0.7373271889400922,0.012334180073384137,0.9982705380253094,0.8841332069433532,0.9759632777219714,180.16949152542372,46.89473684210526,0.42970962909978716,False
ls0.1,4,0,oracle,50,0.8578022718429565,169,288,8,31602,0.9548022598870056,0.9909689557855127,0.9728856078362591,0.36980306345733044,0.5331230283911672,0.01688757977417771,0.9982705380253094,0.8841332069433532,0.9759632777219714,180.16949152542372,46.89473684210526,0.42970962909978716,False
ls0.1,4,0,oracle,100,0.7817721366882324,176,797,1,31093,0.9943502824858758,0.9750078394481029,0.9846790609669893,0.18088386433710174,0.3060869565217391,0.01808832425892317,0.9982705380253094,0.8841332069433532,0.9759632777219714,180.16949152542372,46.89473684210526,0.42970962909978716,False
ls0.1,4,0,oracle,200,0.7817721366882324,176,797,1,31093,0.9943502824858758,0.9750078394481029,0.9846790609669893,0.18088386433710174,0.3060869565217391,0.0148164660425026,0.9982705380253094,0.8841332069433532,0.9759632777219714,180.16949152542372,46.89473684210526,0.42970962909978716,False
ls0.1,4,1,0.5,1,0.5,177,31890,0,0,1.0,0.0,0.5,0.0055196931424829265,0.010978786751023446,0.9944803068575171,0.9844063190380776,0.8902648423411408,0.6965736739817133,180.16949152542372,46.89473684210526,0.4817282096899598,False
ls0.1,4,1,0.5,2,0.5,177,31890,0,0,1.0,0.0,0.5,0.0055196931424829265,0.010978786751023446,0.9890212132489765,0.9844063190380776,0.8902648423411408,0.6965736739817133,180.16949152542372,46.89473684210526,0.4817282096899598,False
ls0.1,4,1,0.5,5,0.5,177,31890,0,0,1.0,0.0,0.5,0.0055196931424829265,0.010978786751023446,0.9729977116704805,0.9844063190380776,0.8902648423411408,0.6965736739817133,180.16949152542372,46.89473684210526,0.4817282096899598,False
ls0.1,4,1,0.5,10,0.5,177,31890,0,0,1.0,0.0,0.5,0.0055196931424829265,0.010978786751023446,0.9474153297682709,0.9844063190380776,0.8902648423411408,0.6965736739817133,180.16949152542372,46.89473684210526,0.4817282096899598,False
ls0.1,4,1,0.5,20,0.5,177,31890,0,0,1.0,0.0,0.5,0.0055196931424829265,0.010978786751023446,0.9000846740050804,0.9844063190380776,0.8902648423411408,0.6965736739817133,180.16949152542372,46.89473684210526,0.4817282096899598,False
ls0.1,4,1,0.5,50,0.5,177,31890,0,0,1.0,0.0,0.5,0.0055196931424829265,0.010978786751023446,0.7827687776141384,0.9844063190380776,0.8902648423411408,0.6965736739817133,180.16949152542372,46.89473684210526,0.4817282096899598,False
ls0.1,4,1,0.5,100,0.5,177,31890,0,0,1.0,0.0,0.5,0.0055196931424829265,0.010978786751023446,0.6430732002419842,0.9844063190380776,0.8902648423411408,0.6965736739817133,180.16949152542372,46.89473684210526,0.4817282096899598,False
ls0.1,4,1,0.5,200,0.5,177,31890,0,0,1.0,0.0,0.5,0.0055196931424829265,0.010978786751023446,0.4739188586714222,0.9844063190380776,0.8902648423411408,0.6965736739817133,180.16949152542372,46.89473684210526,0.4817282096899598,False
ls0.1,4,1,val-Youden,1,0.8011615911899493,166,372,11,31518,0.9378531073446328,0.9883349012229539,0.9630940042837933,0.30855018587360594,0.4643356643356643,0.011943742788536502,0.9844063190380776,0.8902648423411408,0.6965736739817133,180.16949152542372,46.89473684210526,0.4817282096899598,False
ls0.1,4,1,val-Youden,2,0.8011615911899493,166,372,11,31518,0.9378531073446328,0.9883349012229539,0.9630940042837933,0.30855018587360594,0.4643356643356643,0.012219327626845305,0.9844063190380776,0.8902648423411408,0.6965736739817133,180.16949152542372,46.89473684210526,0.4817282096899598,False
ls0.1,4,1,val-Youden,5,0.8011615911899493,166,372,11,31518,0.9378531073446328,0.9883349012229539,0.9630940042837933,0.30855018587360594,0.4643356643356643,0.013028222730739893,0.9844063190380776,0.8902648423411408,0.6965736739817133,180.16949152542372,46.89473684210526,0.4817282096899598,False
ls0.1,4,1,val-Youden,10,0.8011615911899493,166,372,11,31518,0.9378531073446328,0.9883349012229539,0.9630940042837933,0.30855018587360594,0.4643356643356643,0.014319667260843731,0.9844063190380776,0.8902648423411408,0.6965736739817133,180.16949152542372,46.89473684210526,0.4817282096899598,False
ls0.1,4,1,val-Youden,20,0.8011615911899493,166,372,11,31518,0.9378531073446328,0.9883349012229539,0.9630940042837933,0.30855018587360594,0.4643356643356643,0.016709003669206888,0.9844063190380776,0.8902648423411408,0.6965736739817133,180.16949152542372,46.89473684210526,0.4817282096899598,False
ls0.1,4,1,val-Youden,50,0.8011615911899493,166,372,11,31518,0.9378531073446328,0.9883349012229539,0.9630940042837933,0.30855018587360594,0.4643356643356643,0.0226313205694649,0.9844063190380776,0.8902648423411408,0.6965736739817133,180.16949152542372,46.89473684210526,0.4817282096899598,False
ls0.1,4,1,val-Youden,100,0.8011615911899493,166,372,11,31518,0.9378531073446328,0.9883349012229539,0.9630940042837933,0.30855018587360594,0.4643356643356643,0.02968340391207905,0.9844063190380776,0.8902648423411408,0.6965736739817133,180.16949152542372,46.89473684210526,0.4817282096899598,False
ls0.1,4,1,val-Youden,200,0.8011615911899493,166,372,11,31518,0.9378531073446328,0.9883349012229539,0.9630940042837933,0.30855018587360594,0.4643356643356643,0.03822261851686729,0.9844063190380776,0.8902648423411408,0.6965736739817133,180.16949152542372,46.89473684210526,0.4817282096899598,False
ls0.1,4,1,elkan-raw,1,0.5,177,31890,0,0,1.0,0.0,0.5,0.0055196931424829265,0.010978786751023446,0.9944803068575171,0.9844063190380776,0.8902648423411408,0.6965736739817133,180.16949152542372,46.89473684210526,0.4817282096899598,False
ls0.1,4,1,elkan-raw,2,0.3333333333333333,177,31890,0,0,1.0,0.0,0.5,0.0055196931424829265,0.010978786751023446,0.9890212132489765,0.9844063190380776,0.8902648423411408,0.6965736739817133,180.16949152542372,46.89473684210526,0.4817282096899598,False
ls0.1,4,1,elkan-raw,5,0.16666666666666666,177,31890,0,0,1.0,0.0,0.5,0.0055196931424829265,0.010978786751023446,0.9729977116704805,0.9844063190380776,0.8902648423411408,0.6965736739817133,180.16949152542372,46.89473684210526,0.4817282096899598,False
ls0.1,4,1,elkan-raw,10,0.09090909090909091,177,31890,0,0,1.0,0.0,0.5,0.0055196931424829265,0.010978786751023446,0.9474153297682709,0.9844063190380776,0.8902648423411408,0.6965736739817133,180.16949152542372,46.89473684210526,0.4817282096899598,False
ls0.1,4,1,elkan-raw,20,0.047619047619047616,177,31890,0,0,1.0,0.0,0.5,0.0055196931424829265,0.010978786751023446,0.9000846740050804,0.9844063190380776,0.8902648423411408,0.6965736739817133,180.16949152542372,46.89473684210526,0.4817282096899598,False
ls0.1,4,1,elkan-raw,50,0.0196078431372549,177,31890,0,0,1.0,0.0,0.5,0.0055196931424829265,0.010978786751023446,0.7827687776141384,0.9844063190380776,0.8902648423411408,0.6965736739817133,180.16949152542372,46.89473684210526,0.4817282096899598,False
ls0.1,4,1,elkan-raw,100,0.009900990099009901,177,31890,0,0,1.0,0.0,0.5,0.0055196931424829265,0.010978786751023446,0.6430732002419842,0.9844063190380776,0.8902648423411408,0.6965736739817133,180.16949152542372,46.89473684210526,0.4817282096899598,False
ls0.1,4,1,elkan-raw,200,0.004975124378109453,177,31890,0,0,1.0,0.0,0.5,0.0055196931424829265,0.010978786751023446,0.4739188586714222,0.9844063190380776,0.8902648423411408,0.6965736739817133,180.16949152542372,46.89473684210526,0.4817282096899598,False
ls0.1,4,1,elkan-cal,1,0.5,138,5,39,31885,0.7796610169491526,0.9998432110379429,0.8897521139935478,0.965034965034965,0.8625,0.0013721271088658123,0.9844063190380776,0.8902648423411408,0.6965736739817133,180.16949152542372,46.89473684210526,0.4817282096899598,False
ls0.1,4,1,elkan-cal,2,0.3333333333333333,139,12,38,31878,0.7853107344632768,0.999623706491063,0.89246722047717,0.9205298013245033,0.8475609756097561,0.0027291899268080885,0.9844063190380776,0.8902648423411408,0.6965736739817133,180.16949152542372,46.89473684210526,0.4817282096899598,False
ls0.1,4,1,elkan-cal,5,0.16666666666666666,150,27,27,31863,0.847457627118644,0.9991533396048918,0.923305483361768,0.847457627118644,0.847457627118644,0.00494279176201373,0.9844063190380776,0.8902648423411408,0.6965736739817133,180.16949152542372,46.89473684210526,0.4817282096899598,False
ls0.1,4,1,elkan-cal,10,0.09090909090909091,154,46,23,31844,0.8700564971751412,0.998557541549075,0.9343070193621081,0.77,0.8169761273209549,0.00819964349376114,0.9844063190380776,0.8902648423411408,0.6965736739817133,180.16949152542372,46.89473684210526,0.4817282096899598,False
ls0.1,4,1,elkan-cal,20,0.047619047619047616,161,73,16,31817,0.9096045197740112,0.9977108811539668,0.953657700463989,0.688034188034188,0.7834549878345499,0.01109229466553768,0.9844063190380776,0.8902648423411408,0.6965736739817133,180.16949152542372,46.89473684210526,0.4817282096899598,False
ls0.1,4,1,elkan-cal,50,0.0196078431372549,165,138,12,31752,0.9322033898305084,0.9956726246472248,0.9639380072388666,0.5445544554455446,0.6875,0.018114874815905745,0.9844063190380776,0.8902648423411408,0.6965736739817133,180.16949152542372,46.89473684210526,0.4817282096899598,False
ls0.1,4,1,elkan-cal,100,0.009900990099009901,166,235,11,31655,0.9378531073446328,0.9926309187833177,0.9652420130639752,0.4139650872817955,0.5743944636678201,0.02692075015124017,0.9844063190380776,0.8902648423411408,0.6965736739817133,180.16949152542372,46.89473684210526,0.4817282096899598,False
ls0.1,4,1,elkan-cal,200,0.004975124378109453,169,500,8,31390,0.9548022598870056,0.9843211037942928,0.9695616818406492,0.2526158445440957,0.39952718676122934,0.03120820329915292,0.9844063190380776,0.8902648423411408,0.6965736739817133,180.16949152542372,46.89473684210526,0.4817282096899598,False
ls0.1,4,1,val-cost,1,0.9250729898612848,158,60,19,31830,0.8926553672316384,0.9981185324553151,0.9453869498434768,0.7247706422018348,0.8,0.0024635918545545263,0.9844063190380776,0.8902648423411408,0.6965736739817133,180.16949152542372,46.89473684210526,0.4817282096899598,False
ls0.1,4,1,val-cost,2,0.8167939907511945,166,306,11,31584,0.9378531073446328,0.9904045155221073,0.96412881143337,0.3516949152542373,0.5115562403697997,0.010172435181739239,0.9844063190380776,0.8902648423411408,0.6965736739817133,180.16949152542372,46.89473684210526,0.4817282096899598,False
ls0.1,4,1,val-cost,5,0.8011498219043269,166,372,11,31518,0.9378531073446328,0.9883349012229539,0.9630940042837933,0.30855018587360594,0.4643356643356643,0.013028222730739893,0.9844063190380776,0.8902648423411408,0.6965736739817133,180.16949152542372,46.89473684210526,0.4817282096899598,False
ls0.1,4,1,val-cost,10,0.8011498219043269,166,372,11,31518,0.9378531073446328,0.9883349012229539,0.9630940042837933,0.30855018587360594,0.4643356643356643,0.014319667260843731,0.9844063190380776,0.8902648423411408,0.6965736739817133,180.16949152542372,46.89473684210526,0.4817282096899598,False
ls0.1,4,1,val-cost,20,0.8011498219043269,166,372,11,31518,0.9378531073446328,0.9883349012229539,0.9630940042837933,0.30855018587360594,0.4643356643356643,0.016709003669206888,0.9844063190380776,0.8902648423411408,0.6965736739817133,180.16949152542372,46.89473684210526,0.4817282096899598,False
ls0.1,4,1,val-cost,50,0.8011498219043269,166,372,11,31518,0.9378531073446328,0.9883349012229539,0.9630940042837933,0.30855018587360594,0.4643356643356643,0.0226313205694649,0.9844063190380776,0.8902648423411408,0.6965736739817133,180.16949152542372,46.89473684210526,0.4817282096899598,False
ls0.1,4,1,val-cost,100,0.8011498219043269,166,372,11,31518,0.9378531073446328,0.9883349012229539,0.9630940042837933,0.30855018587360594,0.4643356643356643,0.02968340391207905,0.9844063190380776,0.8902648423411408,0.6965736739817133,180.16949152542372,46.89473684210526,0.4817282096899598,False
ls0.1,4,1,val-cost,200,0.8011498219043269,166,372,11,31518,0.9378531073446328,0.9883349012229539,0.9630940042837933,0.30855018587360594,0.4643356643356643,0.03822261851686729,0.9844063190380776,0.8902648423411408,0.6965736739817133,180.16949152542372,46.89473684210526,0.4817282096899598,False
ls0.1,4,1,oracle,1,0.9753749966621399,139,6,38,31884,0.7853107344632768,0.9998118532455316,0.8925612938544042,0.9586206896551724,0.8633540372670807,0.0013721271088658123,0.9844063190380776,0.8902648423411408,0.6965736739817133,180.16949152542372,46.89473684210526,0.4817282096899598,False
ls0.1,4,1,oracle,2,0.9577948153018951,149,22,28,31868,0.8418079096045198,0.9993101285669489,0.9205590190857343,0.8713450292397661,0.8563218390804598,0.0024190547078526236,0.9844063190380776,0.8902648423411408,0.6965736739817133,180.16949152542372,46.89473684210526,0.4817282096899598,False
ls0.1,4,1,oracle,5,0.9219536781311035,161,64,16,31826,0.9096045197740112,0.9979931012856695,0.9537988105298404,0.7155555555555555,0.8009950248756219,0.004393592677345538,0.9844063190380776,0.8902648423411408,0.6965736739817133,180.16949152542372,46.89473684210526,0.4817282096899598,False
ls0.1,4,1,oracle,10,0.9161443114280701,162,73,15,31817,0.9152542372881356,0.9977108811539668,0.9564825592210512,0.6893617021276596,0.7864077669902912,0.0066250742721330955,0.9844063190380776,0.8902648423411408,0.6965736739817133,180.16949152542372,46.89473684210526,0.4817282096899598,False
ls0.1,4,1,oracle,20,0.8897841572761536,165,115,12,31775,0.9322033898305084,0.9963938538726873,0.9642986218515979,0.5892857142857143,0.7221006564551422,0.010019757267852102,0.9844063190380776,0.8902648423411408,0.6965736739817133,180.16949152542372,46.89473684210526,0.4817282096899598,False
ls0.1,4,1,oracle,50,0.8897841572761536,165,115,12,31775,0.9322033898305084,0.9963938538726873,0.9642986218515979,0.5892857142857143,0.7221006564551422,0.01755031909671085,0.9844063190380776,0.8902648423411408,0.6965736739817133,180.16949152542372,46.89473684210526,0.4817282096899598,False
ls0.1,4,1,oracle,100,0.7983595132827759,169,387,8,31503,0.9548022598870056,0.9878645343367827,0.9713333971118941,0.3039568345323741,0.461118690313779,0.02393627747529744,0.9844063190380776,0.8902648423411408,0.6965736739817133,180.16949152542372,46.89473684210526,0.4817282096899598,False
ls0.1,4,1,oracle,200,0.7983595132827759,169,387,8,31503,0.9548022598870056,0.9878645343367827,0.9713333971118941,0.3039568345323741,0.461118690313779,0.02952890474067469,0.9844063190380776,0.8902648423411408,0.6965736739817133,180.16949152542372,46.89473684210526,0.4817282096899598,False
ls0.1,4,2,0.5,1,0.5,177,31890,0,0,1.0,0.0,0.5,0.0055196931424829265,0.010978786751023446,0.9944803068575171,0.9981945352403123,0.8894128233386948,0.9746143611602738,180.16949152542372,46.89473684210526,0.493626637752665,False
ls0.1,4,2,0.5,2,0.5,177,31890,0,0,1.0,0.0,0.5,0.0055196931424829265,0.010978786751023446,0.9890212132489765,0.9981945352403123,0.8894128233386948,0.9746143611602738,180.16949152542372,46.89473684210526,0.493626637752665,False
ls0.1,4,2,0.5,5,0.5,177,31890,0,0,1.0,0.0,0.5,0.0055196931424829265,0.010978786751023446,0.9729977116704805,0.9981945352403123,0.8894128233386948,0.9746143611602738,180.16949152542372,46.89473684210526,0.493626637752665,False
ls0.1,4,2,0.5,10,0.5,177,31890,0,0,1.0,0.0,0.5,0.0055196931424829265,0.010978786751023446,0.9474153297682709,0.9981945352403123,0.8894128233386948,0.9746143611602738,180.16949152542372,46.89473684210526,0.493626637752665,False
ls0.1,4,2,0.5,20,0.5,177,31890,0,0,1.0,0.0,0.5,0.0055196931424829265,0.010978786751023446,0.9000846740050804,0.9981945352403123,0.8894128233386948,0.9746143611602738,180.16949152542372,46.89473684210526,0.493626637752665,False
ls0.1,4,2,0.5,50,0.5,177,31890,0,0,1.0,0.0,0.5,0.0055196931424829265,0.010978786751023446,0.7827687776141384,0.9981945352403123,0.8894128233386948,0.9746143611602738,180.16949152542372,46.89473684210526,0.493626637752665,False
ls0.1,4,2,0.5,100,0.5,177,31890,0,0,1.0,0.0,0.5,0.0055196931424829265,0.010978786751023446,0.6430732002419842,0.9981945352403123,0.8894128233386948,0.9746143611602738,180.16949152542372,46.89473684210526,0.493626637752665,False
ls0.1,4,2,0.5,200,0.5,177,31890,0,0,1.0,0.0,0.5,0.0055196931424829265,0.010978786751023446,0.4739188586714222,0.9981945352403123,0.8894128233386948,0.9746143611602738,180.16949152542372,46.89473684210526,0.493626637752665,False
ls0.1,4,2,val-Youden,1,0.8370893443681693,171,566,6,31324,0.9661016949152542,0.9822514894951395,0.9741765922051968,0.23202170963364993,0.3741794310722101,0.017837652415255558,0.9981945352403123,0.8894128233386948,0.9746143611602738,180.16949152542372,46.89473684210526,0.493626637752665,False
ls0.1,4,2,val-Youden,2,0.8370893443681693,171,566,6,31324,0.9661016949152542,0.9822514894951395,0.9741765922051968,0.23202170963364993,0.3741794310722101,0.017925815655625853,0.9981945352403123,0.8894128233386948,0.9746143611602738,180.16949152542372,46.89473684210526,0.493626637752665,False
ls0.1,4,2,val-Youden,5,0.8370893443681693,171,566,6,31324,0.9661016949152542,0.9822514894951395,0.9741765922051968,0.23202170963364993,0.3741794310722101,0.01818459191456903,0.9981945352403123,0.8894128233386948,0.9746143611602738,180.16949152542372,46.89473684210526,0.493626637752665,False
ls0.1,4,2,val-Youden,10,0.8370893443681693,171,566,6,31324,0.9661016949152542,0.9822514894951395,0.9741765922051968,0.23202170963364993,0.3741794310722101,0.018597742127153892,0.9981945352403123,0.8894128233386948,0.9746143611602738,180.16949152542372,46.89473684210526,0.493626637752665,False
ls0.1,4,2,val-Youden,20,0.8370893443681693,171,566,6,31324,0.9661016949152542,0.9822514894951395,0.9741765922051968,0.23202170963364993,0.3741794310722101,0.019362122495060682,0.9981945352403123,0.8894128233386948,0.9746143611602738,180.16949152542372,46.89473684210526,0.493626637752665,False
ls0.1,4,2,val-Youden,50,0.8370893443681693,171,566,6,31324,0.9661016949152542,0.9822514894951395,0.9741765922051968,0.23202170963364993,0.3741794310722101,0.021256750122729505,0.9981945352403123,0.8894128233386948,0.9746143611602738,180.16949152542372,46.89473684210526,0.493626637752665,False
ls0.1,4,2,val-Youden,100,0.8370893443681693,171,566,6,31324,0.9661016949152542,0.9822514894951395,0.9741765922051968,0.23202170963364993,0.3741794310722101,0.023512805001008268,0.9981945352403123,0.8894128233386948,0.9746143611602738,180.16949152542372,46.89473684210526,0.493626637752665,False
ls0.1,4,2,val-Youden,200,0.8370893443681693,171,566,6,31324,0.9661016949152542,0.9822514894951395,0.9741765922051968,0.23202170963364993,0.3741794310722101,0.026244612869668598,0.9981945352403123,0.8894128233386948,0.9746143611602738,180.16949152542372,46.89473684210526,0.493626637752665,False
ls0.1,4,2,elkan-raw,1,0.5,177,31890,0,0,1.0,0.0,0.5,0.0055196931424829265,0.010978786751023446,0.9944803068575171,0.9981945352403123,0.8894128233386948,0.9746143611602738,180.16949152542372,46.89473684210526,0.493626637752665,False
ls0.1,4,2,elkan-raw,2,0.3333333333333333,177,31890,0,0,1.0,0.0,0.5,0.0055196931424829265,0.010978786751023446,0.9890212132489765,0.9981945352403123,0.8894128233386948,0.9746143611602738,180.16949152542372,46.89473684210526,0.493626637752665,False
ls0.1,4,2,elkan-raw,5,0.16666666666666666,177,31890,0,0,1.0,0.0,0.5,0.0055196931424829265,0.010978786751023446,0.9729977116704805,0.9981945352403123,0.8894128233386948,0.9746143611602738,180.16949152542372,46.89473684210526,0.493626637752665,False
ls0.1,4,2,elkan-raw,10,0.09090909090909091,177,31890,0,0,1.0,0.0,0.5,0.0055196931424829265,0.010978786751023446,0.9474153297682709,0.9981945352403123,0.8894128233386948,0.9746143611602738,180.16949152542372,46.89473684210526,0.493626637752665,False
ls0.1,4,2,elkan-raw,20,0.047619047619047616,177,31890,0,0,1.0,0.0,0.5,0.0055196931424829265,0.010978786751023446,0.9000846740050804,0.9981945352403123,0.8894128233386948,0.9746143611602738,180.16949152542372,46.89473684210526,0.493626637752665,False
ls0.1,4,2,elkan-raw,50,0.0196078431372549,177,31890,0,0,1.0,0.0,0.5,0.0055196931424829265,0.010978786751023446,0.7827687776141384,0.9981945352403123,0.8894128233386948,0.9746143611602738,180.16949152542372,46.89473684210526,0.493626637752665,False
ls0.1,4,2,elkan-raw,100,0.009900990099009901,177,31890,0,0,1.0,0.0,0.5,0.0055196931424829265,0.010978786751023446,0.6430732002419842,0.9981945352403123,0.8894128233386948,0.9746143611602738,180.16949152542372,46.89473684210526,0.493626637752665,False
ls0.1,4,2,elkan-raw,200,0.004975124378109453,177,31890,0,0,1.0,0.0,0.5,0.0055196931424829265,0.010978786751023446,0.4739188586714222,0.9981945352403123,0.8894128233386948,0.9746143611602738,180.16949152542372,46.89473684210526,0.493626637752665,False
ls0.1,4,2,elkan-cal,1,0.5,147,35,30,31855,0.8305084745762712,0.9989024772656006,0.9147054759209359,0.8076923076923077,0.8189415041782729,0.002027005956279041,0.9981945352403123,0.8894128233386948,0.9746143611602738,180.16949152542372,46.89473684210526,0.493626637752665,False
ls0.1,4,2,elkan-cal,2,0.3333333333333333,153,54,24,31836,0.864406779661017,0.9983066792097837,0.9313567294354004,0.7391304347826086,0.796875,0.0031633792333457386,0.9981945352403123,0.8894128233386948,0.9746143611602738,180.16949152542372,46.89473684210526,0.493626637752665,False
ls0.1,4,2,elkan-cal,5,0.16666666666666666,160,83,17,31807,0.903954802259887,0.9973973032298526,0.9506760527448699,0.6584362139917695,0.7619047619047619,0.005125858123569794,0.9981945352403123,0.8894128233386948,0.9746143611602738,180.16949152542372,46.89473684210526,0.493626637752665,False
ls0.1,4,2,elkan-cal,10,0.09090909090909091,162,136,15,31754,0.9152542372881356,0.9957353402320477,0.9554947887600916,0.5436241610738255,0.6821052631578948,0.00849673202614379,0.9981945352403123,0.8894128233386948,0.9746143611602738,180.16949152542372,46.89473684210526,0.493626637752665,False
ls0.1,4,2,elkan-cal,20,0.047619047619047616,163,206,14,31684,0.9209039548022598,0.9935402947632487,0.9572221247827543,0.44173441734417346,0.5970695970695971,0.013717188823031329,0.9981945352403123,0.8894128233386948,0.9746143611602738,180.16949152542372,46.89473684210526,0.493626637752665,False
ls0.1,4,2,elkan-cal,50,0.0196078431372549,170,368,7,31522,0.96045197740113,0.9884603323925996,0.9744561548968648,0.3159851301115242,0.4755244755244755,0.01762395679921453,0.9981945352403123,0.8894128233386948,0.9746143611602738,180.16949152542372,46.89473684210526,0.493626637752665,False
ls0.1,4,2,elkan-cal,100,0.009900990099009901,172,640,5,31250,0.9717514124293786,0.9799310128566949,0.9758412126430367,0.21182266009852216,0.34782608695652173,0.022988505747126436,0.9981945352403123,0.8894128233386948,0.9746143611602738,180.16949152542372,46.89473684210526,0.493626637752665,False
ls0.1,4,2,elkan-cal,200,0.004975124378109453,177,1570,0,30320,1.0,0.9507682659140797,0.9753841329570399,0.10131654264453349,0.183991683991684,0.023331847228414325,0.9981945352403123,0.8894128233386948,0.9746143611602738,180.16949152542372,46.89473684210526,0.493626637752665,False
ls0.1,4,2,val-cost,1,0.8831347121967512,169,326,8,31564,0.9548022598870056,0.9897773596738789,0.9722898097804422,0.3414141414141414,0.5029761904761905,0.010415692144572301,0.9981945352403123,0.8894128233386948,0.9746143611602738,180.16949152542372,46.89473684210526,0.493626637752665,False
ls0.1,4,2,val-cost,2,0.8369093720467211,171,569,6,31321,0.9661016949152542,0.9821574161179053,0.9741295555165798,0.23108108108108108,0.37295528898582336,0.018018856221312492,0.9981945352403123,0.8894128233386948,0.9746143611602738,180.16949152542372,46.89473684210526,0.493626637752665,False
ls0.1,4,2,val-cost,5,0.8369093720467211,171,569,6,31321,0.9661016949152542,0.9821574161179053,0.9741295555165798,0.23108108108108108,0.37295528898582336,0.018276125095347064,0.9981945352403123,0.8894128233386948,0.9746143611602738,180.16949152542372,46.89473684210526,0.493626637752665,False
ls0.1,4,2,val-cost,10,0.8369093720467211,171,569,6,31321,0.9661016949152542,0.9821574161179053,0.9741295555165798,0.23108108108108108,0.37295528898582336,0.018686868686868686,0.9981945352403123,0.8894128233386948,0.9746143611602738,180.16949152542372,46.89473684210526,0.493626637752665,False
ls0.1,4,2,val-cost,20,0.8369093720467211,171,569,6,31321,0.9661016949152542,0.9821574161179053,0.9741295555165798,0.23108108108108108,0.37295528898582336,0.019446796500141122,0.9981945352403123,0.8894128233386948,0.9746143611602738,180.16949152542372,46.89473684210526,0.493626637752665,False
ls0.1,4,2,val-cost,50,0.8369093720467211,171,569,6,31321,0.9661016949152542,0.9821574161179053,0.9741295555165798,0.23108108108108108,0.37295528898582336,0.021330387825233187,0.9981945352403123,0.8894128233386948,0.9746143611602738,180.16949152542372,46.89473684210526,0.493626637752665,False
ls0.1,4,2,val-cost,100,0.8369093720467211,171,569,6,31321,0.9661016949152542,0.9821574161179053,0.9741295555165798,0.23108108108108108,0.37295528898582336,0.023573301068763864,0.9981945352403123,0.8894128233386948,0.9746143611602738,180.16949152542372,46.89473684210526,0.493626637752665,False
ls0.1,4,2,val-cost,200,0.8369093720467211,171,569,6,31321,0.9661016949152542,0.9821574161179053,0.9741295555165798,0.23108108108108108,0.37295528898582336,0.026289196017238815,0.9981945352403123,0.8894128233386948,0.9746143611602738,180.16949152542372,46.89473684210526,0.493626637752665,False
ls0.1,4,2,oracle,1,0.9895928204059601,140,15,37,31875,0.7909604519774012,0.9995296331138288,0.895245042545615,0.9032258064516129,0.8433734939759037,0.0016216047650232327,0.9981945352403123,0.8894128233386948,0.9746143611602738,180.16949152542372,46.89473684210526,0.493626637752665,False
ls0.1,4,2,oracle,2,0.9895928204059601,140,15,37,31875,0.7909604519774012,0.9995296331138288,0.895245042545615,0.9032258064516129,0.8433734939759037,0.0027602034487036347,0.9981945352403123,0.8894128233386948,0.9746143611602738,180.16949152542372,46.89473684210526,0.493626637752665,False
ls0.1,4,2,oracle,5,0.9668441116809845,157,58,20,31832,0.8870056497175142,0.998181248040138,0.9425934488788261,0.7302325581395349,0.8010204081632653,0.004820747520976354,0.9981945352403123,0.8894128233386948,0.9746143611602738,180.16949152542372,46.89473684210526,0.493626637752665,False
ls0.1,4,2,oracle,10,0.9585182368755341,160,75,17,31815,0.903954802259887,0.9976481655691439,0.9508014839145155,0.6808510638297872,0.7766990291262136,0.007278669043374926,0.9981945352403123,0.8894128233386948,0.9746143611602738,180.16949152542372,46.89473684210526,0.493626637752665,False
ls0.1,4,2,oracle,20,0.9467257857322693,162,103,15,31787,0.9152542372881356,0.9967701473816243,0.9560121923348799,0.6113207547169811,0.7330316742081447,0.011374541349139148,0.9981945352403123,0.8894128233386948,0.9746143611602738,180.16949152542372,46.89473684210526,0.493626637752665,False
ls0.1,4,2,oracle,50,0.886611819267273,169,310,8,31580,0.9548022598870056,0.9902790843524616,0.9725406721197336,0.35281837160751567,0.5152439024390244,0.017427589592538047,0.9981945352403123,0.8894128233386948,0.9746143611602738,180.16949152542372,46.89473684210526,0.493626637752665,False
ls0.1,4,2,oracle,100,0.8539420366287231,171,448,6,31442,0.9661016949152542,0.9859517089996864,0.9760267019574703,0.2762520193861066,0.4296482412060301,0.021133293002621498,0.9981945352403123,0.8894128233386948,0.9746143611602738,180.16949152542372,46.89473684210526,0.493626637752665,False
ls0.1,4,2,oracle,200,0.8164425492286682,174,755,3,31135,0.9830508474576272,0.9763248667293822,0.9796878570935047,0.18729817007534985,0.31464737793851716,0.02013672165254867,0.9981945352403123,0.8894128233386948,0.9746143611602738,180.16949152542372,46.89473684210526,0.493626637752665,False
ls0.1,4,3,0.5,1,0.5,177,31890,0,0,1.0,0.0,0.5,0.0055196931424829265,0.010978786751023446,0.9944803068575171,0.9977220424021132,0.8621696187956098,0.9665679870600387,180.16949152542372,46.89473684210526,0.46213011691781203,False
ls0.1,4,3,0.5,2,0.5,177,31890,0,0,1.0,0.0,0.5,0.0055196931424829265,0.010978786751023446,0.9890212132489765,0.9977220424021132,0.8621696187956098,0.9665679870600387,180.16949152542372,46.89473684210526,0.46213011691781203,False
ls0.1,4,3,0.5,5,0.5,177,31890,0,0,1.0,0.0,0.5,0.0055196931424829265,0.010978786751023446,0.9729977116704805,0.9977220424021132,0.8621696187956098,0.9665679870600387,180.16949152542372,46.89473684210526,0.46213011691781203,False
ls0.1,4,3,0.5,10,0.5,177,31890,0,0,1.0,0.0,0.5,0.0055196931424829265,0.010978786751023446,0.9474153297682709,0.9977220424021132,0.8621696187956098,0.9665679870600387,180.16949152542372,46.89473684210526,0.46213011691781203,False
ls0.1,4,3,0.5,20,0.5,177,31890,0,0,1.0,0.0,0.5,0.0055196931424829265,0.010978786751023446,0.9000846740050804,0.9977220424021132,0.8621696187956098,0.9665679870600387,180.16949152542372,46.89473684210526,0.46213011691781203,False
ls0.1,4,3,0.5,50,0.5,177,31890,0,0,1.0,0.0,0.5,0.0055196931424829265,0.010978786751023446,0.7827687776141384,0.9977220424021132,0.8621696187956098,0.9665679870600387,180.16949152542372,46.89473684210526,0.46213011691781203,False
ls0.1,4,3,0.5,100,0.5,177,31890,0,0,1.0,0.0,0.5,0.0055196931424829265,0.010978786751023446,0.6430732002419842,0.9977220424021132,0.8621696187956098,0.9665679870600387,180.16949152542372,46.89473684210526,0.46213011691781203,False
ls0.1,4,3,0.5,200,0.5,177,31890,0,0,1.0,0.0,0.5,0.0055196931424829265,0.010978786751023446,0.4739188586714222,0.9977220424021132,0.8621696187956098,0.9665679870600387,180.16949152542372,46.89473684210526,0.46213011691781203,False
ls0.1,4,3,val-Youden,1,0.8884346246971215,170,540,7,31350,0.96045197740113,0.9830667920978363,0.9717593847494832,0.23943661971830985,0.3833145434047351,0.01705803473976362,0.9977220424021132,0.8621696187956098,0.9665679870600387,180.16949152542372,46.89473684210526,0.46213011691781203,False
ls0.1,4,3,val-Youden,2,0.8884346246971215,170,540,7,31350,0.96045197740113,0.9830667920978363,0.9717593847494832,0.23943661971830985,0.3833145434047351,0.017181491130132738,0.9977220424021132,0.8621696187956098,0.9665679870600387,180.16949152542372,46.89473684210526,0.46213011691781203,False
ls0.1,4,3,val-Youden,5,0.8884346246971215,170,540,7,31350,0.96045197740113,0.9830667920978363,0.9717593847494832,0.23943661971830985,0.3833145434047351,0.017543859649122806,0.9977220424021132,0.8621696187956098,0.9665679870600387,180.16949152542372,46.89473684210526,0.46213011691781203,False
ls0.1,4,3,val-Youden,10,0.8884346246971215,170,540,7,31350,0.96045197740113,0.9830667920978363,0.9717593847494832,0.23943661971830985,0.3833145434047351,0.018122400475341652,0.9977220424021132,0.8621696187956098,0.9665679870600387,180.16949152542372,46.89473684210526,0.46213011691781203,False
ls0.1,4,3,val-Youden,20,0.8884346246971215,170,540,7,31350,0.96045197740113,0.9830667920978363,0.9717593847494832,0.23943661971830985,0.3833145434047351,0.019192774484899804,0.9977220424021132,0.8621696187956098,0.9665679870600387,180.16949152542372,46.89473684210526,0.46213011691781203,False
ls0.1,4,3,val-Youden,50,0.8884346246971215,170,540,7,31350,0.96045197740113,0.9830667920978363,0.9717593847494832,0.23943661971830985,0.3833145434047351,0.021845851742758958,0.9977220424021132,0.8621696187956098,0.9665679870600387,180.16949152542372,46.89473684210526,0.46213011691781203,False
ls0.1,4,3,val-Youden,100,0.8884346246971215,170,540,7,31350,0.96045197740113,0.9830667920978363,0.9717593847494832,0.23943661971830985,0.3833145434047351,0.025005041338979635,0.9977220424021132,0.8621696187956098,0.9665679870600387,180.16949152542372,46.89473684210526,0.46213011691781203,False
ls0.1,4,3,val-Youden,200,0.8884346246971215,170,540,7,31350,0.96045197740113,0.9830667920978363,0.9717593847494832,0.23943661971830985,0.3833145434047351,0.02883043542874127,0.9977220424021132,0.8621696187956098,0.9665679870600387,180.16949152542372,46.89473684210526,0.46213011691781203,False
ls0.1,4,3,elkan-raw,1,0.5,177,31890,0,0,1.0,0.0,0.5,0.0055196931424829265,0.010978786751023446,0.9944803068575171,0.9977220424021132,0.8621696187956098,0.9665679870600387,180.16949152542372,46.89473684210526,0.46213011691781203,False
ls0.1,4,3,elkan-raw,2,0.3333333333333333,177,31890,0,0,1.0,0.0,0.5,0.0055196931424829265,0.010978786751023446,0.9890212132489765,0.9977220424021132,0.8621696187956098,0.9665679870600387,180.16949152542372,46.89473684210526,0.46213011691781203,False
ls0.1,4,3,elkan-raw,5,0.16666666666666666,177,31890,0,0,1.0,0.0,0.5,0.0055196931424829265,0.010978786751023446,0.9729977116704805,0.9977220424021132,0.8621696187956098,0.9665679870600387,180.16949152542372,46.89473684210526,0.46213011691781203,False
ls0.1,4,3,elkan-raw,10,0.09090909090909091,177,31890,0,0,1.0,0.0,0.5,0.0055196931424829265,0.010978786751023446,0.9474153297682709,0.9977220424021132,0.8621696187956098,0.9665679870600387,180.16949152542372,46.89473684210526,0.46213011691781203,False
ls0.1,4,3,elkan-raw,20,0.047619047619047616,177,31890,0,0,1.0,0.0,0.5,0.0055196931424829265,0.010978786751023446,0.9000846740050804,0.9977220424021132,0.8621696187956098,0.9665679870600387,180.16949152542372,46.89473684210526,0.46213011691781203,False
ls0.1,4,3,elkan-raw,50,0.0196078431372549,177,31890,0,0,1.0,0.0,0.5,0.0055196931424829265,0.010978786751023446,0.7827687776141384,0.9977220424021132,0.8621696187956098,0.9665679870600387,180.16949152542372,46.89473684210526,0.46213011691781203,False
ls0.1,4,3,elkan-raw,100,0.009900990099009901,177,31890,0,0,1.0,0.0,0.5,0.0055196931424829265,0.010978786751023446,0.6430732002419842,0.9977220424021132,0.8621696187956098,0.9665679870600387,180.16949152542372,46.89473684210526,0.46213011691781203,False
ls0.1,4,3,elkan-raw,200,0.004975124378109453,177,31890,0,0,1.0,0.0,0.5,0.0055196931424829265,0.010978786751023446,0.4739188586714222,0.9977220424021132,0.8621696187956098,0.9665679870600387,180.16949152542372,46.89473684210526,0.46213011691781203,False
ls0.1,4,3,elkan-cal,1,0.5,154,54,23,31836,0.8700564971751412,0.9983066792097837,0.9341815881924624,0.7403846153846154,0.8,0.0024012224405151714,0.9977220424021132,0.8621696187956098,0.9665679870600387,180.16949152542372,46.89473684210526,0.46213011691781203,False
ls0.1,4,3,elkan-cal,2,0.3333333333333333,157,82,20,31808,0.8870056497175142,0.997428661022264,0.942217155369889,0.6569037656903766,0.7548076923076923,0.003783649671256668,0.9977220424021132,0.8621696187956098,0.9665679870600387,180.16949152542372,46.89473684210526,0.46213011691781203,False
ls0.1,4,3,elkan-cal,5,0.16666666666666666,163,157,14,31733,0.9209039548022598,0.995076826591408,0.9579903906968339,0.509375,0.6559356136820925,0.006926010678871091,0.9977220424021132,0.8621696187956098,0.9665679870600387,180.16949152542372,46.89473684210526,0.46213011691781203,False
ls0.1,4,3,elkan-cal,10,0.09090909090909091,164,224,13,31666,0.9265536723163842,0.9929758544998432,0.9597647634081137,0.422680412371134,0.5805309734513274,0.010516934046345811,0.9977220424021132,0.8621696187956098,0.9665679870600387,180.16949152542372,46.89473684210526,0.46213011691781203,False
ls0.1,4,3,elkan-cal,20,0.047619047619047616,166,334,11,31556,0.9378531073446328,0.9895264973345876,0.9636898023396102,0.332,0.49039881831610044,0.01563646627152131,0.9977220424021132,0.8621696187956098,0.9665679870600387,180.16949152542372,46.89473684210526,0.46213011691781203,False
ls0.1,4,3,elkan-cal,50,0.0196078431372549,170,568,7,31322,0.96045197740113,0.9821887739103167,0.9713203756557234,0.23035230352303523,0.37158469945355194,0.022533136966126657,0.9977220424021132,0.8621696187956098,0.9665679870600387,180.16949152542372,46.89473684210526,0.46213011691781203,False
ls0.1,4,3,elkan-cal,100,0.009900990099009901,172,905,5,30985,0.9717514124293786,0.9716211978676701,0.9716863051485243,0.15970287836583102,0.2743221690590112,0.028332325065537407,0.9977220424021132,0.8621696187956098,0.9665679870600387,180.16949152542372,46.89473684210526,0.46213011691781203,False
ls0.1,4,3,elkan-cal,200,0.004975124378109453,175,1595,2,30295,0.9887005649717514,0.9499843211037943,0.9693424430377728,0.09887005649717515,0.17976373908577298,0.029647793134195275,0.9977220424021132,0.8621696187956098,0.9665679870600387,180.16949152542372,46.89473684210526,0.46213011691781203,False
ls0.1,4,3,val-cost,1,0.9232053668081994,166,324,11,31566,0.9378531073446328,0.9898400752587018,0.9638465913016673,0.33877551020408164,0.49775112443778113,0.01044687685159198,0.9977220424021132,0.8621696187956098,0.9665679870600387,180.16949152542372,46.89473684210526,0.46213011691781203,False
ls0.1,4,3,val-cost,2,0.9232053668081994,166,324,11,31566,0.9378531073446328,0.9898400752587018,0.9638465913016673,0.33877551020408164,0.49775112443778113,0.010730678575859074,0.9977220424021132,0.8621696187956098,0.9665679870600387,180.16949152542372,46.89473684210526,0.46213011691781203,False
ls0.1,4,3,val-cost,5,0.8881076391920375,170,541,7,31349,0.96045197740113,0.983035434305425,0.9717437058532774,0.2390998593530239,0.38288288288288286,0.017574370709382153,0.9977220424021132,0.8621696187956098,0.9665679870600387,180.16949152542372,46.89473684210526,0.46213011691781203,False
ls0.1,4,3,val-cost,10,0.8881076391920375,170,541,7,31349,0.96045197740113,0.983035434305425,0.9717437058532774,0.2390998593530239,0.38288288288288286,0.018152109328579916,0.9977220424021132,0.8621696187956098,0.9665679870600387,180.16949152542372,46.89473684210526,0.46213011691781203,False
ls0.1,4,3,val-cost,20,0.8881076391920375,170,541,7,31349,0.96045197740113,0.983035434305425,0.9717437058532774,0.2390998593530239,0.38288288288288286,0.01922099915325995,0.9977220424021132,0.8621696187956098,0.9665679870600387,180.16949152542372,46.89473684210526,0.46213011691781203,False
ls0.1,4,3,val-cost,50,0.8881076391920375,170,541,7,31349,0.96045197740113,0.983035434305425,0.9717437058532774,0.2390998593530239,0.38288288288288286,0.02187039764359352,0.9977220424021132,0.8621696187956098,0.9665679870600387,180.16949152542372,46.89473684210526,0.46213011691781203,False
ls0.1,4,3,val-cost,100,0.8881076391920375,170,541,7,31349,0.96045197740113,0.983035434305425,0.9717437058532774,0.2390998593530239,0.38288288288288286,0.025025206694898165,0.9977220424021132,0.8621696187956098,0.9665679870600387,180.16949152542372,46.89473684210526,0.46213011691781203,False
ls0.1,4,3,val-cost,200,0.8881076391920375,170,541,7,31349,0.96045197740113,0.983035434305425,0.9717437058532774,0.2390998593530239,0.38288288288288286,0.028845296477931343,0.9977220424021132,0.8621696187956098,0.9665679870600387,180.16949152542372,46.89473684210526,0.46213011691781203,False
ls0.1,4,3,oracle,1,0.9913010895252228,139,17,38,31873,0.7853107344632768,0.999466917529006,0.8923888259961414,0.8910256410256411,0.8348348348348348,0.0017151588860822653,0.9977220424021132,0.8621696187956098,0.9665679870600387,180.16949152542372,46.89473684210526,0.46213011691781203,False
ls0.1,4,3,oracle,2,0.9827671945095062,153,43,24,31847,0.864406779661017,0.9986516149263092,0.931529197293663,0.7806122448979592,0.8203753351206434,0.0028222304924947275,0.9977220424021132,0.8621696187956098,0.9665679870600387,180.16949152542372,46.89473684210526,0.46213011691781203,False
ls0.1,4,3,oracle,5,0.9827671945095062,153,43,24,31847,0.864406779661017,0.9986516149263092,0.931529197293663,0.7806122448979592,0.8203753351206434,0.004973302822273074,0.9977220424021132,0.8621696187956098,0.9665679870600387,180.16949152542372,46.89473684210526,0.46213011691781203,False
ls0.1,4,3,oracle,10,0.9640297889709473,163,119,14,31771,0.9209039548022598,0.9962684227030417,0.9585861887526508,0.5780141843971631,0.710239651416122,0.007694592988710636,0.9977220424021132,0.8621696187956098,0.9665679870600387,180.16949152542372,46.89473684210526,0.46213011691781203,False
ls0.1,4,3,oracle,20,0.9640297889709473,163,119,14,31771,0.9209039548022598,0.9962684227030417,0.9585861887526508,0.5780141843971631,0.710239651416122,0.01126164267569856,0.9977220424021132,0.8621696187956098,0.9665679870600387,180.16949152542372,46.89473684210526,0.46213011691781203,False
ls0.1,4,3,oracle,50,0.9165819883346558,169,364,8,31526,0.9548022598870056,0.9885857635622453,0.9716940117246254,0.3170731707317073,0.476056338028169,0.01875306823760432,0.9977220424021132,0.8621696187956098,0.9665679870600387,180.16949152542372,46.89473684210526,0.46213011691781203,False
ls0.1,4,3,oracle,100,0.9165819883346558,169,364,8,31526,0.9548022598870056,0.9885857635622453,0.9716940117246254,0.3170731707317073,0.476056338028169,0.023472474289171204,0.9977220424021132,0.8621696187956098,0.9665679870600387,180.16949152542372,46.89473684210526,0.46213011691781203,False
ls0.1,4,3,oracle,200,0.7973618507385254,177,1699,0,30191,1.0,0.9467231106930072,0.9733615553465036,0.0943496801705757,0.17243058938139308,0.02524892257393372,0.9977220424021132,0.8621696187956098,0.9665679870600387,180.16949152542372,46.89473684210526,0.46213011691781203,False
ls0.1,4,4,0.5,1,0.5,177,31890,0,0,1.0,0.0,0.5,0.0055196931424829265,0.010978786751023446,0.9944803068575171,0.9850218707314868,0.7686108874536968,0.723684345729406,180.16949152542372,46.89473684210526,0.4085545238108842,False
ls0.1,4,4,0.5,2,0.5,177,31890,0,0,1.0,0.0,0.5,0.0055196931424829265,0.010978786751023446,0.9890212132489765,0.9850218707314868,0.7686108874536968,0.723684345729406,180.16949152542372,46.89473684210526,0.4085545238108842,False
ls0.1,4,4,0.5,5,0.5,177,31890,0,0,1.0,0.0,0.5,0.0055196931424829265,0.010978786751023446,0.9729977116704805,0.9850218707314868,0.7686108874536968,0.723684345729406,180.16949152542372,46.89473684210526,0.4085545238108842,False
ls0.1,4,4,0.5,10,0.5,177,31890,0,0,1.0,0.0,0.5,0.0055196931424829265,0.010978786751023446,0.9474153297682709,0.9850218707314868,0.7686108874536968,0.723684345729406,180.16949152542372,46.89473684210526,0.4085545238108842,False
ls0.1,4,4,0.5,20,0.5,177,31890,0,0,1.0,0.0,0.5,0.0055196931424829265,0.010978786751023446,0.9000846740050804,0.9850218707314868,0.7686108874536968,0.723684345729406,180.16949152542372,46.89473684210526,0.4085545238108842,False
ls0.1,4,4,0.5,50,0.5,177,31890,0,0,1.0,0.0,0.5,0.0055196931424829265,0.010978786751023446,0.7827687776141384,0.9850218707314868,0.7686108874536968,0.723684345729406,180.16949152542372,46.89473684210526,0.4085545238108842,False
ls0.1,4,4,0.5,100,0.5,177,31890,0,0,1.0,0.0,0.5,0.0055196931424829265,0.010978786751023446,0.6430732002419842,0.9850218707314868,0.7686108874536968,0.723684345729406,180.16949152542372,46.89473684210526,0.4085545238108842,False
ls0.1,4,4,0.5,200,0.5,177,31890,0,0,1.0,0.0,0.5,0.0055196931424829265,0.010978786751023446,0.4739188586714222,0.9850218707314868,0.7686108874536968,0.723684345729406,180.16949152542372,46.89473684210526,0.4085545238108842,False
ls0.1,4,4,val-Youden,1,0.9118658059842564,168,493,9,31397,0.9491525423728814,0.9845406083411727,0.966846575357027,0.25416036308623297,0.4009546539379475,0.01565472292387813,0.9850218707314868,0.7686108874536968,0.723684345729406,180.16949152542372,46.89473684210526,0.4085545238108842,False
ls0.1,4,4,val-Youden,2,0.9118658059842564,168,493,9,31397,0.9491525423728814,0.9845406083411727,0.966846575357027,0.25416036308623297,0.4009546539379475,0.01584790968862424,0.9850218707314868,0.7686108874536968,0.723684345729406,180.16949152542372,46.89473684210526,0.4085545238108842,False
ls0.1,4,4,val-Youden,5,0.9118658059842564,168,493,9,31397,0.9491525423728814,0.9845406083411727,0.966846575357027,0.25416036308623297,0.4009546539379475,0.016414950419527077,0.9850218707314868,0.7686108874536968,0.723684345729406,180.16949152542372,46.89473684210526,0.4085545238108842,False
ls0.1,4,4,val-Youden,10,0.9118658059842564,168,493,9,31397,0.9491525423728814,0.9845406083411727,0.966846575357027,0.25416036308623297,0.4009546539379475,0.017320261437908498,0.9850218707314868,0.7686108874536968,0.723684345729406,180.16949152542372,46.89473684210526,0.4085545238108842,False
ls0.1,4,4,val-Youden,20,0.9118658059842564,168,493,9,31397,0.9491525423728814,0.9845406083411727,0.966846575357027,0.25416036308623297,0.4009546539379475,0.018995201806378776,0.9850218707314868,0.7686108874536968,0.723684345729406,180.16949152542372,46.89473684210526,0.4085545238108842,False
ls0.1,4,4,val-Youden,50,0.9118658059842564,168,493,9,31397,0.9491525423728814,0.9845406083411727,0.966846575357027,0.25416036308623297,0.4009546539379475,0.023146784486990674,0.9850218707314868,0.7686108874536968,0.723684345729406,180.16949152542372,46.89473684210526,0.4085545238108842,False
ls0.1,4,4,val-Youden,100,0.9118658059842564,168,493,9,31397,0.9491525423728814,0.9845406083411727,0.966846575357027,0.25416036308623297,0.4009546539379475,0.02809034079451502,0.9850218707314868,0.7686108874536968,0.723684345729406,180.16949152542372,46.89473684210526,0.4085545238108842,False
ls0.1,4,4,val-Youden,200,0.9118658059842564,168,493,9,31397,0.9491525423728814,0.9845406083411727,0.966846575357027,0.25416036308623297,0.4009546539379475,0.03407638579283698,0.9850218707314868,0.7686108874536968,0.723684345729406,180.16949152542372,46.89473684210526,0.4085545238108842,False
ls0.1,4,4,elkan-raw,1,0.5,177,31890,0,0,1.0,0.0,0.5,0.0055196931424829265,0.010978786751023446,0.9944803068575171,0.9850218707314868,0.7686108874536968,0.723684345729406,180.16949152542372,46.89473684210526,0.4085545238108842,False
ls0.1,4,4,elkan-raw,2,0.3333333333333333,177,31890,0,0,1.0,0.0,0.5,0.0055196931424829265,0.010978786751023446,0.9890212132489765,0.9850218707314868,0.7686108874536968,0.723684345729406,180.16949152542372,46.89473684210526,0.4085545238108842,False
ls0.1,4,4,elkan-raw,5,0.16666666666666666,177,31890,0,0,1.0,0.0,0.5,0.0055196931424829265,0.010978786751023446,0.9729977116704805,0.9850218707314868,0.7686108874536968,0.723684345729406,180.16949152542372,46.89473684210526,0.4085545238108842,False
ls0.1,4,4,elkan-raw,10,0.09090909090909091,177,31890,0,0,1.0,0.0,0.5,0.0055196931424829265,0.010978786751023446,0.9474153297682709,0.9850218707314868,0.7686108874536968,0.723684345729406,180.16949152542372,46.89473684210526,0.4085545238108842,False
ls0.1,4,4,elkan-raw,20,0.047619047619047616,177,31890,0,0,1.0,0.0,0.5,0.0055196931424829265,0.010978786751023446,0.9000846740050804,0.9850218707314868,0.7686108874536968,0.723684345729406,180.16949152542372,46.89473684210526,0.4085545238108842,False
ls0.1,4,4,elkan-raw,50,0.0196078431372549,177,31890,0,0,1.0,0.0,0.5,0.0055196931424829265,0.010978786751023446,0.7827687776141384,0.9850218707314868,0.7686108874536968,0.723684345729406,180.16949152542372,46.89473684210526,0.4085545238108842,False
ls0.1,4,4,elkan-raw,100,0.009900990099009901,177,31890,0,0,1.0,0.0,0.5,0.0055196931424829265,0.010978786751023446,0.6430732002419842,0.9850218707314868,0.7686108874536968,0.723684345729406,180.16949152542372,46.89473684210526,0.4085545238108842,False
ls0.1,4,4,elkan-raw,200,0.004975124378109453,177,31890,0,0,1.0,0.0,0.5,0.0055196931424829265,0.010978786751023446,0.4739188586714222,0.9850218707314868,0.7686108874536968,0.723684345729406,180.16949152542372,46.89473684210526,0.4085545238108842,False
ls0.1,4,4,elkan-cal,1,0.5,143,76,34,31814,0.807909604519774,0.9976168077767326,0.9027632061482533,0.6529680365296804,0.7222222222222222,0.0034303177721645307,0.9850218707314868,0.7686108874536968,0.723684345729406,180.16949152542372,46.89473684210526,0.4085545238108842,False
ls0.1,4,4,elkan-cal,2,0.3333333333333333,146,105,31,31785,0.8248587570621468,0.9967074317968015,0.9107830944294741,0.5816733067729084,0.6822429906542056,0.005179258156556258,0.9850218707314868,0.7686108874536968,0.723684345729406,180.16949152542372,46.89473684210526,0.4085545238108842,False
ls0.1,4,4,elkan-cal,5,0.16666666666666666,159,174,18,31716,0.8983050847457628,0.9945437441204139,0.9464244144330883,0.4774774774774775,0.6235294117647059,0.00805491990846682,0.9850218707314868,0.7686108874536968,0.723684345729406,180.16949152542372,46.89473684210526,0.4085545238108842,False
ls0.1,4,4,elkan-cal,10,0.09090909090909091,163,240,14,31650,0.9209039548022598,0.9924741298212606,0.9566890423117602,0.4044665012406948,0.5620689655172414,0.0112893642305407,0.9850218707314868,0.7686108874536968,0.723684345729406,180.16949152542372,46.89473684210526,0.4085545238108842,False
ls0.1,4,4,elkan-cal,20,0.047619047619047616,167,352,10,31538,0.943502824858757,0.9889620570711822,0.9662324409649696,0.3217726396917148,0.47988505747126436,0.015580016934801016,0.9850218707314868,0.7686108874536968,0.723684345729406,180.16949152542372,46.89473684210526,0.4085545238108842,False
ls0.1,4,4,elkan-cal,50,0.0196078431372549,169,587,8,31303,0.9548022598870056,0.9815929758544999,0.9681976178707528,0.22354497354497355,0.36227224008574493,0.02422680412371134,0.9850218707314868,0.7686108874536968,0.723684345729406,180.16949152542372,46.89473684210526,0.4085545238108842,False
ls0.1,4,4,elkan-cal,100,0.009900990099009901,170,884,7,31006,0.96045197740113,0.9722797115083098,0.9663658444547198,0.16129032258064516,0.27619821283509344,0.031941923774954625,0.9850218707314868,0.7686108874536968,0.723684345729406,180.16949152542372,46.89473684210526,0.4085545238108842,False
ls0.1,4,4,elkan-cal,200,0.004975124378109453,171,1345,6,30545,0.9661016949152542,0.9578237692066478,0.961962732060951,0.11279683377308707,0.20200826934435911,0.037821370188735326,0.9850218707314868,0.7686108874536968,0.723684345729406,180.16949152542372,46.89473684210526,0.4085545238108842,False
ls0.1,4,4,val-cost,1,0.9118637184454088,168,493,9,31397,0.9491525423728814,0.9845406083411727,0.966846575357027,0.25416036308623297,0.4009546539379475,0.01565472292387813,0.9850218707314868,0.7686108874536968,0.723684345729406,180.16949152542372,46.89473684210526,0.4085545238108842,False
ls0.1,4,4,val-cost,2,0.9118637184454088,168,493,9,31397,0.9491525423728814,0.9845406083411727,0.966846575357027,0.25416036308623297,0.4009546539379475,0.01584790968862424,0.9850218707314868,0.7686108874536968,0.723684345729406,180.16949152542372,46.89473684210526,0.4085545238108842,False
ls0.1,4,4,val-cost,5,0.9118637184454088,168,493,9,31397,0.9491525423728814,0.9845406083411727,0.966846575357027,0.25416036308623297,0.4009546539379475,0.016414950419527077,0.9850218707314868,0.7686108874536968,0.723684345729406,180.16949152542372,46.89473684210526,0.4085545238108842,False
ls0.1,4,4,val-cost,10,0.9118637184454088,168,493,9,31397,0.9491525423728814,0.9845406083411727,0.966846575357027,0.25416036308623297,0.4009546539379475,0.017320261437908498,0.9850218707314868,0.7686108874536968,0.723684345729406,180.16949152542372,46.89473684210526,0.4085545238108842,False
ls0.1,4,4,val-cost,20,0.9118637184454088,168,493,9,31397,0.9491525423728814,0.9845406083411727,0.966846575357027,0.25416036308623297,0.4009546539379475,0.018995201806378776,0.9850218707314868,0.7686108874536968,0.723684345729406,180.16949152542372,46.89473684210526,0.4085545238108842,False
ls0.1,4,4,val-cost,50,0.9118637184454088,168,493,9,31397,0.9491525423728814,0.9845406083411727,0.966846575357027,0.25416036308623297,0.4009546539379475,0.023146784486990674,0.9850218707314868,0.7686108874536968,0.723684345729406,180.16949152542372,46.89473684210526,0.4085545238108842,False
ls0.1,4,4,val-cost,100,0.9118637184454088,168,493,9,31397,0.9491525423728814,0.9845406083411727,0.966846575357027,0.25416036308623297,0.4009546539379475,0.02809034079451502,0.9850218707314868,0.7686108874536968,0.723684345729406,180.16949152542372,46.89473684210526,0.4085545238108842,False
ls0.1,4,4,val-cost,200,0.9118637184454088,168,493,9,31397,0.9491525423728814,0.9845406083411727,0.966846575357027,0.25416036308623297,0.4009546539379475,0.03407638579283698,0.9850218707314868,0.7686108874536968,0.723684345729406,180.16949152542372,46.89473684210526,0.4085545238108842,False
ls0.1,4,4,oracle,1,0.9900859594345093,121,23,56,31867,0.6836158192090396,0.9992787707745374,0.8414472949917885,0.8402777777777778,0.7538940809968847,0.0024635918545545263,0.9850218707314868,0.7686108874536968,0.723684345729406,180.16949152542372,46.89473684210526,0.4085545238108842,False
ls0.1,4,4,oracle,2,0.9847955405712128,135,42,42,31848,0.7627118644067796,0.9986829727187206,0.8806974185627501,0.7627118644067796,0.7627118644067796,0.003907703758838854,0.9850218707314868,0.7686108874536968,0.723684345729406,180.16949152542372,46.89473684210526,0.4085545238108842,False
ls0.1,4,4,oracle,5,0.9806590676307678,142,66,35,31824,0.8022598870056498,0.9979303857008467,0.9000951363532482,0.6826923076923077,0.7376623376623377,0.007353165522501907,0.9850218707314868,0.7686108874536968,0.723684345729406,180.16949152542372,46.89473684210526,0.4085545238108842,False
ls0.1,4,4,oracle,10,0.9642283320426941,158,149,19,31741,0.8926553672316384,0.9953276889306992,0.9439915280811688,0.5146579804560261,0.6528925619834711,0.010071301247771836,0.9850218707314868,0.7686108874536968,0.723684345729406,180.16949152542372,46.89473684210526,0.4085545238108842,False
ls0.1,4,4,oracle,20,0.9499480128288269,163,226,14,31664,0.9209039548022598,0.9929131389150204,0.9569085468586401,0.4190231362467866,0.5759717314487632,0.014281682190234265,0.9850218707314868,0.7686108874536968,0.723684345729406,180.16949152542372,46.89473684210526,0.4085545238108842,False
ls0.1,4,4,oracle,50,0.9361642003059387,167,322,10,31568,0.943502824858757,0.9899027908435246,0.9667028078511408,0.34151329243353784,0.5015015015015015,0.020176730486008838,0.9850218707314868,0.7686108874536968,0.723684345729406,180.16949152542372,46.89473684210526,0.4085545238108842,False
ls0.1,4,4,oracle,100,0.9361642003059387,167,322,10,31568,0.943502824858757,0.9899027908435246,0.9667028078511408,0.34151329243353784,0.5015015015015015,0.026658600524299254,0.9850218707314868,0.7686108874536968,0.723684345729406,180.16949152542372,46.89473684210526,0.4085545238108842,False
ls0.1,4,4,oracle,200,0.8949187994003296,170,695,7,31195,0.96045197740113,0.9782063342740671,0.9693291558375985,0.19653179190751446,0.32629558541266795,0.031133898053202557,0.9850218707314868,0.7686108874536968,0.723684345729406,180.16949152542372,46.89473684210526,0.4085545238108842,False
ls0.1,5,0,0.5,1,0.5,41,19327,0,0,1.0,0.0,0.5,0.002116893845518381,0.004224844144469061,0.9978831061544816,0.9828913676936221,0.5221833171872547,0.6820081094689976,471.390243902439,108.8,0.43608353919224896,False
ls0.1,5,0,0.5,2,0.5,41,19327,0,0,1.0,0.0,0.5,0.002116893845518381,0.004224844144469061,0.9957751558555309,0.9828913676936221,0.5221833171872547,0.6820081094689976,471.390243902439,108.8,0.43608353919224896,False
ls0.1,5,0,0.5,5,0.5,41,19327,0,0,1.0,0.0,0.5,0.002116893845518381,0.004224844144469061,0.9895044030309236,0.9828913676936221,0.5221833171872547,0.6820081094689976,471.390243902439,108.8,0.43608353919224896,False
ls0.1,5,0,0.5,10,0.5,41,19327,0,0,1.0,0.0,0.5,0.002116893845518381,0.004224844144469061,0.9792268328520038,0.9828913676936221,0.5221833171872547,0.6820081094689976,471.390243902439,108.8,0.43608353919224896,False
ls0.1,5,0,0.5,20,0.5,41,19327,0,0,1.0,0.0,0.5,0.002116893845518381,0.004224844144469061,0.9592991512383978,0.9828913676936221,0.5221833171872547,0.6820081094689976,471.390243902439,108.8,0.43608353919224896,False
ls0.1,5,0,0.5,50,0.5,41,19327,0,0,1.0,0.0,0.5,0.002116893845518381,0.004224844144469061,0.9041025401132058,0.9828913676936221,0.5221833171872547,0.6820081094689976,471.390243902439,108.8,0.43608353919224896,False
ls0.1,5,0,0.5,100,0.5,41,19327,0,0,1.0,0.0,0.5,0.002116893845518381,0.004224844144469061,0.8249882614077774,0.9828913676936221,0.5221833171872547,0.6820081094689976,471.390243902439,108.8,0.43608353919224896,False
ls0.1,5,0,0.5,200,0.5,41,19327,0,0,1.0,0.0,0.5,0.002116893845518381,0.004224844144469061,0.7021106549932793,0.9828913676936221,0.5221833171872547,0.6820081094689976,471.390243902439,108.8,0.43608353919224896,False
ls0.1,5,0,val-Youden,1,0.9385051620696803,37,96,4,19231,0.9024390243902439,0.9950328555906245,0.9487359399904343,0.2781954887218045,0.42528735632183906,0.005163155720776538,0.9828913676936221,0.5221833171872547,0.6820081094689976,471.390243902439,108.8,0.43608353919224896,False
ls0.1,5,0,val-Youden,2,0.9385051620696803,37,96,4,19231,0.9024390243902439,0.9950328555906245,0.9487359399904343,0.2781954887218045,0.42528735632183906,0.0053583389149363695,0.9828913676936221,0.5221833171872547,0.6820081094689976,471.390243902439,108.8,0.43608353919224896,False
ls0.1,5,0,val-Youden,5,0.9385051620696803,37,96,4,19231,0.9024390243902439,0.9950328555906245,0.9487359399904343,0.2781954887218045,0.42528735632183906,0.00593897194347737,0.9828913676936221,0.5221833171872547,0.6820081094689976,471.390243902439,108.8,0.43608353919224896,False
ls0.1,5,0,val-Youden,10,0.9385051620696803,37,96,4,19231,0.9024390243902439,0.9950328555906245,0.9487359399904343,0.2781954887218045,0.42528735632183906,0.0068906115417743325,0.9828913676936221,0.5221833171872547,0.6820081094689976,471.390243902439,108.8,0.43608353919224896,False
ls0.1,5,0,val-Youden,20,0.9385051620696803,37,96,4,19231,0.9024390243902439,0.9950328555906245,0.9487359399904343,0.2781954887218045,0.42528735632183906,0.008735791929319501,0.9828913676936221,0.5221833171872547,0.6820081094689976,471.390243902439,108.8,0.43608353919224896,False
ls0.1,5,0,val-Youden,50,0.9385051620696803,37,96,4,19231,0.9024390243902439,0.9950328555906245,0.9487359399904343,0.2781954887218045,0.42528735632183906,0.01384665762267858,0.9828913676936221,0.5221833171872547,0.6820081094689976,471.390243902439,108.8,0.43608353919224896,False
ls0.1,5,0,val-Youden,100,0.9385051620696803,37,96,4,19231,0.9024390243902439,0.9950328555906245,0.9487359399904343,0.2781954887218045,0.42528735632183906,0.021172151790668885,0.9828913676936221,0.5221833171872547,0.6820081094689976,471.390243902439,108.8,0.43608353919224896,False
ls0.1,5,0,val-Youden,200,0.9385051620696803,37,96,4,19231,0.9024390243902439,0.9950328555906245,0.9487359399904343,0.2781954887218045,0.42528735632183906,0.032549860137319725,0.9828913676936221,0.5221833171872547,0.6820081094689976,471.390243902439,108.8,0.43608353919224896,False
ls0.1,5,0,elkan-raw,1,0.5,41,19327,0,0,1.0,0.0,0.5,0.002116893845518381,0.004224844144469061,0.9978831061544816,0.9828913676936221,0.5221833171872547,0.6820081094689976,471.390243902439,108.8,0.43608353919224896,False
ls0.1,5,0,elkan-raw,2,0.3333333333333333,41,19327,0,0,1.0,0.0,0.5,0.002116893845518381,0.004224844144469061,0.9957751558555309,0.9828913676936221,0.5221833171872547,0.6820081094689976,471.390243902439,108.8,0.43608353919224896,False
ls0.1,5,0,elkan-raw,5,0.16666666666666666,41,19327,0,0,1.0,0.0,0.5,0.002116893845518381,0.004224844144469061,0.9895044030309236,0.9828913676936221,0.5221833171872547,0.6820081094689976,471.390243902439,108.8,0.43608353919224896,False
ls0.1,5,0,elkan-raw,10,0.09090909090909091,41,19327,0,0,1.0,0.0,0.5,0.002116893845518381,0.004224844144469061,0.9792268328520038,0.9828913676936221,0.5221833171872547,0.6820081094689976,471.390243902439,108.8,0.43608353919224896,False
ls0.1,5,0,elkan-raw,20,0.047619047619047616,41,19327,0,0,1.0,0.0,0.5,0.002116893845518381,0.004224844144469061,0.9592991512383978,0.9828913676936221,0.5221833171872547,0.6820081094689976,471.390243902439,108.8,0.43608353919224896,False
ls0.1,5,0,elkan-raw,50,0.0196078431372549,41,19327,0,0,1.0,0.0,0.5,0.002116893845518381,0.004224844144469061,0.9041025401132058,0.9828913676936221,0.5221833171872547,0.6820081094689976,471.390243902439,108.8,0.43608353919224896,False
ls0.1,5,0,elkan-raw,100,0.009900990099009901,41,19327,0,0,1.0,0.0,0.5,0.002116893845518381,0.004224844144469061,0.8249882614077774,0.9828913676936221,0.5221833171872547,0.6820081094689976,471.390243902439,108.8,0.43608353919224896,False
ls0.1,5,0,elkan-raw,200,0.004975124378109453,41,19327,0,0,1.0,0.0,0.5,0.002116893845518381,0.004224844144469061,0.7021106549932793,0.9828913676936221,0.5221833171872547,0.6820081094689976,471.390243902439,108.8,0.43608353919224896,False
ls0.1,5,0,elkan-cal,1,0.5,10,8,31,19319,0.24390243902439024,0.9995860712992187,0.6217442551618044,0.5555555555555556,0.3389830508474576,0.00201363073110285,0.9828913676936221,0.5221833171872547,0.6820081094689976,471.390243902439,108.8,0.43608353919224896,False
ls0.1,5,0,elkan-cal,2,0.3333333333333333,16,12,25,19315,0.3902439024390244,0.999379106948828,0.6948115046939263,0.5714285714285714,0.463768115942029,0.0031943943531351437,0.9828913676936221,0.5221833171872547,0.6820081094689976,471.390243902439,108.8,0.43608353919224896,False
ls0.1,5,0,elkan-cal,5,0.16666666666666666,23,19,18,19308,0.5609756097560976,0.9990169193356444,0.779996264545871,0.5476190476190477,0.5542168674698795,0.005580585705508908,0.9828913676936221,0.5221833171872547,0.6820081094689976,471.390243902439,108.8,0.43608353919224896,False
ls0.1,5,0,elkan-cal,10,0.09090909090909091,28,31,13,19296,0.6829268292682927,0.9983960262844725,0.8406614277763826,0.4745762711864407,0.56,0.008157268075188732,0.9828913676936221,0.5221833171872547,0.6820081094689976,471.390243902439,108.8,0.43608353919224896,False
ls0.1,5,0,elkan-cal,20,0.047619047619047616,32,42,9,19285,0.7804878048780488,0.9978268743208982,0.8891573395994735,0.43243243243243246,0.5565217391304348,0.011019010274482554,0.9828913676936221,0.5221833171872547,0.6820081094689976,471.390243902439,108.8,0.43608353919224896,False
ls0.1,5,0,elkan-cal,50,0.0196078431372549,36,68,5,19259,0.8780487804878049,0.996481606043359,0.937265193265582,0.34615384615384615,0.496551724137931,0.01487580109463442,0.9828913676936221,0.5221833171872547,0.6820081094689976,471.390243902439,108.8,0.43608353919224896,False
ls0.1,5,0,elkan-cal,100,0.009900990099009901,38,118,3,19209,0.926829268292683,0.993894551663476,0.9603619099780795,0.24358974358974358,0.38578680203045684,0.017842660178426603,0.9828913676936221,0.5221833171872547,0.6820081094689976,471.390243902439,108.8,0.43608353919224896,False
ls0.1,5,0,elkan-cal,200,0.004975124378109453,40,256,1,19071,0.975609756097561,0.9867542815749987,0.9811820188362799,0.13513513513513514,0.23738872403560832,0.01656555381988593,0.9828913676936221,0.5221833171872547,0.6820081094689976,471.390243902439,108.8,0.43608353919224896,False
ls0.1,5,0,val-cost,1,0.9380708472670808,37,97,4,19230,0.9024390243902439,0.9949811145030268,0.9487100694466354,0.27611940298507465,0.4228571428571429,0.005214787277984304,0.9828913676936221,0.5221833171872547,0.6820081094689976,471.390243902439,108.8,0.43608353919224896,False
ls0.1,5,0,val-cost,2,0.9380708472670808,37,97,4,19230,0.9024390243902439,0.9949811145030268,0.9487100694466354,0.27611940298507465,0.4228571428571429,0.005409861404503066,0.9828913676936221,0.5221833171872547,0.6820081094689976,471.390243902439,108.8,0.43608353919224896,False
ls0.1,5,0,val-cost,5,0.9380708472670808,37,97,4,19230,0.9024390243902439,0.9949811145030268,0.9487100694466354,0.27611940298507465,0.4228571428571429,0.005990169977472865,0.9828913676936221,0.5221833171872547,0.6820081094689976,471.390243902439,108.8,0.43608353919224896,False
ls0.1,5,0,val-cost,10,0.9380708472670808,37,97,4,19230,0.9024390243902439,0.9949811145030268,0.9487100694466354,0.27611940298507465,0.4228571428571429,0.0069412778031109085,0.9828913676936221,0.5221833171872547,0.6820081094689976,471.390243902439,108.8,0.43608353919224896,False
ls0.1,5,0,val-cost,20,0.9380708472670808,37,97,4,19230,0.9024390243902439,0.9949811145030268,0.9487100694466354,0.27611940298507465,0.4228571428571429,0.00878542711073609,0.9828913676936221,0.5221833171872547,0.6820081094689976,471.390243902439,108.8,0.43608353919224896,False
ls0.1,5,0,val-cost,50,0.9380708472670808,37,97,4,19230,0.9024390243902439,0.9949811145030268,0.9487100694466354,0.27611940298507465,0.4228571428571429,0.013893436871403845,0.9828913676936221,0.5221833171872547,0.6820081094689976,471.390243902439,108.8,0.43608353919224896,False
ls0.1,5,0,val-cost,100,0.9380708472670808,37,97,4,19230,0.9024390243902439,0.9949811145030268,0.9487100694466354,0.27611940298507465,0.4228571428571429,0.02121483758056943,0.9828913676936221,0.5221833171872547,0.6820081094689976,471.390243902439,108.8,0.43608353919224896,False
ls0.1,5,0,val-cost,200,0.9380708472670808,37,97,4,19230,0.9024390243902439,0.9949811145030268,0.9487100694466354,0.27611940298507465,0.4228571428571429,0.032586188106222984,0.9828913676936221,0.5221833171872547,0.6820081094689976,471.390243902439,108.8,0.43608353919224896,False
ls0.1,5,0,oracle,1,0.9868045151233673,18,12,23,19315,0.43902439024390244,0.999379106948828,0.7192017485963652,0.6,0.5070422535211268,0.0018071045022717885,0.9828913676936221,0.5221833171872547,0.6820081094689976,471.390243902439,108.8,0.43608353919224896,False
ls0.1,5,0,oracle,2,0.978948175907135,26,21,15,19306,0.6341463414634146,0.9989134371604491,0.8165298893119319,0.5531914893617021,0.5909090909090909,0.002627646967901489,0.9828913676936221,0.5221833171872547,0.6820081094689976,471.390243902439,108.8,0.43608353919224896,False
ls0.1,5,0,oracle,5,0.9567557573318481,36,56,5,19271,0.8780487804878049,0.997102499094531,0.9375756397911679,0.391304347826087,0.5413533834586466,0.00414704075363506,0.9828913676936221,0.5221833171872547,0.6820081094689976,471.390243902439,108.8,0.43608353919224896,False
ls0.1,5,0,oracle,10,0.9567557573318481,36,56,5,19271,0.8780487804878049,0.997102499094531,0.9375756397911679,0.391304347826087,0.5413533834586466,0.005370623701677053,0.9828913676936221,0.5221833171872547,0.6820081094689976,471.390243902439,108.8,0.43608353919224896,False
ls0.1,5,0,oracle,20,0.9290108978748322,40,136,1,19191,0.975609756097561,0.9929632120867181,0.9842864840921395,0.22727272727272727,0.3686635944700461,0.00774308830098774,0.9828913676936221,0.5221833171872547,0.6820081094689976,471.390243902439,108.8,0.43608353919224896,False
ls0.1,5,0,oracle,50,0.9290108978748322,40,136,1,19191,0.975609756097561,0.9929632120867181,0.9842864840921395,0.22727272727272727,0.3686635944700461,0.008700940262899378,0.9828913676936221,0.5221833171872547,0.6820081094689976,471.390243902439,108.8,0.43608353919224896,False
ls0.1,5,0,oracle,100,0.9290108978748322,40,136,1,19191,0.975609756097561,0.9929632120867181,0.9842864840921395,0.22727272727272727,0.3686635944700461,0.010073846416527938,0.9828913676936221,0.5221833171872547,0.6820081094689976,471.390243902439,108.8,0.43608353919224896,False
ls0.1,5,0,oracle,200,0.9290108978748322,40,136,1,19191,0.975609756097561,0.9929632120867181,0.9842864840921395,0.22727272727272727,0.3686635944700461,0.012206197551494895,0.9828913676936221,0.5221833171872547,0.6820081094689976,471.390243902439,108.8,0.43608353919224896,False
ls0.1,5,1,0.5,1,0.5,41,19327,0,0,1.0,0.0,0.5,0.002116893845518381,0.004224844144469061,0.9978831061544816,0.9892176621357459,0.5935922348912391,0.8093719515350066,471.390243902439,108.8,0.3714593012950661,False
ls0.1,5,1,0.5,2,0.5,41,19327,0,0,1.0,0.0,0.5,0.002116893845518381,0.004224844144469061,0.9957751558555309,0.9892176621357459,0.5935922348912391,0.8093719515350066,471.390243902439,108.8,0.3714593012950661,False
ls0.1,5,1,0.5,5,0.5,41,19327,0,0,1.0,0.0,0.5,0.002116893845518381,0.004224844144469061,0.9895044030309236,0.9892176621357459,0.5935922348912391,0.8093719515350066,471.390243902439,108.8,0.3714593012950661,False
ls0.1,5,1,0.5,10,0.5,41,19327,0,0,1.0,0.0,0.5,0.002116893845518381,0.004224844144469061,0.9792268328520038,0.9892176621357459,0.5935922348912391,0.8093719515350066,471.390243902439,108.8,0.3714593012950661,False
ls0.1,5,1,0.5,20,0.5,41,19327,0,0,1.0,0.0,0.5,0.002116893845518381,0.004224844144469061,0.9592991512383978,0.9892176621357459,0.5935922348912391,0.8093719515350066,471.390243902439,108.8,0.3714593012950661,False
ls0.1,5,1,0.5,50,0.5,41,19327,0,0,1.0,0.0,0.5,0.002116893845518381,0.004224844144469061,0.9041025401132058,0.9892176621357459,0.5935922348912391,0.8093719515350066,471.390243902439,108.8,0.3714593012950661,False
ls0.1,5,1,0.5,100,0.5,41,19327,0,0,1.0,0.0,0.5,0.002116893845518381,0.004224844144469061,0.8249882614077774,0.9892176621357459,0.5935922348912391,0.8093719515350066,471.390243902439,108.8,0.3714593012950661,False
ls0.1,5,1,0.5,200,0.5,41,19327,0,0,1.0,0.0,0.5,0.002116893845518381,0.004224844144469061,0.7021106549932793,0.9892176621357459,0.5935922348912391,0.8093719515350066,471.390243902439,108.8,0.3714593012950661,False
ls0.1,5,1,val-Youden,1,0.9670087817853709,38,124,3,19203,0.926829268292683,0.99358410513789,0.9602066867152865,0.2345679012345679,0.37438423645320196,0.006557207765386204,0.9892176621357459,0.5935922348912391,0.8093719515350066,471.390243902439,108.8,0.3714593012950661,False
ls0.1,5,1,val-Youden,2,0.9670087817853709,38,124,3,19203,0.926829268292683,0.99358410513789,0.9602066867152865,0.2345679012345679,0.37438423645320196,0.006697923643670462,0.9892176621357459,0.5935922348912391,0.8093719515350066,471.390243902439,108.8,0.3714593012950661,False
ls0.1,5,1,val-Youden,5,0.9670087817853709,38,124,3,19203,0.926829268292683,0.99358410513789,0.9602066867152865,0.2345679012345679,0.37438423645320196,0.007116526725373746,0.9892176621357459,0.5935922348912391,0.8093719515350066,471.390243902439,108.8,0.3714593012950661,False
ls0.1,5,1,val-Youden,10,0.9670087817853709,38,124,3,19203,0.926829268292683,0.99358410513789,0.9602066867152865,0.2345679012345679,0.37438423645320196,0.0078026042458327,0.9892176621357459,0.5935922348912391,0.8093719515350066,471.390243902439,108.8,0.3714593012950661,False
ls0.1,5,1,val-Youden,20,0.9670087817853709,38,124,3,19203,0.926829268292683,0.99358410513789,0.9602066867152865,0.2345679012345679,0.37438423645320196,0.009132873380652206,0.9892176621357459,0.5935922348912391,0.8093719515350066,471.390243902439,108.8,0.3714593012950661,False
ls0.1,5,1,val-Youden,50,0.9670087817853709,38,124,3,19203,0.926829268292683,0.99358410513789,0.9602066867152865,0.2345679012345679,0.37438423645320196,0.01281751415072274,0.9892176621357459,0.5935922348912391,0.8093719515350066,471.390243902439,108.8,0.3714593012950661,False
ls0.1,5,1,val-Youden,100,0.9670087817853709,38,124,3,19203,0.926829268292683,0.99358410513789,0.9602066867152865,0.2345679012345679,0.37438423645320196,0.018098774917829855,0.9892176621357459,0.5935922348912391,0.8093719515350066,471.390243902439,108.8,0.3714593012950661,False
ls0.1,5,1,val-Youden,200,0.9670087817853709,38,124,3,19203,0.926829268292683,0.99358410513789,0.9602066867152865,0.2345679012345679,0.37438423645320196,0.02630144948595924,0.9892176621357459,0.5935922348912391,0.8093719515350066,471.390243902439,108.8,0.3714593012950661,False
ls0.1,5,1,elkan-raw,1,0.5,41,19327,0,0,1.0,0.0,0.5,0.002116893845518381,0.004224844144469061,0.9978831061544816,0.9892176621357459,0.5935922348912391,0.8093719515350066,471.390243902439,108.8,0.3714593012950661,False
ls0.1,5,1,elkan-raw,2,0.3333333333333333,41,19327,0,0,1.0,0.0,0.5,0.002116893845518381,0.004224844144469061,0.9957751558555309,0.9892176621357459,0.5935922348912391,0.8093719515350066,471.390243902439,108.8,0.3714593012950661,False
ls0.1,5,1,elkan-raw,5,0.16666666666666666,41,19327,0,0,1.0,0.0,0.5,0.002116893845518381,0.004224844144469061,0.9895044030309236,0.9892176621357459,0.5935922348912391,0.8093719515350066,471.390243902439,108.8,0.3714593012950661,False
ls0.1,5,1,elkan-raw,10,0.09090909090909091,41,19327,0,0,1.0,0.0,0.5,0.002116893845518381,0.004224844144469061,0.9792268328520038,0.9892176621357459,0.5935922348912391,0.8093719515350066,471.390243902439,108.8,0.3714593012950661,False
ls0.1,5,1,elkan-raw,20,0.047619047619047616,41,19327,0,0,1.0,0.0,0.5,0.002116893845518381,0.004224844144469061,0.9592991512383978,0.9892176621357459,0.5935922348912391,0.8093719515350066,471.390243902439,108.8,0.3714593012950661,False
ls0.1,5,1,elkan-raw,50,0.0196078431372549,41,19327,0,0,1.0,0.0,0.5,0.002116893845518381,0.004224844144469061,0.9041025401132058,0.9892176621357459,0.5935922348912391,0.8093719515350066,471.390243902439,108.8,0.3714593012950661,False
ls0.1,5,1,elkan-raw,100,0.009900990099009901,41,19327,0,0,1.0,0.0,0.5,0.002116893845518381,0.004224844144469061,0.8249882614077774,0.9892176621357459,0.5935922348912391,0.8093719515350066,471.390243902439,108.8,0.3714593012950661,False
ls0.1,5,1,elkan-raw,200,0.004975124378109453,41,19327,0,0,1.0,0.0,0.5,0.002116893845518381,0.004224844144469061,0.7021106549932793,0.9892176621357459,0.5935922348912391,0.8093719515350066,471.390243902439,108.8,0.3714593012950661,False
ls0.1,5,1,elkan-cal,1,0.5,34,59,7,19268,0.8292682926829268,0.996947275831738,0.9131077842573324,0.3655913978494624,0.5074626865671642,0.0034076827757125155,0.9892176621357459,0.5935922348912391,0.8093719515350066,471.390243902439,108.8,0.3714593012950661,False
ls0.1,5,1,elkan-cal,2,0.3333333333333333,35,65,6,19262,0.8536585365853658,0.996636829306152,0.925147682945759,0.35,0.49645390070921985,0.003967231696635582,0.9892176621357459,0.5935922348912391,0.8093719515350066,471.390243902439,108.8,0.3714593012950661,False
ls0.1,5,1,elkan-cal,5,0.16666666666666666,36,81,5,19246,0.8780487804878049,0.9958089719045894,0.9369288761961971,0.3076923076923077,0.45569620253164556,0.005426991603522425,0.9892176621357459,0.5935922348912391,0.8093719515350066,471.390243902439,108.8,0.3714593012950661,False
ls0.1,5,1,elkan-cal,10,0.09090909090909091,37,94,4,19233,0.9024390243902439,0.9951363377658199,0.9487876810780319,0.2824427480916031,0.43023255813953487,0.00678927901910118,0.9892176621357459,0.5935922348912391,0.8093719515350066,471.390243902439,108.8,0.3714593012950661,False
ls0.1,5,1,elkan-cal,20,0.047619047619047616,37,111,4,19216,0.9024390243902439,0.9942567392766596,0.9483478818334518,0.25,0.3915343915343915,0.009480319650568322,0.9892176621357459,0.5935922348912391,0.8093719515350066,471.390243902439,108.8,0.3714593012950661,False
ls0.1,5,1,elkan-cal,50,0.0196078431372549,38,135,3,19192,0.926829268292683,0.9930149531743158,0.9599221107334994,0.21965317919075145,0.35514018691588783,0.01333208588670066,0.9892176621357459,0.5935922348912391,0.8093719515350066,471.390243902439,108.8,0.3714593012950661,False
ls0.1,5,1,elkan-cal,100,0.009900990099009901,39,167,2,19160,0.9512195121951219,0.9913592383711906,0.9712893752831562,0.18932038834951456,0.3157894736842105,0.015665684893498955,0.9892176621357459,0.5935922348912391,0.8093719515350066,471.390243902439,108.8,0.3714593012950661,False
ls0.1,5,1,elkan-cal,200,0.004975124378109453,40,227,1,19100,0.975609756097561,0.9882547731153308,0.9819322646064459,0.149812734082397,0.2597402597402597,0.01551204272169143,0.9892176621357459,0.5935922348912391,0.8093719515350066,471.390243902439,108.8,0.3714593012950661,False
ls0.1,5,1,val-cost,1,0.9625420216179446,38,132,3,19195,0.926829268292683,0.9931701764371087,0.9599997223648958,0.2235294117647059,0.36018957345971564,0.006970260223048327,0.9892176621357459,0.5935922348912391,0.8093719515350066,471.390243902439,108.8,0.3714593012950661,False
ls0.1,5,1,val-cost,2,0.9625420216179446,38,132,3,19195,0.926829268292683,0.9931701764371087,0.9599997223648958,0.2235294117647059,0.36018957345971564,0.007110103560204029,0.9892176621357459,0.5935922348912391,0.8093719515350066,471.390243902439,108.8,0.3714593012950661,False
ls0.1,5,1,val-cost,5,0.9625420216179446,38,132,3,19195,0.926829268292683,0.9931701764371087,0.9599997223648958,0.2235294117647059,0.36018957345971564,0.007526110997337702,0.9892176621357459,0.5935922348912391,0.8093719515350066,471.390243902439,108.8,0.3714593012950661,False
ls0.1,5,1,val-cost,10,0.9625420216179446,38,132,3,19195,0.926829268292683,0.9931701764371087,0.9599997223648958,0.2235294117647059,0.36018957345971564,0.008207934336525308,0.9892176621357459,0.5935922348912391,0.8093719515350066,471.390243902439,108.8,0.3714593012950661,False
ls0.1,5,1,val-cost,20,0.9625420216179446,38,132,3,19195,0.926829268292683,0.9931701764371087,0.9599997223648958,0.2235294117647059,0.36018957345971564,0.009529954831984912,0.9892176621357459,0.5935922348912391,0.8093719515350066,471.390243902439,108.8,0.3714593012950661,False
ls0.1,5,1,val-cost,50,0.9625420216179446,38,132,3,19195,0.926829268292683,0.9931701764371087,0.9599997223648958,0.2235294117647059,0.36018957345971564,0.013191748140524864,0.9892176621357459,0.5935922348912391,0.8093719515350066,471.390243902439,108.8,0.3714593012950661,False
ls0.1,5,1,val-cost,100,0.9625420216179446,38,132,3,19195,0.926829268292683,0.9931701764371087,0.9599997223648958,0.2235294117647059,0.36018957345971564,0.01844026123703419,0.9892176621357459,0.5935922348912391,0.8093719515350066,471.390243902439,108.8,0.3714593012950661,False
ls0.1,5,1,val-cost,200,0.9625420216179446,38,132,3,19195,0.926829268292683,0.9931701764371087,0.9599997223648958,0.2235294117647059,0.36018957345971564,0.02659207323718531,0.9892176621357459,0.5935922348912391,0.8093719515350066,471.390243902439,108.8,0.3714593012950661,False
ls0.1,5,1,oracle,1,0.9996269345283508,16,5,25,19322,0.3902439024390244,0.9997412945620117,0.6949925985005181,0.7619047619047619,0.5161290322580645,0.0015489467162329617,0.9892176621357459,0.5935922348912391,0.8093719515350066,471.390243902439,108.8,0.3714593012950661,False
ls0.1,5,1,oracle,2,0.9978963434696198,28,23,13,19304,0.6829268292682927,0.9988099549852538,0.8408683921267732,0.5490196078431373,0.6086956521739131,0.0025246019887680974,0.9892176621357459,0.5935922348912391,0.8093719515350066,471.390243902439,108.8,0.3714593012950661,False
ls0.1,5,1,oracle,5,0.9974660575389862,29,28,12,19299,0.7073170731707317,0.9985512495472655,0.8529341613589986,0.5087719298245614,0.5918367346938775,0.004505426991603522,0.9892176621357459,0.5935922348912391,0.8093719515350066,471.390243902439,108.8,0.3714593012950661,False
ls0.1,5,1,oracle,10,0.9875265061855316,35,65,6,19262,0.8536585365853658,0.996636829306152,0.925147682945759,0.35,0.49645390070921985,0.006333282667071997,0.9892176621357459,0.5935922348912391,0.8093719515350066,471.390243902439,108.8,0.3714593012950661,False
ls0.1,5,1,oracle,20,0.9797507524490356,37,90,4,19237,0.9024390243902439,0.9953433021162105,0.9488911632532272,0.29133858267716534,0.44047619047619047,0.008437980840819974,0.9892176621357459,0.5935922348912391,0.8093719515350066,471.390243902439,108.8,0.3714593012950661,False
ls0.1,5,1,oracle,50,0.9424752593040466,40,191,1,19136,0.975609756097561,0.9901174522688467,0.9828636041832038,0.17316017316017315,0.29411764705882354,0.011273798942788979,0.9892176621357459,0.5935922348912391,0.8093719515350066,471.390243902439,108.8,0.3714593012950661,False
ls0.1,5,1,oracle,100,0.9424752593040466,40,191,1,19136,0.975609756097561,0.9901174522688467,0.9828636041832038,0.17316017316017315,0.29411764705882354,0.012421564861057754,0.9892176621357459,0.5935922348912391,0.8093719515350066,471.390243902439,108.8,0.3714593012950661,False
ls0.1,5,1,oracle,200,0.9424752593040466,40,191,1,19136,0.975609756097561,0.9901174522688467,0.9828636041832038,0.17316017316017315,0.29411764705882354,0.01420423584117412,0.9892176621357459,0.5935922348912391,0.8093719515350066,471.390243902439,108.8,0.3714593012950661,False
ls0.1,5,2,0.5,1,0.5,41,19327,0,0,1.0,0.0,0.5,0.002116893845518381,0.004224844144469061,0.9978831061544816,0.9777021152009004,0.6139575033356874,0.5727208366407667,471.390243902439,108.8,0.010000007804807266,True
ls0.1,5,2,0.5,2,0.5,41,19327,0,0,1.0,0.0,0.5,0.002116893845518381,0.004224844144469061,0.9957751558555309,0.9777021152009004,0.6139575033356874,0.5727208366407667,471.390243902439,108.8,0.010000007804807266,True
ls0.1,5,2,0.5,5,0.5,41,19327,0,0,1.0,0.0,0.5,0.002116893845518381,0.004224844144469061,0.9895044030309236,0.9777021152009004,0.6139575033356874,0.5727208366407667,471.390243902439,108.8,0.010000007804807266,True
ls0.1,5,2,0.5,10,0.5,41,19327,0,0,1.0,0.0,0.5,0.002116893845518381,0.004224844144469061,0.9792268328520038,0.9777021152009004,0.6139575033356874,0.5727208366407667,471.390243902439,108.8,0.010000007804807266,True
ls0.1,5,2,0.5,20,0.5,41,19327,0,0,1.0,0.0,0.5,0.002116893845518381,0.004224844144469061,0.9592991512383978,0.9777021152009004,0.6139575033356874,0.5727208366407667,471.390243902439,108.8,0.010000007804807266,True
ls0.1,5,2,0.5,50,0.5,41,19327,0,0,1.0,0.0,0.5,0.002116893845518381,0.004224844144469061,0.9041025401132058,0.9777021152009004,0.6139575033356874,0.5727208366407667,471.390243902439,108.8,0.010000007804807266,True
ls0.1,5,2,0.5,100,0.5,41,19327,0,0,1.0,0.0,0.5,0.002116893845518381,0.004224844144469061,0.8249882614077774,0.9777021152009004,0.6139575033356874,0.5727208366407667,471.390243902439,108.8,0.010000007804807266,True
ls0.1,5,2,0.5,200,0.5,41,19327,0,0,1.0,0.0,0.5,0.002116893845518381,0.004224844144469061,0.7021106549932793,0.9777021152009004,0.6139575033356874,0.5727208366407667,471.390243902439,108.8,0.010000007804807266,True
ls0.1,5,2,val-Youden,1,0.9705687013730155,40,98,1,19229,0.975609756097561,0.9949293734154292,0.9852695647564951,0.2898550724637681,0.44692737430167595,0.005111524163568773,0.9777021152009004,0.6139575033356874,0.5727208366407667,471.390243902439,108.8,0.010000007804807266,True
ls0.1,5,2,val-Youden,2,0.9705687013730155,40,98,1,19229,0.975609756097561,0.9949293734154292,0.9852695647564951,0.2898550724637681,0.44692737430167595,0.005152248956669586,0.9777021152009004,0.6139575033356874,0.5727208366407667,471.390243902439,108.8,0.010000007804807266,True
ls0.1,5,2,val-Youden,5,0.9705687013730155,40,98,1,19229,0.975609756097561,0.9949293734154292,0.9852695647564951,0.2898550724637681,0.44692737430167595,0.005273397501535941,0.9777021152009004,0.6139575033356874,0.5727208366407667,471.390243902439,108.8,0.010000007804807266,True
ls0.1,5,2,val-Youden,10,0.9705687013730155,40,98,1,19229,0.975609756097561,0.9949293734154292,0.9852695647564951,0.2898550724637681,0.44692737430167595,0.005471956224350205,0.9777021152009004,0.6139575033356874,0.5727208366407667,471.390243902439,108.8,0.010000007804807266,True
ls0.1,5,2,val-Youden,20,0.9705687013730155,40,98,1,19229,0.975609756097561,0.9949293734154292,0.9852695647564951,0.2898550724637681,0.44692737430167595,0.005856951407157393,0.9777021152009004,0.6139575033356874,0.5727208366407667,471.390243902439,108.8,0.010000007804807266,True
ls0.1,5,2,val-Youden,50,0.9705687013730155,40,98,1,19229,0.975609756097561,0.9949293734154292,0.9852695647564951,0.2898550724637681,0.44692737430167595,0.00692332881133929,0.9777021152009004,0.6139575033356874,0.5727208366407667,471.390243902439,108.8,0.010000007804807266,True
ls0.1,5,2,val-Youden,100,0.9705687013730155,40,98,1,19229,0.975609756097561,0.9949293734154292,0.9852695647564951,0.2898550724637681,0.44692737430167595,0.008451786400307337,0.9777021152009004,0.6139575033356874,0.5727208366407667,471.390243902439,108.8,0.010000007804807266,True
ls0.1,5,2,val-Youden,200,0.9705687013730155,40,98,1,19229,0.975609756097561,0.9949293734154292,0.9852695647564951,0.2898550724637681,0.44692737430167595,0.010825734733171069,0.9777021152009004,0.6139575033356874,0.5727208366407667,471.390243902439,108.8,0.010000007804807266,True
ls0.1,5,2,elkan-raw,1,0.5,41,19327,0,0,1.0,0.0,0.5,0.002116893845518381,0.004224844144469061,0.9978831061544816,0.9777021152009004,0.6139575033356874,0.5727208366407667,471.390243902439,108.8,0.010000007804807266,True
ls0.1,5,2,elkan-raw,2,0.3333333333333333,41,19327,0,0,1.0,0.0,0.5,0.002116893845518381,0.004224844144469061,0.9957751558555309,0.9777021152009004,0.6139575033356874,0.5727208366407667,471.390243902439,108.8,0.010000007804807266,True
ls0.1,5,2,elkan-raw,5,0.16666666666666666,41,19327,0,0,1.0,0.0,0.5,0.002116893845518381,0.004224844144469061,0.9895044030309236,0.9777021152009004,0.6139575033356874,0.5727208366407667,471.390243902439,108.8,0.010000007804807266,True
ls0.1,5,2,elkan-raw,10,0.09090909090909091,41,19327,0,0,1.0,0.0,0.5,0.002116893845518381,0.004224844144469061,0.9792268328520038,0.9777021152009004,0.6139575033356874,0.5727208366407667,471.390243902439,108.8,0.010000007804807266,True
ls0.1,5,2,elkan-raw,20,0.047619047619047616,41,19327,0,0,1.0,0.0,0.5,0.002116893845518381,0.004224844144469061,0.9592991512383978,0.9777021152009004,0.6139575033356874,0.5727208366407667,471.390243902439,108.8,0.010000007804807266,True
ls0.1,5,2,elkan-raw,50,0.0196078431372549,41,19327,0,0,1.0,0.0,0.5,0.002116893845518381,0.004224844144469061,0.9041025401132058,0.9777021152009004,0.6139575033356874,0.5727208366407667,471.390243902439,108.8,0.010000007804807266,True
ls0.1,5,2,elkan-raw,100,0.009900990099009901,41,19327,0,0,1.0,0.0,0.5,0.002116893845518381,0.004224844144469061,0.8249882614077774,0.9777021152009004,0.6139575033356874,0.5727208366407667,471.390243902439,108.8,0.010000007804807266,True
ls0.1,5,2,elkan-raw,200,0.004975124378109453,41,19327,0,0,1.0,0.0,0.5,0.002116893845518381,0.004224844144469061,0.7021106549932793,0.9777021152009004,0.6139575033356874,0.5727208366407667,471.390243902439,108.8,0.010000007804807266,True
ls0.1,5,2,elkan-cal,1,0.5,33,41,8,19286,0.8048780487804879,0.9978786154084959,0.9013783320944919,0.44594594594594594,0.5739130434782609,0.002529946303180504,0.9777021152009004,0.6139575033356874,0.5727208366407667,471.390243902439,108.8,0.010000007804807266,True
ls0.1,5,2,elkan-cal,2,0.3333333333333333,33,41,8,19286,0.8048780487804879,0.9978786154084959,0.9013783320944919,0.44594594594594594,0.5739130434782609,0.002936781905301664,0.9777021152009004,0.6139575033356874,0.5727208366407667,471.390243902439,108.8,0.010000007804807266,True
ls0.1,5,2,elkan-cal,5,0.16666666666666666,33,41,8,19286,0.8048780487804879,0.9978786154084959,0.9013783320944919,0.44594594594594594,0.5739130434782609,0.00414704075363506,0.9777021152009004,0.6139575033356874,0.5727208366407667,471.390243902439,108.8,0.010000007804807266,True
ls0.1,5,2,elkan-cal,10,0.09090909090909091,33,43,8,19284,0.8048780487804879,0.9977751332333006,0.9013265910068942,0.4342105263157895,0.5641025641025641,0.006231950144398844,0.9777021152009004,0.6139575033356874,0.5727208366407667,471.390243902439,108.8,0.010000007804807266,True
ls0.1,5,2,elkan-cal,20,0.047619047619047616,33,44,8,19283,0.8048780487804879,0.9977233921457029,0.9013007204630954,0.42857142857142855,0.559322033898305,0.010125577008983968,0.9777021152009004,0.6139575033356874,0.5727208366407667,471.390243902439,108.8,0.010000007804807266,True
ls0.1,5,2,elkan-cal,50,0.0196078431372549,33,46,8,19281,0.8048780487804879,0.9976199099705075,0.9012489793754976,0.4177215189873418,0.55,0.0208635449314684,0.9777021152009004,0.6139575033356874,0.5727208366407667,471.390243902439,108.8,0.010000007804807266,True
ls0.1,5,2,elkan-cal,100,0.009900990099009901,33,46,8,19281,0.8048780487804879,0.9976199099705075,0.9012489793754976,0.4177215189873418,0.55,0.03611217825585863,0.9777021152009004,0.6139575033356874,0.5727208366407667,471.390243902439,108.8,0.010000007804807266,True
ls0.1,5,2,elkan-cal,200,0.004975124378109453,34,46,7,19281,0.8292682926829268,0.9976199099705075,0.9134441013267172,0.425,0.5619834710743802,0.05253024303411196,0.9777021152009004,0.6139575033356874,0.5727208366407667,471.390243902439,108.8,0.010000007804807266,True
ls0.1,5,2,val-cost,1,0.9371208042275987,40,174,1,19153,0.975609756097561,0.9909970507580069,0.9833034034277839,0.18691588785046728,0.3137254901960784,0.009035522511358942,0.9777021152009004,0.6139575033356874,0.5727208366407667,471.390243902439,108.8,0.010000007804807266,True
ls0.1,5,2,val-cost,2,0.9371208042275987,40,174,1,19153,0.975609756097561,0.9909970507580069,0.9833034034277839,0.18691588785046728,0.3137254901960784,0.009067958163738472,0.9777021152009004,0.6139575033356874,0.5727208366407667,471.390243902439,108.8,0.010000007804807266,True
ls0.1,5,2,val-cost,5,0.9371208042275987,40,174,1,19153,0.975609756097561,0.9909970507580069,0.9833034034277839,0.18691588785046728,0.3137254901960784,0.009164448085193528,0.9777021152009004,0.6139575033356874,0.5727208366407667,471.390243902439,108.8,0.010000007804807266,True
ls0.1,5,2,val-cost,10,0.9371208042275987,40,174,1,19153,0.975609756097561,0.9909970507580069,0.9833034034277839,0.18691588785046728,0.3137254901960784,0.00932259208592998,0.9777021152009004,0.6139575033356874,0.5727208366407667,471.390243902439,108.8,0.010000007804807266,True
ls0.1,5,2,val-cost,20,0.9371208042275987,40,174,1,19153,0.975609756097561,0.9909970507580069,0.9833034034277839,0.18691588785046728,0.3137254901960784,0.009629225194818087,0.9777021152009004,0.6139575033356874,0.5727208366407667,471.390243902439,108.8,0.010000007804807266,True
ls0.1,5,2,val-cost,50,0.9371208042275987,40,174,1,19153,0.975609756097561,0.9909970507580069,0.9833034034277839,0.18691588785046728,0.3137254901960784,0.010478551714459466,0.9777021152009004,0.6139575033356874,0.5727208366407667,471.390243902439,108.8,0.010000007804807266,True
ls0.1,5,2,val-cost,100,0.9371208042275987,40,174,1,19153,0.975609756097561,0.9909970507580069,0.9833034034277839,0.18691588785046728,0.3137254901960784,0.011695906432748537,0.9777021152009004,0.6139575033356874,0.5727208366407667,471.390243902439,108.8,0.010000007804807266,True
ls0.1,5,2,val-cost,200,0.9371208042275987,40,174,1,19153,0.975609756097561,0.9909970507580069,0.9833034034277839,0.18691588785046728,0.3137254901960784,0.013586660369818723,0.9777021152009004,0.6139575033356874,0.5727208366407667,471.390243902439,108.8,0.010000007804807266,True
ls0.1,5,2,oracle,1,0.9995039105415344,16,4,25,19323,0.3902439024390244,0.9997930356496093,0.6950184690443169,0.8,0.5245901639344263,0.0014973151590251962,0.9777021152009004,0.6139575033356874,0.5727208366407667,471.390243902439,108.8,0.010000007804807266,True
ls0.1,5,2,oracle,2,0.9961329996585846,30,23,11,19304,0.7317073170731707,0.9988099549852538,0.8652586360292123,0.5660377358490566,0.6382978723404256,0.0023185120305013137,0.9777021152009004,0.6139575033356874,0.5727208366407667,471.390243902439,108.8,0.010000007804807266,True
ls0.1,5,2,oracle,5,0.9918900728225708,33,36,8,19291,0.8048780487804879,0.9981373208464842,0.901507684813486,0.4782608695652174,0.6,0.0038910505836575876,0.9777021152009004,0.6139575033356874,0.5727208366407667,471.390243902439,108.8,0.010000007804807266,True
ls0.1,5,2,oracle,10,0.9790178835391998,38,66,3,19261,0.926829268292683,0.9965850882185544,0.9617071782556187,0.36538461538461536,0.5241379310344828,0.004863961088311293,0.9777021152009004,0.6139575033356874,0.5727208366407667,471.390243902439,108.8,0.010000007804807266,True
ls0.1,5,2,oracle,20,0.9710292220115662,40,95,1,19232,0.975609756097561,0.9950845966782221,0.9853471763878916,0.2962962962962963,0.45454545454545453,0.005708045862907629,0.9777021152009004,0.6139575033356874,0.5727208366407667,471.390243902439,108.8,0.010000007804807266,True
ls0.1,5,2,oracle,50,0.9710292220115662,40,95,1,19232,0.975609756097561,0.9950845966782221,0.9853471763878916,0.2962962962962963,0.45454545454545453,0.006782991065163494,0.9777021152009004,0.6139575033356874,0.5727208366407667,471.390243902439,108.8,0.010000007804807266,True
ls0.1,5,2,oracle,100,0.9710292220115662,40,95,1,19232,0.975609756097561,0.9950845966782221,0.9853471763878916,0.2962962962962963,0.45454545454545453,0.008323729030605711,0.9777021152009004,0.6139575033356874,0.5727208366407667,471.390243902439,108.8,0.010000007804807266,True
ls0.1,5,2,oracle,200,0.9710292220115662,40,95,1,19232,0.975609756097561,0.9950845966782221,0.9853471763878916,0.2962962962962963,0.45454545454545453,0.010716750826461292,0.9777021152009004,0.6139575033356874,0.5727208366407667,471.390243902439,108.8,0.010000007804807266,True
ls0.1,5,3,0.5,1,0.5,41,19327,0,0,1.0,0.0,0.5,0.002116893845518381,0.004224844144469061,0.9978831061544816,0.9890662248061918,0.5899739945570791,0.8042432739741067,471.390243902439,108.8,0.35597620350260056,False
ls0.1,5,3,0.5,2,0.5,41,19327,0,0,1.0,0.0,0.5,0.002116893845518381,0.004224844144469061,0.9957751558555309,0.9890662248061918,0.5899739945570791,0.8042432739741067,471.390243902439,108.8,0.35597620350260056,False
ls0.1,5,3,0.5,5,0.5,41,19327,0,0,1.0,0.0,0.5,0.002116893845518381,0.004224844144469061,0.9895044030309236,0.9890662248061918,0.5899739945570791,0.8042432739741067,471.390243902439,108.8,0.35597620350260056,False
ls0.1,5,3,0.5,10,0.5,41,19327,0,0,1.0,0.0,0.5,0.002116893845518381,0.004224844144469061,0.9792268328520038,0.9890662248061918,0.5899739945570791,0.8042432739741067,471.390243902439,108.8,0.35597620350260056,False
ls0.1,5,3,0.5,20,0.5,41,19327,0,0,1.0,0.0,0.5,0.002116893845518381,0.004224844144469061,0.9592991512383978,0.9890662248061918,0.5899739945570791,0.8042432739741067,471.390243902439,108.8,0.35597620350260056,False
ls0.1,5,3,0.5,50,0.5,41,19327,0,0,1.0,0.0,0.5,0.002116893845518381,0.004224844144469061,0.9041025401132058,0.9890662248061918,0.5899739945570791,0.8042432739741067,471.390243902439,108.8,0.35597620350260056,False
ls0.1,5,3,0.5,100,0.5,41,19327,0,0,1.0,0.0,0.5,0.002116893845518381,0.004224844144469061,0.8249882614077774,0.9890662248061918,0.5899739945570791,0.8042432739741067,471.390243902439,108.8,0.35597620350260056,False
ls0.1,5,3,0.5,200,0.5,41,19327,0,0,1.0,0.0,0.5,0.002116893845518381,0.004224844144469061,0.7021106549932793,0.9890662248061918,0.5899739945570791,0.8042432739741067,471.390243902439,108.8,0.35597620350260056,False
ls0.1,5,3,val-Youden,1,0.9626230777793452,40,126,1,19201,0.975609756097561,0.9934806229626947,0.9845451895301278,0.24096385542168675,0.3864734299516908,0.006557207765386204,0.9890662248061918,0.5899739945570791,0.8042432739741067,471.390243902439,108.8,0.35597620350260056,False
ls0.1,5,3,val-Youden,2,0.9626230777793452,40,126,1,19201,0.975609756097561,0.9934806229626947,0.9845451895301278,0.24096385542168675,0.3864734299516908,0.0065948786645370705,0.9890662248061918,0.5899739945570791,0.8042432739741067,471.390243902439,108.8,0.35597620350260056,False
ls0.1,5,3,val-Youden,5,0.9626230777793452,40,126,1,19201,0.975609756097561,0.9934806229626947,0.9845451895301278,0.24096385542168675,0.3864734299516908,0.006706942453409789,0.9890662248061918,0.5899739945570791,0.8042432739741067,471.390243902439,108.8,0.35597620350260056,False
ls0.1,5,3,val-Youden,10,0.9626230777793452,40,126,1,19201,0.975609756097561,0.9934806229626947,0.9845451895301278,0.24096385542168675,0.3864734299516908,0.0068906115417743325,0.9890662248061918,0.5899739945570791,0.8042432739741067,471.390243902439,108.8,0.35597620350260056,False
ls0.1,5,3,val-Youden,20,0.9626230777793452,40,126,1,19201,0.975609756097561,0.9934806229626947,0.9845451895301278,0.24096385542168675,0.3864734299516908,0.007246736486821859,0.9890662248061918,0.5899739945570791,0.8042432739741067,471.390243902439,108.8,0.35597620350260056,False
ls0.1,5,3,val-Youden,50,0.9626230777793452,40,126,1,19201,0.975609756097561,0.9934806229626947,0.9845451895301278,0.24096385542168675,0.3864734299516908,0.008233147775646724,0.9890662248061918,0.5899739945570791,0.8042432739741067,471.390243902439,108.8,0.35597620350260056,False
ls0.1,5,3,val-Youden,100,0.9626230777793452,40,126,1,19201,0.975609756097561,0.9934806229626947,0.9845451895301278,0.24096385542168675,0.3864734299516908,0.009646988517522517,0.9890662248061918,0.5899739945570791,0.8042432739741067,471.390243902439,108.8,0.35597620350260056,False
ls0.1,5,3,val-Youden,200,0.9626230777793452,40,126,1,19201,0.975609756097561,0.9934806229626947,0.9845451895301278,0.24096385542168675,0.3864734299516908,0.01184291786246231,0.9890662248061918,0.5899739945570791,0.8042432739741067,471.390243902439,108.8,0.35597620350260056,False
ls0.1,5,3,elkan-raw,1,0.5,41,19327,0,0,1.0,0.0,0.5,0.002116893845518381,0.004224844144469061,0.9978831061544816,0.9890662248061918,0.5899739945570791,0.8042432739741067,471.390243902439,108.8,0.35597620350260056,False
ls0.1,5,3,elkan-raw,2,0.3333333333333333,41,19327,0,0,1.0,0.0,0.5,0.002116893845518381,0.004224844144469061,0.9957751558555309,0.9890662248061918,0.5899739945570791,0.8042432739741067,471.390243902439,108.8,0.35597620350260056,False
ls0.1,5,3,elkan-raw,5,0.16666666666666666,41,19327,0,0,1.0,0.0,0.5,0.002116893845518381,0.004224844144469061,0.9895044030309236,0.9890662248061918,0.5899739945570791,0.8042432739741067,471.390243902439,108.8,0.35597620350260056,False
ls0.1,5,3,elkan-raw,10,0.09090909090909091,41,19327,0,0,1.0,0.0,0.5,0.002116893845518381,0.004224844144469061,0.9792268328520038,0.9890662248061918,0.5899739945570791,0.8042432739741067,471.390243902439,108.8,0.35597620350260056,False
ls0.1,5,3,elkan-raw,20,0.047619047619047616,41,19327,0,0,1.0,0.0,0.5,0.002116893845518381,0.004224844144469061,0.9592991512383978,0.9890662248061918,0.5899739945570791,0.8042432739741067,471.390243902439,108.8,0.35597620350260056,False
ls0.1,5,3,elkan-raw,50,0.0196078431372549,41,19327,0,0,1.0,0.0,0.5,0.002116893845518381,0.004224844144469061,0.9041025401132058,0.9890662248061918,0.5899739945570791,0.8042432739741067,471.390243902439,108.8,0.35597620350260056,False
ls0.1,5,3,elkan-raw,100,0.009900990099009901,41,19327,0,0,1.0,0.0,0.5,0.002116893845518381,0.004224844144469061,0.8249882614077774,0.9890662248061918,0.5899739945570791,0.8042432739741067,471.390243902439,108.8,0.35597620350260056,False
ls0.1,5,3,elkan-raw,200,0.004975124378109453,41,19327,0,0,1.0,0.0,0.5,0.002116893845518381,0.004224844144469061,0.7021106549932793,0.9890662248061918,0.5899739945570791,0.8042432739741067,471.390243902439,108.8,0.35597620350260056,False
ls0.1,5,3,elkan-cal,1,0.5,32,51,9,19276,0.7804878048780488,0.9973612045325193,0.8889245047052841,0.3855421686746988,0.5161290322580645,0.0030978934324659233,0.9890662248061918,0.5899739945570791,0.8042432739741067,471.390243902439,108.8,0.35597620350260056,False
ls0.1,5,3,elkan-cal,2,0.3333333333333333,34,57,7,19270,0.8292682926829268,0.9970507580069333,0.9131595253449301,0.37362637362637363,0.5151515151515151,0.0036580967592354063,0.9890662248061918,0.5899739945570791,0.8042432739741067,471.390243902439,108.8,0.35597620350260056,False
ls0.1,5,3,elkan-cal,5,0.16666666666666666,36,73,5,19254,0.8780487804878049,0.9962229006053708,0.9371358405465878,0.3302752293577982,0.48,0.005017407331558468,0.9890662248061918,0.5899739945570791,0.8042432739741067,471.390243902439,108.8,0.35597620350260056,False
ls0.1,5,3,elkan-cal,10,0.09090909090909091,36,82,5,19245,0.8780487804878049,0.9957572308169917,0.9369030056523984,0.3050847457627119,0.4528301886792453,0.006687946496428028,0.9890662248061918,0.5899739945570791,0.8042432739741067,471.390243902439,108.8,0.35597620350260056,False
ls0.1,5,3,elkan-cal,20,0.047619047619047616,37,94,4,19233,0.9024390243902439,0.9951363377658199,0.9487876810780319,0.2824427480916031,0.43023255813953487,0.008636521566486326,0.9890662248061918,0.5899739945570791,0.8042432739741067,471.390243902439,108.8,0.35597620350260056,False
ls0.1,5,3,elkan-cal,50,0.0196078431372549,40,127,1,19200,0.975609756097561,0.993428881875097,0.984519318986329,0.23952095808383234,0.38461538461538464,0.008279927024371988,0.9890662248061918,0.5899739945570791,0.8042432739741067,471.390243902439,108.8,0.35597620350260056,False
ls0.1,5,3,elkan-cal,100,0.009900990099009901,40,153,1,19174,0.975609756097561,0.9920836135975578,0.9838466848475593,0.20725388601036268,0.3418803418803419,0.010799504844837153,0.9890662248061918,0.5899739945570791,0.8042432739741067,471.390243902439,108.8,0.35597620350260056,False
ls0.1,5,3,elkan-cal,200,0.004975124378109453,40,190,1,19137,0.975609756097561,0.9901691933564444,0.9828894747270027,0.17391304347826086,0.2952029520295203,0.014167907872270862,0.9890662248061918,0.5899739945570791,0.8042432739741067,471.390243902439,108.8,0.35597620350260056,False
ls0.1,5,3,val-cost,1,0.9547623853631027,40,147,1,19180,0.975609756097561,0.9923940601231438,0.9840019081103524,0.21390374331550802,0.3508771929824561,0.007641470466749277,0.9890662248061918,0.5899739945570791,0.8042432739741067,471.390243902439,108.8,0.35597620350260056,False
ls0.1,5,3,val-cost,2,0.9547623853631027,40,147,1,19180,0.975609756097561,0.9923940601231438,0.9840019081103524,0.21390374331550802,0.3508771929824561,0.007676850945437684,0.9890662248061918,0.5899739945570791,0.8042432739741067,471.390243902439,108.8,0.35597620350260056,False
ls0.1,5,3,val-cost,5,0.9547623853631027,40,147,1,19180,0.975609756097561,0.9923940601231438,0.9840019081103524,0.21390374331550802,0.3508771929824561,0.007782101167315175,0.9890662248061918,0.5899739945570791,0.8042432739741067,471.390243902439,108.8,0.35597620350260056,False
ls0.1,5,3,val-cost,10,0.9547623853631027,40,147,1,19180,0.975609756097561,0.9923940601231438,0.9840019081103524,0.21390374331550802,0.3508771929824561,0.007954603029842428,0.9890662248061918,0.5899739945570791,0.8042432739741067,471.390243902439,108.8,0.35597620350260056,False
ls0.1,5,3,val-cost,20,0.9547623853631027,40,147,1,19180,0.975609756097561,0.9923940601231438,0.9840019081103524,0.21390374331550802,0.3508771929824561,0.00828907529657021,0.9890662248061918,0.5899739945570791,0.8042432739741067,471.390243902439,108.8,0.35597620350260056,False
ls0.1,5,3,val-cost,50,0.9547623853631027,40,147,1,19180,0.975609756097561,0.9923940601231438,0.9840019081103524,0.21390374331550802,0.3508771929824561,0.009215511998877298,0.9890662248061918,0.5899739945570791,0.8042432739741067,471.390243902439,108.8,0.35597620350260056,False
ls0.1,5,3,val-cost,100,0.9547623853631027,40,147,1,19180,0.975609756097561,0.9923940601231438,0.9840019081103524,0.21390374331550802,0.3508771929824561,0.010543390105433901,0.9890662248061918,0.5899739945570791,0.8042432739741067,471.390243902439,108.8,0.35597620350260056,False
ls0.1,5,3,val-cost,200,0.9547623853631027,40,147,1,19180,0.975609756097561,0.9923940601231438,0.9840019081103524,0.21390374331550802,0.3508771929824561,0.012605805209430741,0.9890662248061918,0.5899739945570791,0.8042432739741067,471.390243902439,108.8,0.35597620350260056,False
ls0.1,5,3,oracle,1,0.9996418952941895,14,5,27,19322,0.34146341463414637,0.9997412945620117,0.670602354598079,0.7368421052631579,0.4666666666666667,0.0016522098306484924,0.9890662248061918,0.5899739945570791,0.8042432739741067,471.390243902439,108.8,0.35597620350260056,False
ls0.1,5,3,oracle,2,0.9976821839809418,26,19,15,19308,0.6341463414634146,0.9990169193356444,0.8165816303995295,0.5777777777777777,0.6046511627906976,0.0025246019887680974,0.9890662248061918,0.5899739945570791,0.8042432739741067,471.390243902439,108.8,0.35597620350260056,False
ls0.1,5,3,oracle,5,0.987009584903717,36,59,5,19268,0.8780487804878049,0.996947275831738,0.9374980281597715,0.37894736842105264,0.5294117647058824,0.004300634855621544,0.9890662248061918,0.5899739945570791,0.8042432739741067,471.390243902439,108.8,0.35597620350260056,False
ls0.1,5,3,oracle,10,0.987009584903717,36,59,5,19268,0.8780487804878049,0.996947275831738,0.9374980281597715,0.37894736842105264,0.5294117647058824,0.005522622485686781,0.9890662248061918,0.5899739945570791,0.8042432739741067,471.390243902439,108.8,0.35597620350260056,False
ls0.1,5,3,oracle,20,0.9658830761909485,40,110,1,19217,0.975609756097561,0.9943084803642572,0.9849591182309091,0.26666666666666666,0.418848167539267,0.00645257358415645,0.9890662248061918,0.5899739945570791,0.8042432739741067,471.390243902439,108.8,0.35597620350260056,False
ls0.1,5,3,oracle,50,0.9658830761909485,40,110,1,19217,0.975609756097561,0.9943084803642572,0.9849591182309091,0.26666666666666666,0.418848167539267,0.007484679796042475,0.9890662248061918,0.5899739945570791,0.8042432739741067,471.390243902439,108.8,0.35597620350260056,False
ls0.1,5,3,oracle,100,0.9658830761909485,40,110,1,19217,0.975609756097561,0.9943084803642572,0.9849591182309091,0.26666666666666666,0.418848167539267,0.008964015879113843,0.9890662248061918,0.5899739945570791,0.8042432739741067,471.390243902439,108.8,0.35597620350260056,False
ls0.1,5,3,oracle,200,0.9658830761909485,40,110,1,19217,0.975609756097561,0.9943084803642572,0.9849591182309091,0.26666666666666666,0.418848167539267,0.011261670360010172,0.9890662248061918,0.5899739945570791,0.8042432739741067,471.390243902439,108.8,0.35597620350260056,False
ls0.1,5,4,0.5,1,0.5,41,19327,0,0,1.0,0.0,0.5,0.002116893845518381,0.004224844144469061,0.9978831061544816,0.9882547731153308,0.5908468683079109,0.7849905414767916,471.390243902439,108.8,0.36878390985310344,False
ls0.1,5,4,0.5,2,0.5,41,19327,0,0,1.0,0.0,0.5,0.002116893845518381,0.004224844144469061,0.9957751558555309,0.9882547731153308,0.5908468683079109,0.7849905414767916,471.390243902439,108.8,0.36878390985310344,False
ls0.1,5,4,0.5,5,0.5,41,19327,0,0,1.0,0.0,0.5,0.002116893845518381,0.004224844144469061,0.9895044030309236,0.9882547731153308,0.5908468683079109,0.7849905414767916,471.390243902439,108.8,0.36878390985310344,False
ls0.1,5,4,0.5,10,0.5,41,19327,0,0,1.0,0.0,0.5,0.002116893845518381,0.004224844144469061,0.9792268328520038,0.9882547731153308,0.5908468683079109,0.7849905414767916,471.390243902439,108.8,0.36878390985310344,False
ls0.1,5,4,0.5,20,0.5,41,19327,0,0,1.0,0.0,0.5,0.002116893845518381,0.004224844144469061,0.9592991512383978,0.9882547731153308,0.5908468683079109,0.7849905414767916,471.390243902439,108.8,0.36878390985310344,False
ls0.1,5,4,0.5,50,0.5,41,19327,0,0,1.0,0.0,0.5,0.002116893845518381,0.004224844144469061,0.9041025401132058,0.9882547731153308,0.5908468683079109,0.7849905414767916,471.390243902439,108.8,0.36878390985310344,False
ls0.1,5,4,0.5,100,0.5,41,19327,0,0,1.0,0.0,0.5,0.002116893845518381,0.004224844144469061,0.8249882614077774,0.9882547731153308,0.5908468683079109,0.7849905414767916,471.390243902439,108.8,0.36878390985310344,False
ls0.1,5,4,0.5,200,0.5,41,19327,0,0,1.0,0.0,0.5,0.002116893845518381,0.004224844144469061,0.7021106549932793,0.9882547731153308,0.5908468683079109,0.7849905414767916,471.390243902439,108.8,0.36878390985310344,False
ls0.1,5,4,val-Youden,1,0.9587013627409765,37,89,4,19238,0.9024390243902439,0.9953950432038081,0.9489170337970261,0.29365079365079366,0.4431137724550898,0.004801734820322181,0.9882547731153308,0.5908468683079109,0.7849905414767916,471.390243902439,108.8,0.36878390985310344,False
ls0.1,5,4,val-Youden,2,0.9587013627409765,37,89,4,19238,0.9024390243902439,0.9953950432038081,0.9489170337970261,0.29365079365079366,0.4431137724550898,0.0049976814879694985,0.9882547731153308,0.5908468683079109,0.7849905414767916,471.390243902439,108.8,0.36878390985310344,False
ls0.1,5,4,val-Youden,5,0.9587013627409765,37,89,4,19238,0.9024390243902439,0.9953950432038081,0.9489170337970261,0.29365079365079366,0.4431137724550898,0.005580585705508908,0.9882547731153308,0.5908468683079109,0.7849905414767916,471.390243902439,108.8,0.36878390985310344,False
ls0.1,5,4,val-Youden,10,0.9587013627409765,37,89,4,19238,0.9024390243902439,0.9953950432038081,0.9489170337970261,0.29365079365079366,0.4431137724550898,0.006535947712418301,0.9882547731153308,0.5908468683079109,0.7849905414767916,471.390243902439,108.8,0.36878390985310344,False
ls0.1,5,4,val-Youden,20,0.9587013627409765,37,89,4,19238,0.9024390243902439,0.9953950432038081,0.9489170337970261,0.29365079365079366,0.4431137724550898,0.008388345659403385,0.9882547731153308,0.5908468683079109,0.7849905414767916,471.390243902439,108.8,0.36878390985310344,False
ls0.1,5,4,val-Youden,50,0.9587013627409765,37,89,4,19238,0.9024390243902439,0.9953950432038081,0.9489170337970261,0.29365079365079366,0.4431137724550898,0.013519202881601721,0.9882547731153308,0.5908468683079109,0.7849905414767916,471.390243902439,108.8,0.36878390985310344,False
ls0.1,5,4,val-Youden,100,0.9587013627409765,37,89,4,19238,0.9024390243902439,0.9953950432038081,0.9489170337970261,0.29365079365079366,0.4431137724550898,0.02087335126136509,0.9882547731153308,0.5908468683079109,0.7849905414767916,471.390243902439,108.8,0.36878390985310344,False
ls0.1,5,4,val-Youden,200,0.9587013627409765,37,89,4,19238,0.9024390243902439,0.9953950432038081,0.9489170337970261,0.29365079365079366,0.4431137724550898,0.03229556435499691,0.9882547731153308,0.5908468683079109,0.7849905414767916,471.390243902439,108.8,0.36878390985310344,False
ls0.1,5,4,elkan-raw,1,0.5,41,19327,0,0,1.0,0.0,0.5,0.002116893845518381,0.004224844144469061,0.9978831061544816,0.9882547731153308,0.5908468683079109,0.7849905414767916,471.390243902439,108.8,0.36878390985310344,False
ls0.1,5,4,elkan-raw,2,0.3333333333333333,41,19327,0,0,1.0,0.0,0.5,0.002116893845518381,0.004224844144469061,0.9957751558555309,0.9882547731153308,0.5908468683079109,0.7849905414767916,471.390243902439,108.8,0.36878390985310344,False
ls0.1,5,4,elkan-raw,5,0.16666666666666666,41,19327,0,0,1.0,0.0,0.5,0.002116893845518381,0.004224844144469061,0.9895044030309236,0.9882547731153308,0.5908468683079109,0.7849905414767916,471.390243902439,108.8,0.36878390985310344,False
ls0.1,5,4,elkan-raw,10,0.09090909090909091,41,19327,0,0,1.0,0.0,0.5,0.002116893845518381,0.004224844144469061,0.9792268328520038,0.9882547731153308,0.5908468683079109,0.7849905414767916,471.390243902439,108.8,0.36878390985310344,False
ls0.1,5,4,elkan-raw,20,0.047619047619047616,41,19327,0,0,1.0,0.0,0.5,0.002116893845518381,0.004224844144469061,0.9592991512383978,0.9882547731153308,0.5908468683079109,0.7849905414767916,471.390243902439,108.8,0.36878390985310344,False
ls0.1,5,4,elkan-raw,50,0.0196078431372549,41,19327,0,0,1.0,0.0,0.5,0.002116893845518381,0.004224844144469061,0.9041025401132058,0.9882547731153308,0.5908468683079109,0.7849905414767916,471.390243902439,108.8,0.36878390985310344,False
ls0.1,5,4,elkan-raw,100,0.009900990099009901,41,19327,0,0,1.0,0.0,0.5,0.002116893845518381,0.004224844144469061,0.8249882614077774,0.9882547731153308,0.5908468683079109,0.7849905414767916,471.390243902439,108.8,0.36878390985310344,False
ls0.1,5,4,elkan-raw,200,0.004975124378109453,41,19327,0,0,1.0,0.0,0.5,0.002116893845518381,0.004224844144469061,0.7021106549932793,0.9882547731153308,0.5908468683079109,0.7849905414767916,471.390243902439,108.8,0.36878390985310344,False
ls0.1,5,4,elkan-cal,1,0.5,31,35,10,19292,0.7560975609756098,0.9981890619340819,0.8771433114548458,0.4696969696969697,0.5794392523364486,0.0023234200743494425,0.9882547731153308,0.5908468683079109,0.7849905414767916,471.390243902439,108.8,0.36878390985310344,False
ls0.1,5,4,elkan-cal,2,0.3333333333333333,35,38,6,19289,0.8536585365853658,0.9980338386712889,0.9258461876283274,0.4794520547945205,0.6140350877192983,0.002576124478334793,0.9882547731153308,0.5908468683079109,0.7849905414767916,471.390243902439,108.8,0.36878390985310344,False
ls0.1,5,4,elkan-cal,5,0.16666666666666666,36,45,5,19282,0.8780487804878049,0.9976716510581053,0.9378602157729551,0.4444444444444444,0.5901639344262295,0.0035838623796846203,0.9882547731153308,0.5908468683079109,0.7849905414767916,471.390243902439,108.8,0.36878390985310344,False
ls0.1,5,4,elkan-cal,10,0.09090909090909091,36,56,5,19271,0.8780487804878049,0.997102499094531,0.9375756397911679,0.391304347826087,0.5413533834586466,0.005370623701677053,0.9882547731153308,0.5908468683079109,0.7849905414767916,471.390243902439,108.8,0.36878390985310344,False
ls0.1,5,4,elkan-cal,20,0.047619047619047616,36,67,5,19260,0.8780487804878049,0.9965333471309566,0.9372910638093808,0.34951456310679613,0.5,0.00828907529657021,0.9882547731153308,0.5908468683079109,0.7849905414767916,471.390243902439,108.8,0.36878390985310344,False
ls0.1,5,4,elkan-cal,50,0.0196078431372549,37,87,4,19240,0.9024390243902439,0.9954985253790035,0.9489687748846237,0.29838709677419356,0.4484848484848485,0.01342564438415119,0.9882547731153308,0.5908468683079109,0.7849905414767916,471.390243902439,108.8,0.36878390985310344,False
ls0.1,5,4,elkan-cal,100,0.009900990099009901,39,104,2,19223,0.9512195121951219,0.9946189268898432,0.9729192195424825,0.2727272727272727,0.42391304347826086,0.012976480129764802,0.9882547731153308,0.5908468683079109,0.7849905414767916,471.390243902439,108.8,0.36878390985310344,False
ls0.1,5,4,elkan-cal,200,0.004975124378109453,40,127,1,19200,0.975609756097561,0.993428881875097,0.984519318986329,0.23952095808383234,0.38461538461538464,0.011879245831365568,0.9882547731153308,0.5908468683079109,0.7849905414767916,471.390243902439,108.8,0.36878390985310344,False
ls0.1,5,4,val-cost,1,0.9482806062791971,39,105,2,19222,0.9512195121951219,0.9945671858022456,0.9728933489986837,0.2708333333333333,0.42162162162162165,0.005524576621230896,0.9882547731153308,0.5908468683079109,0.7849905414767916,471.390243902439,108.8,0.36878390985310344,False
ls0.1,5,4,val-cost,2,0.9482806062791971,39,105,2,19222,0.9512195121951219,0.9945671858022456,0.9728933489986837,0.2708333333333333,0.42162162162162165,0.005615951362769849,0.9882547731153308,0.5908468683079109,0.7849905414767916,471.390243902439,108.8,0.36878390985310344,False
ls0.1,5,4,val-cost,5,0.9482806062791971,39,105,2,19222,0.9512195121951219,0.9945671858022456,0.9728933489986837,0.2708333333333333,0.42162162162162165,0.005887773909481876,0.9882547731153308,0.5908468683079109,0.7849905414767916,471.390243902439,108.8,0.36878390985310344,False
ls0.1,5,4,val-cost,10,0.9482806062791971,39,105,2,19222,0.9512195121951219,0.9945671858022456,0.9728933489986837,0.2708333333333333,0.42162162162162165,0.006333282667071997,0.9882547731153308,0.5908468683079109,0.7849905414767916,471.390243902439,108.8,0.36878390985310344,False
ls0.1,5,4,val-cost,20,0.9482806062791971,39,105,2,19222,0.9512195121951219,0.9945671858022456,0.9728933489986837,0.2708333333333333,0.42162162162162165,0.007197101305405271,0.9882547731153308,0.5908468683079109,0.7849905414767916,471.390243902439,108.8,0.36878390985310344,False
ls0.1,5,4,val-cost,50,0.9482806062791971,39,105,2,19222,0.9512195121951219,0.9945671858022456,0.9728933489986837,0.2708333333333333,0.42162162162162165,0.009589745988679422,0.9882547731153308,0.5908468683079109,0.7849905414767916,471.390243902439,108.8,0.36878390985310344,False
ls0.1,5,4,val-cost,100,0.9482806062791971,39,105,2,19222,0.9512195121951219,0.9945671858022456,0.9728933489986837,0.2708333333333333,0.42162162162162165,0.013019165919665343,0.9882547731153308,0.5908468683079109,0.7849905414767916,471.390243902439,108.8,0.36878390985310344,False
ls0.1,5,4,val-cost,200,0.9482806062791971,39,105,2,19222,0.9512195121951219,0.9945671858022456,0.9728933489986837,0.2708333333333333,0.42162162162162165,0.018345624296145602,0.9882547731153308,0.5908468683079109,0.7849905414767916,471.390243902439,108.8,0.36878390985310344,False
ls0.1,5,4,oracle,1,0.9986926913261414,14,4,27,19323,0.34146341463414637,0.9997930356496093,0.6706282251418778,0.7777777777777778,0.4745762711864407,0.001600578273440727,0.9882547731153308,0.5908468683079109,0.7849905414767916,471.390243902439,108.8,0.36878390985310344,False
ls0.1,5,4,oracle,2,0.9911550879478455,30,26,11,19301,0.7317073170731707,0.9986547317224608,0.8651810243978157,0.5357142857142857,0.6185567010309279,0.0024730794992014016,0.9882547731153308,0.5908468683079109,0.7849905414767916,471.390243902439,108.8,0.36878390985310344,False
ls0.1,5,4,oracle,5,0.9877465963363647,35,38,6,19289,0.8536585365853658,0.9980338386712889,0.9258461876283274,0.4794520547945205,0.6140350877192983,0.003481466311693631,0.9882547731153308,0.5908468683079109,0.7849905414767916,471.390243902439,108.8,0.36878390985310344,False
ls0.1,5,4,oracle,10,0.9828109741210938,36,45,5,19282,0.8780487804878049,0.9976716510581053,0.9378602157729551,0.4444444444444444,0.5901639344262295,0.004813294826974718,0.9882547731153308,0.5908468683079109,0.7849905414767916,471.390243902439,108.8,0.36878390985310344,False
ls0.1,5,4,oracle,20,0.945936381816864,40,115,1,19212,0.975609756097561,0.994049774926269,0.9848297655119149,0.25806451612903225,0.40816326530612246,0.00670074949123939,0.9882547731153308,0.5908468683079109,0.7849905414767916,471.390243902439,108.8,0.36878390985310344,False
ls0.1,5,4,oracle,50,0.945936381816864,40,115,1,19212,0.975609756097561,0.994049774926269,0.9848297655119149,0.25806451612903225,0.40816326530612246,0.0077185760396688025,0.9882547731153308,0.5908468683079109,0.7849905414767916,471.390243902439,108.8,0.36878390985310344,False
ls0.1,5,4,oracle,100,0.945936381816864,40,115,1,19212,0.975609756097561,0.994049774926269,0.9848297655119149,0.25806451612903225,0.40816326530612246,0.009177444828616554,0.9882547731153308,0.5908468683079109,0.7849905414767916,471.390243902439,108.8,0.36878390985310344,False
ls0.1,5,4,oracle,200,0.945936381816864,40,115,1,19212,0.975609756097561,0.994049774926269,0.9848297655119149,0.25806451612903225,0.40816326530612246,0.011443310204526465,0.9882547731153308,0.5908468683079109,0.7849905414767916,471.390243902439,108.8,0.36878390985310344,False
ref64,1,0,0.5,1,0.5,225,1107,1,3572,0.995575221238938,0.7634109852532592,0.8794931032460986,0.16891891891891891,0.2888318356867779,0.2258919469928644,0.9822346882228447,0.7791463197451816,0.8739122458281874,20.70353982300885,3.4,0.013845224693700123,False
ref64,1,0,0.5,2,0.5,225,1107,1,3572,0.995575221238938,0.7634109852532592,0.8794931032460986,0.16891891891891891,0.2888318356867779,0.21613720522315338,0.9822346882228447,0.7791463197451816,0.8739122458281874,20.70353982300885,3.4,0.013845224693700123,False
ref64,1,0,0.5,5,0.5,225,1107,1,3572,0.995575221238938,0.7634109852532592,0.8794931032460986,0.16891891891891891,0.2888318356867779,0.19142709588569462,0.9822346882228447,0.7791463197451816,0.8739122458281874,20.70353982300885,3.4,0.013845224693700123,False
ref64,1,0,0.5,10,0.5,225,1107,1,3572,0.995575221238938,0.7634109852532592,0.8794931032460986,0.16891891891891891,0.2888318356867779,0.1609742037757602,0.9822346882228447,0.7791463197451816,0.8739122458281874,20.70353982300885,3.4,0.013845224693700123,False
ref64,1,0,0.5,20,0.5,225,1107,1,3572,0.995575221238938,0.7634109852532592,0.8794931032460986,0.16891891891891891,0.2888318356867779,0.12251331666485488,0.9822346882228447,0.7791463197451816,0.8739122458281874,20.70353982300885,3.4,0.013845224693700123,False
ref64,1,0,0.5,50,0.5,225,1107,1,3572,0.995575221238938,0.7634109852532592,0.8794931032460986,0.16891891891891891,0.2888318356867779,0.07240753488954252,0.9822346882228447,0.7791463197451816,0.8739122458281874,20.70353982300885,3.4,0.013845224693700123,False
ref64,1,0,0.5,100,0.5,225,1107,1,3572,0.995575221238938,0.7634109852532592,0.8794931032460986,0.16891891891891891,0.2888318356867779,0.04424648997397265,0.9822346882228447,0.7791463197451816,0.8739122458281874,20.70353982300885,3.4,0.013845224693700123,False
ref64,1,0,0.5,200,0.5,225,1107,1,3572,0.995575221238938,0.7634109852532592,0.8794931032460986,0.16891891891891891,0.2888318356867779,0.026203412257663546,0.9822346882228447,0.7791463197451816,0.8739122458281874,20.70353982300885,3.4,0.013845224693700123,False
ref64,1,0,val-Youden,1,0.50202141718449,225,976,1,3703,0.995575221238938,0.7914084206026929,0.8934918209208155,0.18734388009991673,0.3153468815697267,0.19918450560652395,0.9822346882228447,0.7791463197451816,0.8739122458281874,20.70353982300885,3.4,0.013845224693700123,False
ref64,1,0,val-Youden,2,0.50202141718449,225,976,1,3703,0.995575221238938,0.7914084206026929,0.8934918209208155,0.18734388009991673,0.3153468815697267,0.1906061196647827,0.9822346882228447,0.7791463197451816,0.8739122458281874,20.70353982300885,3.4,0.013845224693700123,False
ref64,1,0,val-Youden,5,0.50202141718449,225,976,1,3703,0.995575221238938,0.7914084206026929,0.8934918209208155,0.18734388009991673,0.3153468815697267,0.16887588225167843,0.9822346882228447,0.7791463197451816,0.8739122458281874,20.70353982300885,3.4,0.013845224693700123,False
ref64,1,0,val-Youden,10,0.50202141718449,225,976,1,3703,0.995575221238938,0.7914084206026929,0.8934918209208155,0.18734388009991673,0.3153468815697267,0.14209540279579191,0.9822346882228447,0.7791463197451816,0.8739122458281874,20.70353982300885,3.4,0.013845224693700123,False
ref64,1,0,val-Youden,20,0.50202141718449,225,976,1,3703,0.995575221238938,0.7914084206026929,0.8934918209208155,0.18734388009991673,0.3153468815697267,0.10827263833025329,0.9822346882228447,0.7791463197451816,0.8739122458281874,20.70353982300885,3.4,0.013845224693700123,False
ref64,1,0,val-Youden,50,0.50202141718449,225,976,1,3703,0.995575221238938,0.7914084206026929,0.8934918209208155,0.18734388009991673,0.3153468815697267,0.06420927467300833,0.9822346882228447,0.7791463197451816,0.8739122458281874,20.70353982300885,3.4,0.013845224693700123,False
ref64,1,0,val-Youden,100,0.50202141718449,225,976,1,3703,0.995575221238938,0.7914084206026929,0.8934918209208155,0.18734388009991673,0.3153468815697267,0.03944426115326808,0.9822346882228447,0.7791463197451816,0.8739122458281874,20.70353982300885,3.4,0.013845224693700123,False
ref64,1,0,val-Youden,200,0.50202141718449,225,976,1,3703,0.995575221238938,0.7914084206026929,0.8934918209208155,0.18734388009991673,0.3153468815697267,0.02357705647667355,0.9822346882228447,0.7791463197451816,0.8739122458281874,20.70353982300885,3.4,0.013845224693700123,False
ref64,1,0,elkan-raw,1,0.5,225,1107,1,3572,0.995575221238938,0.7634109852532592,0.8794931032460986,0.16891891891891891,0.2888318356867779,0.2258919469928644,0.9822346882228447,0.7791463197451816,0.8739122458281874,20.70353982300885,3.4,0.013845224693700123,False
ref64,1,0,elkan-raw,2,0.3333333333333333,226,4679,0,0,1.0,0.0,0.5,0.04607543323139653,0.08809198986552329,0.9119080101344768,0.9822346882228447,0.7791463197451816,0.8739122458281874,20.70353982300885,3.4,0.013845224693700123,False
ref64,1,0,elkan-raw,5,0.16666666666666666,226,4679,0,0,1.0,0.0,0.5,0.04607543323139653,0.08809198986552329,0.8054742640729902,0.9822346882228447,0.7791463197451816,0.8739122458281874,20.70353982300885,3.4,0.013845224693700123,False
ref64,1,0,elkan-raw,10,0.09090909090909091,226,4679,0,0,1.0,0.0,0.5,0.04607543323139653,0.08809198986552329,0.6743046548494019,0.9822346882228447,0.7791463197451816,0.8739122458281874,20.70353982300885,3.4,0.013845224693700123,False
ref64,1,0,elkan-raw,20,0.047619047619047616,226,4679,0,0,1.0,0.0,0.5,0.04607543323139653,0.08809198986552329,0.5086422437221437,0.9822346882228447,0.7791463197451816,0.8739122458281874,20.70353982300885,3.4,0.013845224693700123,False
ref64,1,0,elkan-raw,50,0.0196078431372549,226,4679,0,0,1.0,0.0,0.5,0.04607543323139653,0.08809198986552329,0.29282182865010326,0.9822346882228447,0.7791463197451816,0.8739122458281874,20.70353982300885,3.4,0.013845224693700123,False
ref64,1,0,elkan-raw,100,0.009900990099009901,226,4679,0,0,1.0,0.0,0.5,0.04607543323139653,0.08809198986552329,0.17152388284028006,0.9822346882228447,0.7791463197451816,0.8739122458281874,20.70353982300885,3.4,0.013845224693700123,False
ref64,1,0,elkan-raw,200,0.004975124378109453,226,4679,0,0,1.0,0.0,0.5,0.04607543323139653,0.08809198986552329,0.09380701297139077,0.9822346882228447,0.7791463197451816,0.8739122458281874,20.70353982300885,3.4,0.013845224693700123,False
ref64,1,0,elkan-cal,1,0.5,225,1107,1,3572,0.995575221238938,0.7634109852532592,0.8794931032460986,0.16891891891891891,0.2888318356867779,0.2258919469928644,0.9822346882228447,0.7791463197451816,0.8739122458281874,20.70353982300885,3.4,0.013845224693700123,False
ref64,1,0,elkan-cal,2,0.3333333333333333,225,1267,1,3412,0.995575221238938,0.7292156443684548,0.8623954328036965,0.15080428954423591,0.2619324796274738,0.24732021048528552,0.9822346882228447,0.7791463197451816,0.8739122458281874,20.70353982300885,3.4,0.013845224693700123,False
ref64,1,0,elkan-cal,5,0.16666666666666666,226,1562,0,3117,1.0,0.6661679846120966,0.8330839923060482,0.12639821029082773,0.22442899702085403,0.2688930969185746,0.9822346882228447,0.7791463197451816,0.8739122458281874,20.70353982300885,3.4,0.013845224693700123,False
ref64,1,0,elkan-cal,10,0.09090909090909091,226,1776,0,2903,1.0,0.6204317161786707,0.8102158580893353,0.11288711288711288,0.20287253141831238,0.2559446606139213,0.9822346882228447,0.7791463197451816,0.8739122458281874,20.70353982300885,3.4,0.013845224693700123,False
ref64,1,0,elkan-cal,20,0.047619047619047616,226,2006,0,2673,1.0,0.5712759136567642,0.7856379568283821,0.10125448028673835,0.1838893409275834,0.2180671812153495,0.9822346882228447,0.7791463197451816,0.8739122458281874,20.70353982300885,3.4,0.013845224693700123,False
ref64,1,0,elkan-cal,50,0.0196078431372549,226,2597,0,2082,1.0,0.44496687326351786,0.722483436631759,0.08005667729365923,0.14824532633650378,0.16252581513236122,0.9822346882228447,0.7791463197451816,0.8739122458281874,20.70353982300885,3.4,0.013845224693700123,False
ref64,1,0,elkan-cal,100,0.009900990099009901,226,2809,0,1870,1.0,0.39965804659115195,0.699829023295576,0.07446457990115321,0.13860778902177245,0.10297298288060412,0.9822346882228447,0.7791463197451816,0.8739122458281874,20.70353982300885,3.4,0.013845224693700123,False
ref64,1,0,elkan-cal,200,0.004975124378109453,226,3029,0,1650,1.0,0.35263945287454584,0.6763197264372729,0.06943164362519201,0.12984774490089054,0.0607269592413641,0.9822346882228447,0.7791463197451816,0.8739122458281874,20.70353982300885,3.4,0.013845224693700123,False
ref64,1,0,val-cost,1,0.5020211914503416,225,976,1,3703,0.995575221238938,0.7914084206026929,0.8934918209208155,0.18734388009991673,0.3153468815697267,0.19918450560652395,0.9822346882228447,0.7791463197451816,0.8739122458281874,20.70353982300885,3.4,0.013845224693700123,False
ref64,1,0,val-cost,2,0.5020211914503416,225,976,1,3703,0.995575221238938,0.7914084206026929,0.8934918209208155,0.18734388009991673,0.3153468815697267,0.1906061196647827,0.9822346882228447,0.7791463197451816,0.8739122458281874,20.70353982300885,3.4,0.013845224693700123,False
ref64,1,0,val-cost,5,0.5020211914503416,225,976,1,3703,0.995575221238938,0.7914084206026929,0.8934918209208155,0.18734388009991673,0.3153468815697267,0.16887588225167843,0.9822346882228447,0.7791463197451816,0.8739122458281874,20.70353982300885,3.4,0.013845224693700123,False
ref64,1,0,val-cost,10,0.5020211914503416,225,976,1,3703,0.995575221238938,0.7914084206026929,0.8934918209208155,0.18734388009991673,0.3153468815697267,0.14209540279579191,0.9822346882228447,0.7791463197451816,0.8739122458281874,20.70353982300885,3.4,0.013845224693700123,False
ref64,1,0,val-cost,20,0.5020211914503416,225,976,1,3703,0.995575221238938,0.7914084206026929,0.8934918209208155,0.18734388009991673,0.3153468815697267,0.10827263833025329,0.9822346882228447,0.7791463197451816,0.8739122458281874,20.70353982300885,3.4,0.013845224693700123,False
ref64,1,0,val-cost,50,0.5020211914503416,225,976,1,3703,0.995575221238938,0.7914084206026929,0.8934918209208155,0.18734388009991673,0.3153468815697267,0.06420927467300833,0.9822346882228447,0.7791463197451816,0.8739122458281874,20.70353982300885,3.4,0.013845224693700123,False
ref64,1,0,val-cost,100,0.5020211914503416,225,976,1,3703,0.995575221238938,0.7914084206026929,0.8934918209208155,0.18734388009991673,0.3153468815697267,0.03944426115326808,0.9822346882228447,0.7791463197451816,0.8739122458281874,20.70353982300885,3.4,0.013845224693700123,False
ref64,1,0,val-cost,200,0.5020211914503416,225,976,1,3703,0.995575221238938,0.7914084206026929,0.8934918209208155,0.18734388009991673,0.3153468815697267,0.02357705647667355,0.9822346882228447,0.7791463197451816,0.8739122458281874,20.70353982300885,3.4,0.013845224693700123,False
ref64,1,0,oracle,1,0.5237467586994171,144,39,82,4640,0.6371681415929203,0.9916648856593289,0.8144165136261245,0.7868852459016393,0.7041564792176039,0.024668705402650357,0.9822346882228447,0.7791463197451816,0.8739122458281874,20.70353982300885,3.4,0.013845224693700123,False
ref64,1,0,oracle,2,0.5195938348770142,169,78,57,4601,0.7477876106194691,0.9833297713186578,0.8655586909690635,0.6842105263157895,0.7145877378435518,0.03741960631455857,0.9822346882228447,0.7791463197451816,0.8739122458281874,20.70353982300885,3.4,0.013845224693700123,False
ref64,1,0,oracle,5,0.5152683854103088,192,157,34,4522,0.8495575221238938,0.9664458217567856,0.9080016719403396,0.5501432664756447,0.6678260869565218,0.05629196075055948,0.9822346882228447,0.7791463197451816,0.8739122458281874,20.70353982300885,3.4,0.013845224693700123,False
ref64,1,0,oracle,10,0.510713517665863,214,334,12,4345,0.9469026548672567,0.9286172259029707,0.9377599403851137,0.3905109489051095,0.5529715762273901,0.06542729499927943,0.9822346882228447,0.7791463197451816,0.8739122458281874,20.70353982300885,3.4,0.013845224693700123,False
ref64,1,0,oracle,20,0.5093644857406616,217,391,9,4288,0.9601769911504425,0.9164351357127591,0.9383060634316008,0.3569078947368421,0.5203836930455635,0.06207196434395043,0.9822346882228447,0.7791463197451816,0.8739122458281874,20.70353982300885,3.4,0.013845224693700123,False
ref64,1,0,oracle,50,0.5073542594909668,222,505,4,4174,0.9823008849557522,0.8920709553323359,0.937185920144044,0.30536451169188444,0.46589716684155297,0.044120408035546656,0.9822346882228447,0.7791463197451816,0.8739122458281874,20.70353982300885,3.4,0.013845224693700123,False
ref64,1,0,oracle,100,0.5051493942737579,225,670,1,4009,0.995575221238938,0.8568070100448814,0.9261911156419097,0.25139664804469275,0.40142729705619984,0.028226841159866563,0.9822346882228447,0.7791463197451816,0.8739122458281874,20.70353982300885,3.4,0.013845224693700123,False
ref64,1,0,oracle,200,0.5051493942737579,225,670,1,4009,0.995575221238938,0.8568070100448814,0.9261911156419097,0.25139664804469275,0.40142729705619984,0.017442210148559515,0.9822346882228447,0.7791463197451816,0.8739122458281874,20.70353982300885,3.4,0.013845224693700123,False
ref64,2,0,0.5,1,0.5,424,184,74,41114,0.8514056224899599,0.9955445784299481,0.923475100459954,0.6973684210526315,0.7667269439421338,0.006172839506172839,0.9957200587910264,0.8341015523052974,0.9452195921075942,82.92771084337349,30.2,1.1516484883206475,False
ref64,2,0,0.5,2,0.5,424,184,74,41114,0.8514056224899599,0.9955445784299481,0.923475100459954,0.6973684210526315,0.7667269439421338,0.007849813212275973,0.9957200587910264,0.8341015523052974,0.9452195921075942,82.92771084337349,30.2,1.1516484883206475,False
ref64,2,0,0.5,5,0.5,424,184,74,41114,0.8514056224899599,0.9955445784299481,0.923475100459954,0.6973684210526315,0.7667269439421338,0.012651868091714626,0.9957200587910264,0.8341015523052974,0.9452195921075942,82.92771084337349,30.2,1.1516484883206475,False
ref64,2,0,0.5,10,0.5,424,184,74,41114,0.8514056224899599,0.9955445784299481,0.923475100459954,0.6973684210526315,0.7667269439421338,0.019966290678075975,0.9957200587910264,0.8341015523052974,0.9452195921075942,82.92771084337349,30.2,1.1516484883206475,False
ref64,2,0,0.5,20,0.5,424,184,74,41114,0.8514056224899599,0.9955445784299481,0.923475100459954,0.6973684210526315,0.7667269439421338,0.03246322525264349,0.9957200587910264,0.8341015523052974,0.9452195921075942,82.92771084337349,30.2,1.1516484883206475,False
ref64,2,0,0.5,50,0.5,424,184,74,41114,0.8514056224899599,0.9955445784299481,0.923475100459954,0.6973684210526315,0.7667269439421338,0.05867246744614641,0.9957200587910264,0.8341015523052974,0.9452195921075942,82.92771084337349,30.2,1.1516484883206475,False
ref64,2,0,0.5,100,0.5,424,184,74,41114,0.8514056224899599,0.9955445784299481,0.923475100459954,0.6973684210526315,0.7667269439421338,0.08325100441283013,0.9957200587910264,0.8341015523052974,0.9452195921075942,82.92771084337349,30.2,1.1516484883206475,False
ref64,2,0,0.5,200,0.5,424,184,74,41114,0.8514056224899599,0.9955445784299481,0.923475100459954,0.6973684210526315,0.7667269439421338,0.10634643500972335,0.9957200587910264,0.8341015523052974,0.9452195921075942,82.92771084337349,30.2,1.1516484883206475,False
ref64,2,0,val-Youden,1,0.1715460802761442,479,553,19,40745,0.9618473895582329,0.9866095210421812,0.9742284553002071,0.4641472868217054,0.6261437908496732,0.013685520145468465,0.9957200587910264,0.8341015523052974,0.9452195921075942,82.92771084337349,30.2,1.1516484883206475,False
ref64,2,0,val-Youden,2,0.1715460802761442,479,553,19,40745,0.9618473895582329,0.9866095210421812,0.9742284553002071,0.4641472868217054,0.6261437908496732,0.013973613278479216,0.9957200587910264,0.8341015523052974,0.9452195921075942,82.92771084337349,30.2,1.1516484883206475,False
ref64,2,0,val-Youden,5,0.1715460802761442,479,553,19,40745,0.9618473895582329,0.9866095210421812,0.9742284553002071,0.4641472868217054,0.6261437908496732,0.014798574952041656,0.9957200587910264,0.8341015523052974,0.9452195921075942,82.92771084337349,30.2,1.1516484883206475,False
ref64,2,0,val-Youden,10,0.1715460802761442,479,553,19,40745,0.9618473895582329,0.9866095210421812,0.9742284553002071,0.4641472868217054,0.6261437908496732,0.01605514499330135,0.9957200587910264,0.8341015523052974,0.9452195921075942,82.92771084337349,30.2,1.1516484883206475,False
ref64,2,0,val-Youden,20,0.1715460802761442,479,553,19,40745,0.9618473895582329,0.9866095210421812,0.9742284553002071,0.4641472868217054,0.6261437908496732,0.018202036755238207,0.9957200587910264,0.8341015523052974,0.9452195921075942,82.92771084337349,30.2,1.1516484883206475,False
ref64,2,0,val-Youden,50,0.1715460802761442,479,553,19,40745,0.9618473895582329,0.9866095210421812,0.9742284553002071,0.4641472868217054,0.6261437908496732,0.022704613432429983,0.9957200587910264,0.8341015523052974,0.9452195921075942,82.92771084337349,30.2,1.1516484883206475,False
ref64,2,0,val-Youden,100,0.1715460802761442,479,553,19,40745,0.9618473895582329,0.9866095210421812,0.9742284553002071,0.4641472868217054,0.6261437908496732,0.02692704559924477,0.9957200587910264,0.8341015523052974,0.9452195921075942,82.92771084337349,30.2,1.1516484883206475,False
ref64,2,0,val-Youden,200,0.1715460802761442,479,553,19,40745,0.9618473895582329,0.9866095210421812,0.9742284553002071,0.4641472868217054,0.6261437908496732,0.030894689775582337,0.9957200587910264,0.8341015523052974,0.9452195921075942,82.92771084337349,30.2,1.1516484883206475,False
ref64,2,0,elkan-raw,1,0.5,424,184,74,41114,0.8514056224899599,0.9955445784299481,0.923475100459954,0.6973684210526315,0.7667269439421338,0.006172839506172839,0.9957200587910264,0.8341015523052974,0.9452195921075942,82.92771084337349,30.2,1.1516484883206475,False
ref64,2,0,elkan-raw,2,0.3333333333333333,455,317,43,40981,0.9136546184738956,0.992324083490726,0.9529893509823109,0.5893782383419689,0.7165354330708661,0.00952853832694945,0.9957200587910264,0.8341015523052974,0.9452195921075942,82.92771084337349,30.2,1.1516484883206475,False
ref64,2,0,elkan-raw,5,0.16666666666666666,479,561,19,40737,0.9618473895582329,0.9864158070608746,0.9741315983095538,0.46057692307692305,0.6228868660598179,0.0149812734082397,0.9957200587910264,0.8341015523052974,0.9452195921075942,82.92771084337349,30.2,1.1516484883206475,False
ref64,2,0,elkan-raw,10,0.09090909090909091,487,792,11,40506,0.9779116465863453,0.9808223158506465,0.979366981218496,0.38076622361219703,0.5481148002250985,0.019490902804788452,0.9957200587910264,0.8341015523052974,0.9452195921075942,82.92771084337349,30.2,1.1516484883206475,False
ref64,2,0,elkan-raw,20,0.047619047619047616,492,1109,6,40189,0.9879518072289156,0.9731463993413725,0.9805491032851441,0.30730793254216116,0.4687946641257742,0.02397674509344883,0.9957200587910264,0.8341015523052974,0.9452195921075942,82.92771084337349,30.2,1.1516484883206475,False
ref64,2,0,elkan-raw,50,0.0196078431372549,495,1639,3,39659,0.9939759036144579,0.9603128480798102,0.9771443758471341,0.23195876288659795,0.3761398176291793,0.027024985649113268,0.9957200587910264,0.8341015523052974,0.9452195921075942,82.92771084337349,30.2,1.1516484883206475,False
ref64,2,0,elkan-raw,100,0.009900990099009901,495,2314,3,38984,0.9939759036144579,0.9439682309070657,0.9689720672607618,0.1762192951228195,0.29936498336861206,0.028694373092713343,0.9957200587910264,0.8341015523052974,0.9452195921075942,82.92771084337349,30.2,1.1516484883206475,False
ref64,2,0,elkan-raw,200,0.004975124378109453,496,3250,2,38048,0.9959839357429718,0.9213036950941934,0.9586438154185826,0.13240790176187933,0.23374175306314798,0.0259052648014876,0.9957200587910264,0.8341015523052974,0.9452195921075942,82.92771084337349,30.2,1.1516484883206475,False
ref64,2,0,elkan-cal,1,0.5,424,184,74,41114,0.8514056224899599,0.9955445784299481,0.923475100459954,0.6973684210526315,0.7667269439421338,0.006172839506172839,0.9957200587910264,0.8341015523052974,0.9452195921075942,82.92771084337349,30.2,1.1516484883206475,False
ref64,2,0,elkan-cal,2,0.3333333333333333,458,347,40,40951,0.9196787148594378,0.9915976560608262,0.9556381854601319,0.568944099378882,0.7029930928626247,0.010095994703740483,0.9957200587910264,0.8341015523052974,0.9452195921075942,82.92771084337349,30.2,1.1516484883206475,False
ref64,2,0,elkan-cal,5,0.16666666666666666,485,627,13,40671,0.9738955823293173,0.9848176667150952,0.9793566245222063,0.43615107913669066,0.6024844720496895,0.015803416461130905,0.9957200587910264,0.8341015523052974,0.9452195921075942,82.92771084337349,30.2,1.1516484883206475,False
ref64,2,0,elkan-cal,10,0.09090909090909091,490,934,8,40364,0.9839357429718876,0.9773838926824544,0.980659817827171,0.3441011235955056,0.5098855359001041,0.021911059250615844,0.9957200587910264,0.8341015523052974,0.9452195921075942,82.92771084337349,30.2,1.1516484883206475,False
ref64,2,0,elkan-cal,20,0.047619047619047616,494,1347,4,39951,0.9919678714859438,0.9673834083975011,0.9796756399417225,0.26833242802824553,0.42240273621205643,0.027839556752116742,0.9957200587910264,0.8341015523052974,0.9452195921075942,82.92771084337349,30.2,1.1516484883206475,False
ref64,2,0,elkan-cal,50,0.0196078431372549,495,2171,3,39127,0.9939759036144579,0.9474308683229212,0.9707033859686895,0.18567141785446362,0.31289506953223767,0.03506148222000665,0.9957200587910264,0.8341015523052974,0.9452195921075942,82.92771084337349,30.2,1.1516484883206475,False
ref64,2,0,elkan-cal,100,0.009900990099009901,496,3254,2,38044,0.9959839357429718,0.9212068381035401,0.958595386923256,0.13226666666666667,0.2335216572504708,0.03791521218907111,0.9957200587910264,0.8341015523052974,0.9452195921075942,82.92771084337349,30.2,1.1516484883206475,False
ref64,2,0,elkan-cal,200,0.004975124378109453,496,5081,2,36217,0.9959839357429718,0.8769674076226451,0.9364756716828084,0.08893670432131971,0.16329218106995885,0.03890048119916535,0.9957200587910264,0.8341015523052974,0.9452195921075942,82.92771084337349,30.2,1.1516484883206475,False
ref64,2,0,val-cost,1,0.48519962118340587,426,197,72,41101,0.8554216867469879,0.995229793210325,0.9253257399786565,0.6837881219903692,0.760035682426405,0.006436022585893387,0.9957200587910264,0.8341015523052974,0.9452195921075942,82.92771084337349,30.2,1.1516484883206475,False
ref64,2,0,val-cost,2,0.17325928433594634,478,550,20,40748,0.9598393574297188,0.9866821637851712,0.973260760607445,0.4649805447470817,0.6264744429882044,0.013949969262779591,0.9957200587910264,0.8341015523052974,0.9452195921075942,82.92771084337349,30.2,1.1516484883206475,False
ref64,2,0,val-cost,5,0.17325928433594634,478,550,20,40748,0.9598393574297188,0.9866821637851712,0.973260760607445,0.4649805447470817,0.6264744429882044,0.014844249566091167,0.9957200587910264,0.8341015523052974,0.9452195921075942,82.92771084337349,30.2,1.1516484883206475,False
ref64,2,0,val-cost,10,0.17325928433594634,478,550,20,40748,0.9598393574297188,0.9866821637851712,0.973260760607445,0.4649805447470817,0.6264744429882044,0.016206404771165566,0.9957200587910264,0.8341015523052974,0.9452195921075942,82.92771084337349,30.2,1.1516484883206475,False
ref64,2,0,val-cost,20,0.17325928433594634,478,550,20,40748,0.9598393574297188,0.9866821637851712,0.973260760607445,0.4649805447470817,0.6264744429882044,0.018533692301689494,0.9957200587910264,0.8341015523052974,0.9452195921075942,82.92771084337349,30.2,1.1516484883206475,False
ref64,2,0,val-cost,50,0.17325928433594634,478,550,20,40748,0.9598393574297188,0.9866821637851712,0.973260760607445,0.4649805447470817,0.6264744429882044,0.023414604670835976,0.9957200587910264,0.8341015523052974,0.9452195921075942,82.92771084337349,30.2,1.1516484883206475,False
ref64,2,0,val-cost,100,0.17325928433594634,478,550,20,40748,0.9598393574297188,0.9866821637851712,0.973260760607445,0.4649805447470817,0.6264744429882044,0.027991832971086084,0.9957200587910264,0.8341015523052974,0.9452195921075942,82.92771084337349,30.2,1.1516484883206475,False
ref64,2,0,val-cost,200,0.17325928433594634,478,550,20,40748,0.9598393574297188,0.9866821637851712,0.973260760607445,0.4649805447470817,0.6264744429882044,0.032292864341580435,0.9957200587910264,0.8341015523052974,0.9452195921075942,82.92771084337349,30.2,1.1516484883206475,False
ref64,2,0,oracle,1,0.7128825485706329,355,83,143,41215,0.7128514056224899,0.997990217443944,0.8554208115332169,0.8105022831050228,0.7585470085470085,0.005407216001531247,0.9957200587910264,0.8341015523052974,0.9452195921075942,82.92771084337349,30.2,1.1516484883206475,False
ref64,2,0,oracle,2,0.5034451484680176,424,181,74,41117,0.8514056224899599,0.9956172211729382,0.9235114218314491,0.7008264462809918,0.7688123300090662,0.007778881165177094,0.9957200587910264,0.8341015523052974,0.9452195921075942,82.92771084337349,30.2,1.1516484883206475,False
ref64,2,0,oracle,5,0.3597252517938614,453,285,45,41013,0.9096385542168675,0.9930989394159524,0.9513687468164099,0.6138211382113821,0.7330097087378641,0.011647026582625376,0.9957200587910264,0.8341015523052974,0.9452195921075942,82.92771084337349,30.2,1.1516484883206475,False
ref64,2,0,oracle,10,0.21788062155246735,476,449,22,40849,0.9558232931726908,0.989127802799167,0.9724755479859288,0.5145945945945946,0.6690091356289529,0.014456113055879684,0.9957200587910264,0.8341015523052974,0.9452195921075942,82.92771084337349,30.2,1.1516484883206475,False
ref64,2,0,oracle,20,0.13828552514314651,485,618,13,40680,0.9738955823293173,0.9850355949440651,0.9794655886366912,0.4397098821396192,0.6058713304184884,0.017129033516719343,0.9957200587910264,0.8341015523052974,0.9452195921075942,82.92771084337349,30.2,1.1516484883206475,False
ref64,2,0,oracle,50,0.11006532609462738,487,710,11,40588,0.9779116465863453,0.9828078841590392,0.9803597653726923,0.4068504594820384,0.5746312684365782,0.019033807667905373,0.9957200587910264,0.8341015523052974,0.9452195921075942,82.92771084337349,30.2,1.1516484883206475,False
ref64,2,0,oracle,100,0.036483284085989,494,1246,4,40052,0.9919678714859438,0.9698290474114969,0.9808984594487203,0.28390804597701147,0.44146559428060766,0.018068453753101055,0.9957200587910264,0.8341015523052974,0.9452195921075942,82.92771084337349,30.2,1.1516484883206475,False
ref64,2,0,oracle,200,0.02649788837879896,495,1438,3,39860,0.9939759036144579,0.9651799118601385,0.9795779077372981,0.256078634247284,0.4072398190045249,0.014464364291899104,0.9957200587910264,0.8341015523052974,0.9452195921075942,82.92771084337349,30.2,1.1516484883206475,False
ref64,3,0,0.5,1,0.5,1764,2244,44,44089,0.9756637168141593,0.951567996892064,0.9636158568531117,0.44011976047904194,0.6066024759284732,0.047527055939843375,0.9887161898312504,0.784827573715658,0.8888550449239241,25.6266592920354,5.104395604395604,0.9184628440605813,False
ref64,3,0,0.5,2,0.5,1764,2244,44,44089,0.9756637168141593,0.951567996892064,0.9636158568531117,0.44011976047904194,0.6066024759284732,0.04668762137380128,0.9887161898312504,0.784827573715658,0.8888550449239241,25.6266592920354,5.104395604395604,0.9184628440605813,False
ref64,3,0,0.5,5,0.5,1764,2244,44,44089,0.9756637168141593,0.951567996892064,0.9636158568531117,0.44011976047904194,0.6066024759284732,0.04449822115471439,0.9887161898312504,0.784827573715658,0.8888550449239241,25.6266592920354,5.104395604395604,0.9184628440605813,False
ref64,3,0,0.5,10,0.5,1764,2244,44,44089,0.9756637168141593,0.951567996892064,0.9636158568531117,0.44011976047904194,0.6066024759284732,0.04166860726871905,0.9887161898312504,0.784827573715658,0.8888550449239241,25.6266592920354,5.104395604395604,0.9184628440605813,False
ref64,3,0,0.5,20,0.5,1764,2244,44,44089,0.9756637168141593,0.951567996892064,0.9636158568531117,0.44011976047904194,0.6066024759284732,0.03786987986859491,0.9887161898312504,0.784827573715658,0.8888550449239241,25.6266592920354,5.104395604395604,0.9184628440605813,False
ref64,3,0,0.5,50,0.5,1764,2244,44,44089,0.9756637168141593,0.951567996892064,0.9636158568531117,0.44011976047904194,0.6066024759284732,0.032501298150409925,0.9887161898312504,0.784827573715658,0.8888550449239241,25.6266592920354,5.104395604395604,0.9184628440605813,False
ref64,3,0,0.5,100,0.5,1764,2244,44,44089,0.9756637168141593,0.951567996892064,0.9636158568531117,0.44011976047904194,0.6066024759284732,0.029251583873765592,0.9887161898312504,0.784827573715658,0.8888550449239241,25.6266592920354,5.104395604395604,0.9184628440605813,False
ref64,3,0,0.5,200,0.5,1764,2244,44,44089,0.9756637168141593,0.951567996892064,0.9636158568531117,0.44011976047904194,0.6066024759284732,0.02707307327428769,0.9887161898312504,0.784827573715658,0.8888550449239241,25.6266592920354,5.104395604395604,0.9184628440605813,False
ref64,3,0,val-Youden,1,0.0915937568360382,1782,3821,26,42512,0.9856194690265486,0.9175317808041784,0.9515756249153635,0.3180439050508656,0.4809067602212927,0.07991109449325938,0.9887161898312504,0.784827573715658,0.8888550449239241,25.6266592920354,5.104395604395604,0.9184628440605813,False
ref64,3,0,val-Youden,2,0.0915937568360382,1782,3821,26,42512,0.9856194690265486,0.9175317808041784,0.9515756249153635,0.3180439050508656,0.4809067602212927,0.0775390898716691,0.9887161898312504,0.784827573715658,0.8888550449239241,25.6266592920354,5.104395604395604,0.9184628440605813,False
ref64,3,0,val-Youden,5,0.0915937568360382,1782,3821,26,42512,0.9856194690265486,0.9175317808041784,0.9515756249153635,0.3180439050508656,0.4809067602212927,0.0713524641973525,0.9887161898312504,0.784827573715658,0.8888550449239241,25.6266592920354,5.104395604395604,0.9184628440605813,False
ref64,3,0,val-Youden,10,0.0915937568360382,1782,3821,26,42512,0.9856194690265486,0.9175317808041784,0.9515756249153635,0.3180439050508656,0.4809067602212927,0.06335677580612609,0.9887161898312504,0.784827573715658,0.8888550449239241,25.6266592920354,5.104395604395604,0.9184628440605813,False
ref64,3,0,val-Youden,20,0.0915937568360382,1782,3821,26,42512,0.9856194690265486,0.9175317808041784,0.9515756249153635,0.3180439050508656,0.4809067602212927,0.05262264677002897,0.9887161898312504,0.784827573715658,0.8888550449239241,25.6266592920354,5.104395604395604,0.9184628440605813,False
ref64,3,0,val-Youden,50,0.0915937568360382,1782,3821,26,42512,0.9856194690265486,0.9175317808041784,0.9515756249153635,0.3180439050508656,0.4809067602212927,0.037452553516707746,0.9887161898312504,0.784827573715658,0.8888550449239241,25.6266592920354,5.104395604395604,0.9184628440605813,False
ref64,3,0,val-Youden,100,0.0915937568360382,1782,3821,26,42512,0.9856194690265486,0.9175317808041784,0.9515756249153635,0.3180439050508656,0.4809067602212927,0.028269780260904404,0.9887161898312504,0.784827573715658,0.8888550449239241,25.6266592920354,5.104395604395604,0.9184628440605813,False
ref64,3,0,val-Youden,200,0.0915937568360382,1782,3821,26,42512,0.9856194690265486,0.9175317808041784,0.9515756249153635,0.3180439050508656,0.4809067602212927,0.022113925571110943,0.9887161898312504,0.784827573715658,0.8888550449239241,25.6266592920354,5.104395604395604,0.9184628440605813,False
ref64,3,0,elkan-raw,1,0.5,1764,2244,44,44089,0.9756637168141593,0.951567996892064,0.9636158568531117,0.44011976047904194,0.6066024759284732,0.047527055939843375,0.9887161898312504,0.784827573715658,0.8888550449239241,25.6266592920354,5.104395604395604,0.9184628440605813,False
ref64,3,0,elkan-raw,2,0.3333333333333333,1769,2586,39,43747,0.978429203539823,0.9441866488248117,0.9613079261823174,0.40619977037887484,0.5740710692844394,0.053334401089110896,0.9887161898312504,0.784827573715658,0.8888550449239241,25.6266592920354,5.104395604395604,0.9184628440605813,False
ref64,3,0,elkan-raw,5,0.16666666666666666,1776,3223,32,43110,0.9823008849557522,0.9304383484773272,0.9563696167165396,0.35527105421084215,0.5218157778757162,0.06109475737272678,0.9887161898312504,0.784827573715658,0.8888550449239241,25.6266592920354,5.104395604395604,0.9184628440605813,False
ref64,3,0,elkan-raw,10,0.09090909090909091,1782,3831,26,42502,0.9856194690265486,0.9173159519133232,0.9514677104699358,0.3174772848743987,0.4802587252391861,0.06351202397031655,0.9887161898312504,0.784827573715658,0.8888550449239241,25.6266592920354,5.104395604395604,0.9184628440605813,False
ref64,3,0,elkan-raw,20,0.047619047619047616,1784,4656,24,41677,0.9867256637168141,0.8995100684177584,0.9431178660672863,0.27701863354037265,0.4325897187196896,0.06225982810662723,0.9887161898312504,0.784827573715658,0.8888550449239241,25.6266592920354,5.104395604395604,0.9184628440605813,False
ref64,3,0,elkan-raw,50,0.0196078431372549,1786,6008,22,40325,0.9878318584070797,0.8703300023741178,0.9290809303905987,0.22915062868873493,0.3720058321183087,0.05198452458440903,0.9887161898312504,0.784827573715658,0.8888550449239241,25.6266592920354,5.104395604395604,0.9184628440605813,False
ref64,3,0,elkan-raw,100,0.009900990099009901,1790,7276,18,39057,0.9900442477876106,0.842962899013662,0.9165035734006363,0.19744098830796383,0.3292256759242229,0.0399589667727719,0.9887161898312504,0.784827573715658,0.8888550449239241,25.6266592920354,5.104395604395604,0.9184628440605813,False
ref64,3,0,elkan-raw,200,0.004975124378109453,1796,8790,12,37543,0.9933628318584071,0.8102864049381651,0.9018246183982861,0.1696580389193274,0.2898176537034049,0.02743097518465042,0.9887161898312504,0.784827573715658,0.8888550449239241,25.6266592920354,5.104395604395604,0.9184628440605813,False
ref64,3,0,elkan-cal,1,0.5,1764,2244,44,44089,0.9756637168141593,0.951567996892064,0.9636158568531117,0.44011976047904194,0.6066024759284732,0.047527055939843375,0.9887161898312504,0.784827573715658,0.8888550449239241,25.6266592920354,5.104395604395604,0.9184628440605813,False
ref64,3,0,elkan-cal,2,0.3333333333333333,1769,2553,39,43780,0.978429203539823,0.9448988841646343,0.9616640438522286,0.4093012494215641,0.5771615008156606,0.05267372720174578,0.9887161898312504,0.784827573715658,0.8888550449239241,25.6266592920354,5.104395604395604,0.9184628440605813,False
ref64,3,0,elkan-cal,5,0.16666666666666666,1776,3135,32,43198,0.9823008849557522,0.932337642716854,0.9573192638363031,0.36163714111178985,0.5286500967405864,0.05950553518862984,0.9887161898312504,0.784827573715658,0.8888550449239241,25.6266592920354,5.104395604395604,0.9184628440605813,False
ref64,3,0,elkan-cal,10,0.09090909090909091,1782,3688,26,42645,0.9856194690265486,0.9204023050525544,0.9530108870395515,0.32577696526508226,0.4896949711459192,0.061291975222393,0.9887161898312504,0.784827573715658,0.8888550449239241,25.6266592920354,5.104395604395604,0.9184628440605813,False
ref64,3,0,elkan-cal,20,0.047619047619047616,1782,4341,26,41992,0.9856194690265486,0.9063086784797013,0.945964073753125,0.29103380695737385,0.44937586685159503,0.05892621192101148,0.9887161898312504,0.784827573715658,0.8888550449239241,25.6266592920354,5.104395604395604,0.9184628440605813,False
ref64,3,0,elkan-cal,50,0.0196078431372549,1786,5500,22,40833,0.9878318584070797,0.8812941100295686,0.9345629842183241,0.24512764205325283,0.39278645260611394,0.04826925467882662,0.9887161898312504,0.784827573715658,0.8888550449239241,25.6266592920354,5.104395604395604,0.9184628440605813,False
ref64,3,0,elkan-cal,100,0.009900990099009901,1786,6561,22,39772,0.9878318584070797,0.8583946647098181,0.9231132615584489,0.21396909069126632,0.3517479074347612,0.03857211413577067,0.9887161898312504,0.784827573715658,0.8888550449239241,25.6266592920354,5.104395604395604,0.9184628440605813,False
ref64,3,0,elkan-cal,200,0.004975124378109453,1792,7823,16,38510,0.9911504424778761,0.8311570586838755,0.9111537505808758,0.18637545501820074,0.31375295456535063,0.0270215942323862,0.9887161898312504,0.784827573715658,0.8888550449239241,25.6266592920354,5.104395604395604,0.9184628440605813,False
ref64,3,0,val-cost,1,0.1739804980606498,1776,3187,32,43146,0.9823008849557522,0.9312153324844064,0.9567581087200793,0.35784807576062866,0.5245901639344263,0.06686608088739328,0.9887161898312504,0.784827573715658,0.8888550449239241,25.6266592920354,5.104395604395604,0.9184628440605813,False
ref64,3,0,val-cost,2,0.09212871180614818,1782,3811,26,42522,0.9856194690265486,0.9177476096950338,0.9516835393607912,0.3186125514035401,0.48155654641264695,0.07733888566337664,0.9887161898312504,0.784827573715658,0.8888550449239241,25.6266592920354,5.104395604395604,0.9184628440605813,False
ref64,3,0,val-cost,5,0.09212871180614818,1782,3811,26,42522,0.9856194690265486,0.9177476096950338,0.9516835393607912,0.3186125514035401,0.48155654641264695,0.07117187076734148,0.9887161898312504,0.784827573715658,0.8888550449239241,25.6266592920354,5.104395604395604,0.9184628440605813,False
ref64,3,0,val-cost,10,0.09212871180614818,1782,3811,26,42522,0.9856194690265486,0.9177476096950338,0.9516835393607912,0.3186125514035401,0.48155654641264695,0.06320152764193564,0.9887161898312504,0.784827573715658,0.8888550449239241,25.6266592920354,5.104395604395604,0.9184628440605813,False
ref64,3,0,val-cost,20,0.09212871180614818,1782,3811,26,42522,0.9856194690265486,0.9177476096950338,0.9516835393607912,0.3186125514035401,0.48155654641264695,0.05250142436327931,0.9887161898312504,0.784827573715658,0.8888550449239241,25.6266592920354,5.104395604395604,0.9184628440605813,False
ref64,3,0,val-cost,50,0.09212871180614818,1782,3811,26,42522,0.9856194690265486,0.9177476096950338,0.9516835393607912,0.3186125514035401,0.48155654641264695,0.03737941828234589,0.9887161898312504,0.784827573715658,0.8888550449239241,25.6266592920354,5.104395604395604,0.9184628440605813,False
ref64,3,0,val-cost,100,0.09212871180614818,1782,3811,26,42522,0.9856194690265486,0.9177476096950338,0.9516835393607912,0.3186125514035401,0.48155654641264695,0.028225753193063096,0.9887161898312504,0.784827573715658,0.8888550449239241,25.6266592920354,5.104395604395604,0.9184628440605813,False
ref64,3,0,val-cost,200,0.09212871180614818,1782,3811,26,42522,0.9856194690265486,0.9177476096950338,0.9516835393607912,0.3186125514035401,0.48155654641264695,0.022089411741634042,0.9887161898312504,0.784827573715658,0.8888550449239241,25.6266592920354,5.104395604395604,0.9184628440605813,False
ref64,3,0,oracle,1,0.9972779750823975,1432,536,376,45797,0.7920353982300885,0.9884315714501544,0.8902334848401214,0.7276422764227642,0.7584745762711864,0.018944350969028478,0.9887161898312504,0.784827573715658,0.8888550449239241,25.6266592920354,5.104395604395604,0.9184628440605813,False
ref64,3,0,oracle,2,0.9934192001819611,1603,747,205,45586,0.8866150442477876,0.9838775818531068,0.9352463130504471,0.6821276595744681,0.7710437710437711,0.023163626899437427,0.9887161898312504,0.784827573715658,0.8888550449239241,25.6266592920354,5.104395604395604,0.9184628440605813,False
ref64,3,0,oracle,5,0.9768292009830475,1712,1073,96,45260,0.9469026548672567,0.9768415600112231,0.9618721074392399,0.614721723518851,0.7454822556063575,0.028046159680710815,0.9887161898312504,0.784827573715658,0.8888550449239241,25.6266592920354,5.104395604395604,0.9184628440605813,False
ref64,3,0,oracle,10,0.9693139791488647,1723,1151,85,45182,0.9529867256637168,0.9751580946625515,0.9640724101631342,0.5995128740431455,0.7360102520290475,0.031065157654510737,0.9887161898312504,0.784827573715658,0.8888550449239241,25.6266592920354,5.104395604395604,0.9184628440605813,False
ref64,3,0,oracle,20,0.9186800122261047,1746,1417,62,44916,0.9657079646017699,0.9694170461657997,0.9675625053837849,0.5520075877331647,0.7024743512371756,0.03220879347338562,0.9887161898312504,0.784827573715658,0.8888550449239241,25.6266592920354,5.104395604395604,0.9184628440605813,False
ref64,3,0,oracle,50,0.672853022813797,1763,1964,45,44369,0.9751106194690266,0.9576112058360132,0.9663609126525199,0.473034612288704,0.6370370370370371,0.03081918776008718,0.9887161898312504,0.784827573715658,0.8888550449239241,25.6266592920354,5.104395604395604,0.9184628440605813,False
ref64,3,0,oracle,100,0.2308657169342041,1776,2904,32,43429,0.9823008849557522,0.9373232900956122,0.9598120875256821,0.37948717948717947,0.5474722564734895,0.026874122210334913,0.9887161898312504,0.784827573715658,0.8888550449239241,25.6266592920354,5.104395604395604,0.9184628440605813,False
ref64,3,0,oracle,200,0.11137204989790916,1782,3640,26,42693,0.9856194690265486,0.9214382837286599,0.9535288763776042,0.3286610106971597,0.49294605809128633,0.021670225257579064,0.9887161898312504,0.784827573715658,0.8888550449239241,25.6266592920354,5.104395604395604,0.9184628440605813,False
ref64,4,0,0.5,1,0.5,163,779,14,31111,0.9209039548022598,0.9755722797115083,0.9482381172568841,0.173036093418259,0.291331546023235,0.0247294726666043,0.9894504945495906,0.6412939449805962,0.8571679130060434,180.16949152542372,46.89473684210526,0.7342366240264915,False
ref64,4,0,0.5,2,0.5,163,779,14,31111,0.9209039548022598,0.9755722797115083,0.9482381172568841,0.173036093418259,0.291331546023235,0.02502791216970599,0.9894504945495906,0.6412939449805962,0.8571679130060434,180.16949152542372,46.89473684210526,0.7342366240264915,False
ref64,4,0,0.5,5,0.5,163,779,14,31111,0.9209039548022598,0.9755722797115083,0.9482381172568841,0.173036093418259,0.291331546023235,0.025903890160183067,0.9894504945495906,0.6412939449805962,0.8571679130060434,180.16949152542372,46.89473684210526,0.7342366240264915,False
ref64,4,0,0.5,10,0.5,163,779,14,31111,0.9209039548022598,0.9755722797115083,0.9482381172568841,0.173036093418259,0.291331546023235,0.02730243612596554,0.9894504945495906,0.6412939449805962,0.8571679130060434,180.16949152542372,46.89473684210526,0.7342366240264915,False
ref64,4,0,0.5,20,0.5,163,779,14,31111,0.9209039548022598,0.9755722797115083,0.9482381172568841,0.173036093418259,0.291331546023235,0.029889923793395428,0.9894504945495906,0.6412939449805962,0.8571679130060434,180.16949152542372,46.89473684210526,0.7342366240264915,False
ref64,4,0,0.5,50,0.5,163,779,14,31111,0.9209039548022598,0.9755722797115083,0.9482381172568841,0.173036093418259,0.291331546023235,0.03630338733431517,0.9894504945495906,0.6412939449805962,0.8571679130060434,180.16949152542372,46.89473684210526,0.7342366240264915,False
ref64,4,0,0.5,100,0.5,163,779,14,31111,0.9209039548022598,0.9755722797115083,0.9482381172568841,0.173036093418259,0.291331546023235,0.04394031054648115,0.9894504945495906,0.6412939449805962,0.8571679130060434,180.16949152542372,46.89473684210526,0.7342366240264915,False
ref64,4,0,0.5,200,0.5,163,779,14,31111,0.9209039548022598,0.9755722797115083,0.9482381172568841,0.173036093418259,0.291331546023235,0.05318769505127062,0.9894504945495906,0.6412939449805962,0.8571679130060434,180.16949152542372,46.89473684210526,0.7342366240264915,False
ref64,4,0,val-Youden,1,0.5554073954115529,160,660,17,31230,0.903954802259887,0.9793038570084666,0.9416293296341768,0.1951219512195122,0.320962888665998,0.021112046652321702,0.9894504945495906,0.6412939449805962,0.8571679130060434,180.16949152542372,46.89473684210526,0.7342366240264915,False
ref64,4,0,val-Youden,2,0.5554073954115529,160,660,17,31230,0.903954802259887,0.9793038570084666,0.9416293296341768,0.1951219512195122,0.320962888665998,0.02152338419550924,0.9894504945495906,0.6412939449805962,0.8571679130060434,180.16949152542372,46.89473684210526,0.7342366240264915,False
ref64,4,0,val-Youden,5,0.5554073954115529,160,660,17,31230,0.903954802259887,0.9793038570084666,0.9416293296341768,0.1951219512195122,0.320962888665998,0.02273073989321129,0.9894504945495906,0.6412939449805962,0.8571679130060434,180.16949152542372,46.89473684210526,0.7342366240264915,False
ref64,4,0,val-Youden,10,0.5554073954115529,160,660,17,31230,0.903954802259887,0.9793038570084666,0.9416293296341768,0.1951219512195122,0.320962888665998,0.024658348187759953,0.9894504945495906,0.6412939449805962,0.8571679130060434,180.16949152542372,46.89473684210526,0.7342366240264915,False
ref64,4,0,val-Youden,20,0.5554073954115529,160,660,17,31230,0.903954802259887,0.9793038570084666,0.9416293296341768,0.1951219512195122,0.320962888665998,0.028224668360146768,0.9894504945495906,0.6412939449805962,0.8571679130060434,180.16949152542372,46.89473684210526,0.7342366240264915,False
ref64,4,0,val-Youden,50,0.5554073954115529,160,660,17,31230,0.903954802259887,0.9793038570084666,0.9416293296341768,0.1951219512195122,0.320962888665998,0.03706431026018655,0.9894504945495906,0.6412939449805962,0.8571679130060434,180.16949152542372,46.89473684210526,0.7342366240264915,False
ref64,4,0,val-Youden,100,0.5554073954115529,160,660,17,31230,0.903954802259887,0.9793038570084666,0.9416293296341768,0.1951219512195122,0.320962888665998,0.04759023996773543,0.9894504945495906,0.6412939449805962,0.8571679130060434,180.16949152542372,46.89473684210526,0.7342366240264915,False
ref64,4,0,val-Youden,200,0.5554073954115529,160,660,17,31230,0.903954802259887,0.9793038570084666,0.9416293296341768,0.1951219512195122,0.320962888665998,0.060335859711695645,0.9894504945495906,0.6412939449805962,0.8571679130060434,180.16949152542372,46.89473684210526,0.7342366240264915,False
ref64,4,0,elkan-raw,1,0.5,163,779,14,31111,0.9209039548022598,0.9755722797115083,0.9482381172568841,0.173036093418259,0.291331546023235,0.0247294726666043,0.9894504945495906,0.6412939449805962,0.8571679130060434,180.16949152542372,46.89473684210526,0.7342366240264915,False
ref64,4,0,elkan-raw,2,0.3333333333333333,170,1298,7,30592,0.96045197740113,0.9592975854499843,0.9598747814255572,0.11580381471389646,0.2066869300911854,0.040689740726956955,0.9894504945495906,0.6412939449805962,0.8571679130060434,180.16949152542372,46.89473684210526,0.7342366240264915,False
ref64,4,0,elkan-raw,5,0.16666666666666666,171,2198,6,29692,0.9661016949152542,0.9310755722797115,0.9485886335974829,0.07218235542422963,0.13432835820895522,0.06797864225781845,0.9894504945495906,0.6412939449805962,0.8571679130060434,180.16949152542372,46.89473684210526,0.7342366240264915,False
ref64,4,0,elkan-raw,10,0.09090909090909091,174,3008,3,28882,0.9830508474576272,0.905675760426466,0.9443633039420466,0.054682589566310495,0.10360226257814825,0.09025549613784908,0.9894504945495906,0.6412939449805962,0.8571679130060434,180.16949152542372,46.89473684210526,0.7342366240264915,False
ref64,4,0,elkan-raw,20,0.047619047619047616,174,4034,3,27856,0.9830508474576272,0.873502665412355,0.9282767564349911,0.04134980988593156,0.07936145952109463,0.11555179226644087,0.9894504945495906,0.6412939449805962,0.8571679130060434,180.16949152542372,46.89473684210526,0.7342366240264915,False
ref64,4,0,elkan-raw,50,0.0196078431372549,174,5700,3,26190,0.9830508474576272,0.8212605832549389,0.902155715356283,0.0296220633299285,0.05751115518096182,0.14359351988217967,0.9894504945495906,0.6412939449805962,0.8571679130060434,180.16949152542372,46.89473684210526,0.7342366240264915,False
ref64,4,0,elkan-raw,100,0.009900990099009901,175,7226,2,24664,0.9887005649717514,0.7734085920351207,0.881054578503436,0.023645453317119307,0.046186328846661386,0.14974793305101836,0.9894504945495906,0.6412939449805962,0.8571679130060434,180.16949152542372,46.89473684210526,0.7342366240264915,False
ref64,4,0,elkan-raw,200,0.004975124378109453,176,9337,1,22553,0.9943502824858758,0.7072122922546252,0.8507812873702505,0.018500998633448965,0.03632610939112487,0.1417298261257245,0.9894504945495906,0.6412939449805962,0.8571679130060434,180.16949152542372,46.89473684210526,0.7342366240264915,False
ref64,4,0,elkan-cal,1,0.5,163,779,14,31111,0.9209039548022598,0.9755722797115083,0.9482381172568841,0.173036093418259,0.291331546023235,0.0247294726666043,0.9894504945495906,0.6412939449805962,0.8571679130060434,180.16949152542372,46.89473684210526,0.7342366240264915,False
ref64,4,0,elkan-cal,2,0.3333333333333333,170,1157,7,30733,0.96045197740113,0.9637190341799937,0.9620855057905618,0.1281085154483798,0.22606382978723405,0.0363168341396849,0.9894504945495906,0.6412939449805962,0.8571679130060434,180.16949152542372,46.89473684210526,0.7342366240264915,False
ref64,4,0,elkan-cal,5,0.16666666666666666,171,1737,6,30153,0.9661016949152542,0.9455315145813735,0.9558166047483139,0.08962264150943396,0.16402877697841728,0.05391304347826087,0.9894504945495906,0.6412939449805962,0.8571679130060434,180.16949152542372,46.89473684210526,0.7342366240264915,False
ref64,4,0,elkan-cal,10,0.09090909090909091,173,2287,4,29603,0.9774011299435028,0.9282847287550956,0.9528429293492993,0.07032520325203252,0.13120970800151688,0.06913250148544266,0.9894504945495906,0.6412939449805962,0.8571679130060434,180.16949152542372,46.89473684210526,0.7342366240264915,False
ref64,4,0,elkan-cal,20,0.047619047619047616,174,2868,3,29022,0.9830508474576272,0.9100658513640639,0.9465583494108456,0.05719921104536489,0.10810810810810811,0.08264182895850974,0.9894504945495906,0.6412939449805962,0.8571679130060434,180.16949152542372,46.89473684210526,0.7342366240264915,False
ref64,4,0,elkan-cal,50,0.0196078431372549,174,3849,3,28041,0.9830508474576272,0.8793038570084666,0.9311773522330469,0.04325130499627144,0.08285714285714285,0.09815905743740795,0.9894504945495906,0.6412939449805962,0.8571679130060434,180.16949152542372,46.89473684210526,0.7342366240264915,False
ref64,4,0,elkan-cal,100,0.009900990099009901,174,4698,3,27192,0.9830508474576272,0.852681091251176,0.9178659693544016,0.03571428571428571,0.0689245395127748,0.10078644888082275,0.9894504945495906,0.6412939449805962,0.8571679130060434,180.16949152542372,46.89473684210526,0.7342366240264915,False
ref64,4,0,elkan-cal,200,0.004975124378109453,174,5642,3,26248,0.9830508474576272,0.8230793352148009,0.903065091336214,0.029917469050894086,0.05806774570332054,0.09276266904443453,0.9894504945495906,0.6412939449805962,0.8571679130060434,180.16949152542372,46.89473684210526,0.7342366240264915,False
ref64,4,0,val-cost,1,0.675786070729266,154,396,23,31494,0.8700564971751412,0.9875823142050799,0.9288194056901106,0.28,0.4236588720770289,0.013066392241244893,0.9894504945495906,0.6412939449805962,0.8571679130060434,180.16949152542372,46.89473684210526,0.7342366240264915,False
ref64,4,0,val-cost,2,0.675786070729266,154,396,23,31494,0.8700564971751412,0.9875823142050799,0.9288194056901106,0.28,0.4236588720770289,0.013707976677831534,0.9894504945495906,0.6412939449805962,0.8571679130060434,180.16949152542372,46.89473684210526,0.7342366240264915,False
ref64,4,0,val-cost,5,0.5554016371867319,160,660,17,31230,0.903954802259887,0.9793038570084666,0.9416293296341768,0.1951219512195122,0.320962888665998,0.02273073989321129,0.9894504945495906,0.6412939449805962,0.8571679130060434,180.16949152542372,46.89473684210526,0.7342366240264915,False
ref64,4,0,val-cost,10,0.5554016371867319,160,660,17,31230,0.903954802259887,0.9793038570084666,0.9416293296341768,0.1951219512195122,0.320962888665998,0.024658348187759953,0.9894504945495906,0.6412939449805962,0.8571679130060434,180.16949152542372,46.89473684210526,0.7342366240264915,False
ref64,4,0,val-cost,20,0.5554016371867319,160,660,17,31230,0.903954802259887,0.9793038570084666,0.9416293296341768,0.1951219512195122,0.320962888665998,0.028224668360146768,0.9894504945495906,0.6412939449805962,0.8571679130060434,180.16949152542372,46.89473684210526,0.7342366240264915,False
ref64,4,0,val-cost,50,0.5554016371867319,160,660,17,31230,0.903954802259887,0.9793038570084666,0.9416293296341768,0.1951219512195122,0.320962888665998,0.03706431026018655,0.9894504945495906,0.6412939449805962,0.8571679130060434,180.16949152542372,46.89473684210526,0.7342366240264915,False
ref64,4,0,val-cost,100,0.5554016371867319,160,660,17,31230,0.903954802259887,0.9793038570084666,0.9416293296341768,0.1951219512195122,0.320962888665998,0.04759023996773543,0.9894504945495906,0.6412939449805962,0.8571679130060434,180.16949152542372,46.89473684210526,0.7342366240264915,False
ref64,4,0,val-cost,200,0.5554016371867319,160,660,17,31230,0.903954802259887,0.9793038570084666,0.9416293296341768,0.1951219512195122,0.320962888665998,0.060335859711695645,0.9894504945495906,0.6412939449805962,0.8571679130060434,180.16949152542372,46.89473684210526,0.7342366240264915,False
ref64,4,0,oracle,1,0.9289186596870422,62,13,115,31877,0.3502824858757062,0.9995923486986517,0.6749374172871789,0.8266666666666667,0.49206349206349204,0.003991642498518726,0.9894504945495906,0.6412939449805962,0.8571679130060434,180.16949152542372,46.89473684210526,0.7342366240264915,False
ref64,4,0,oracle,2,0.839063972234726,130,115,47,31775,0.7344632768361582,0.9963938538726873,0.8654285653544227,0.5306122448979592,0.6161137440758294,0.006481826076169209,0.9894504945495906,0.6412939449805962,0.8571679130060434,180.16949152542372,46.89473684210526,0.7342366240264915,False
ref64,4,0,oracle,5,0.8221509158611298,139,139,38,31751,0.7853107344632768,0.9956412668548135,0.8904760006590451,0.5,0.610989010989011,0.01003813882532418,0.9894504945495906,0.6412939449805962,0.8571679130060434,180.16949152542372,46.89473684210526,0.7342366240264915,False
ref64,4,0,oracle,10,0.7832787036895752,148,204,29,31686,0.8361581920903954,0.9936030103480715,0.9148806012192334,0.42045454545454547,0.5595463137996219,0.014676173499702912,0.9894504945495906,0.6412939449805962,0.8571679130060434,180.16949152542372,46.89473684210526,0.7342366240264915,False
ref64,4,0,oracle,20,0.7832787036895752,148,204,29,31686,0.8361581920903954,0.9936030103480715,0.9148806012192334,0.42045454545454547,0.5595463137996219,0.022128139994355065,0.9894504945495906,0.6412939449805962,0.8571679130060434,180.16949152542372,46.89473684210526,0.7342366240264915,False
ref64,4,0,oracle,50,0.49107013642787933,166,806,11,31084,0.9378531073446328,0.9747256193164001,0.9562893633305165,0.17078189300411523,0.288946910356832,0.03328424153166421,0.9894504945495906,0.6412939449805962,0.8571679130060434,180.16949152542372,46.89473684210526,0.7342366240264915,False
ref64,4,0,oracle,100,0.402239128947258,170,1079,7,30811,0.96045197740113,0.966164941988084,0.963308459694607,0.13610888710968774,0.23842917251051893,0.03587416817906836,0.9894504945495906,0.6412939449805962,0.8571679130060434,180.16949152542372,46.89473684210526,0.7342366240264915,False
ref64,4,0,oracle,200,0.402239128947258,170,1079,7,30811,0.96045197740113,0.966164941988084,0.963308459694607,0.13610888710968774,0.23842917251051893,0.03684054094219052,0.9894504945495906,0.6412939449805962,0.8571679130060434,180.16949152542372,46.89473684210526,0.7342366240264915,False
ref64,5,0,0.5,1,0.5,21,4,20,19323,0.5121951219512195,0.9997930356496093,0.7559940788004145,0.84,0.6363636363636364,0.0012391573729863693,0.9892769750898213,0.7464584487137692,0.8034393941497237,471.390243902439,108.8,0.518389386278398,False
ref64,5,0,0.5,2,0.5,21,4,20,19323,0.5121951219512195,0.9997930356496093,0.7559940788004145,0.84,0.6363636363636364,0.002266989540934618,0.9892769750898213,0.7464584487137692,0.8034393941497237,471.390243902439,108.8,0.518389386278398,False
ref64,5,0,0.5,5,0.5,21,4,20,19323,0.5121951219512195,0.9997930356496093,0.7559940788004145,0.84,0.6363636363636364,0.005324595535531436,0.9892769750898213,0.7464584487137692,0.8034393941497237,471.390243902439,108.8,0.518389386278398,False
ref64,5,0,0.5,10,0.5,21,4,20,19323,0.5121951219512195,0.9997930356496093,0.7559940788004145,0.84,0.6363636363636364,0.0103359173126615,0.9892769750898213,0.7464584487137692,0.8034393941497237,471.390243902439,108.8,0.518389386278398,False
ref64,5,0,0.5,20,0.5,21,4,20,19323,0.5121951219512195,0.9997930356496093,0.7559940788004145,0.84,0.6363636363636364,0.020052613292301583,0.9892769750898213,0.7464584487137692,0.8034393941497237,471.390243902439,108.8,0.518389386278398,False
ref64,5,0,0.5,50,0.5,21,4,20,19323,0.5121951219512195,0.9997930356496093,0.7559940788004145,0.84,0.6363636363636364,0.046966365720166534,0.9892769750898213,0.7464584487137692,0.8034393941497237,471.390243902439,108.8,0.518389386278398,False
ref64,5,0,0.5,100,0.5,21,4,20,19323,0.5121951219512195,0.9997930356496093,0.7559940788004145,0.84,0.6363636363636364,0.08554232296068638,0.9892769750898213,0.7464584487137692,0.8034393941497237,471.390243902439,108.8,0.518389386278398,False
ref64,5,0,0.5,200,0.5,21,4,20,19323,0.5121951219512195,0.9997930356496093,0.7559940788004145,0.84,0.6363636363636364,0.1454571874886475,0.9892769750898213,0.7464584487137692,0.8034393941497237,471.390243902439,108.8,0.518389386278398,False
ref64,5,0,val-Youden,1,0.26370185241751387,31,27,10,19300,0.7560975609756098,0.9986029906348631,0.8773502758052365,0.5344827586206896,0.6262626262626263,0.0019103676166873193,0.9892769750898213,0.7464584487137692,0.8034393941497237,471.390243902439,108.8,0.518389386278398,False
ref64,5,0,val-Youden,2,0.26370185241751387,31,27,10,19300,0.7560975609756098,0.9986029906348631,0.8773502758052365,0.5344827586206896,0.6262626262626263,0.0024215570096347058,0.9892769750898213,0.7464584487137692,0.8034393941497237,471.390243902439,108.8,0.518389386278398,False
ref64,5,0,val-Youden,5,0.26370185241751387,31,27,10,19300,0.7560975609756098,0.9986029906348631,0.8773502758052365,0.5344827586206896,0.6262626262626263,0.003942248617653082,0.9892769750898213,0.7464584487137692,0.8034393941497237,471.390243902439,108.8,0.518389386278398,False
ref64,5,0,val-Youden,10,0.26370185241751387,31,27,10,19300,0.7560975609756098,0.9986029906348631,0.8773502758052365,0.5344827586206896,0.6262626262626263,0.006434615189745149,0.9892769750898213,0.7464584487137692,0.8034393941497237,471.390243902439,108.8,0.518389386278398,False
ref64,5,0,val-Youden,20,0.26370185241751387,31,27,10,19300,0.7560975609756098,0.9986029906348631,0.8773502758052365,0.5344827586206896,0.6262626262626263,0.011267186181565494,0.9892769750898213,0.7464584487137692,0.8034393941497237,471.390243902439,108.8,0.518389386278398,False
ref64,5,0,val-Youden,50,0.26370185241751387,31,27,10,19300,0.7560975609756098,0.9986029906348631,0.8773502758052365,0.5344827586206896,0.6262626262626263,0.024652664078214905,0.9892769750898213,0.7464584487137692,0.8034393941497237,471.390243902439,108.8,0.518389386278398,False
ref64,5,0,val-Youden,100,0.26370185241751387,31,27,10,19300,0.7560975609756098,0.9986029906348631,0.8773502758052365,0.5344827586206896,0.6262626262626263,0.04383830622785675,0.9892769750898213,0.7464584487137692,0.8034393941497237,471.390243902439,108.8,0.518389386278398,False
ref64,5,0,val-Youden,200,0.26370185241751387,31,27,10,19300,0.7560975609756098,0.9986029906348631,0.8773502758052365,0.5344827586206896,0.6262626262626263,0.07363679296690522,0.9892769750898213,0.7464584487137692,0.8034393941497237,471.390243902439,108.8,0.518389386278398,False
ref64,5,0,elkan-raw,1,0.5,21,4,20,19323,0.5121951219512195,0.9997930356496093,0.7559940788004145,0.84,0.6363636363636364,0.0012391573729863693,0.9892769750898213,0.7464584487137692,0.8034393941497237,471.390243902439,108.8,0.518389386278398,False
ref64,5,0,elkan-raw,2,0.3333333333333333,28,17,13,19310,0.6829268292682927,0.9991204015108398,0.8410236153895663,0.6222222222222222,0.6511627906976745,0.002215467051367922,0.9892769750898213,0.7464584487137692,0.8034393941497237,471.390243902439,108.8,0.518389386278398,False
ref64,5,0,elkan-raw,5,0.16666666666666666,36,70,5,19257,0.8780487804878049,0.9963781238681637,0.9372134521779842,0.33962264150943394,0.4897959183673469,0.0048638132295719845,0.9892769750898213,0.7464584487137692,0.8034393941497237,471.390243902439,108.8,0.518389386278398,False
ref64,5,0,elkan-raw,10,0.09090909090909091,38,151,3,19176,0.926829268292683,0.9921870957727531,0.959508182032718,0.20105820105820105,0.33043478260869563,0.009170593301920252,0.9892769750898213,0.7464584487137692,0.8034393941497237,471.390243902439,108.8,0.518389386278398,False
ref64,5,0,elkan-raw,20,0.047619047619047616,40,321,1,19006,0.975609756097561,0.9833911108811507,0.9795004334893558,0.11080332409972299,0.19900497512437812,0.016925596863056534,0.9892769750898213,0.7464584487137692,0.8034393941497237,471.390243902439,108.8,0.518389386278398,False
ref64,5,0,elkan-raw,50,0.0196078431372549,40,694,1,18633,0.975609756097561,0.9640916852072231,0.9698507206523921,0.05449591280653951,0.1032258064516129,0.034803761051597513,0.9892769750898213,0.7464584487137692,0.8034393941497237,471.390243902439,108.8,0.518389386278398,False
ref64,5,0,elkan-raw,100,0.009900990099009901,40,1125,1,18202,0.975609756097561,0.941791276452631,0.958700516275096,0.034334763948497854,0.06633499170812604,0.05229009262816409,0.9892769750898213,0.7464584487137692,0.8034393941497237,471.390243902439,108.8,0.518389386278398,False
ref64,5,0,elkan-raw,200,0.004975124378109453,40,1778,1,17549,0.975609756097561,0.9080043462513582,0.9418070511744596,0.022002200220022004,0.04303388918773534,0.07185672249064555,0.9892769750898213,0.7464584487137692,0.8034393941497237,471.390243902439,108.8,0.518389386278398,False
ref64,5,0,elkan-cal,1,0.5,21,4,20,19323,0.5121951219512195,0.9997930356496093,0.7559940788004145,0.84,0.6363636363636364,0.0012391573729863693,0.9892769750898213,0.7464584487137692,0.8034393941497237,471.390243902439,108.8,0.518389386278398,False
ref64,5,0,elkan-cal,2,0.3333333333333333,26,10,15,19317,0.6341463414634146,0.9994825891240234,0.816814465293719,0.7222222222222222,0.6753246753246753,0.0020608995826678347,0.9892769750898213,0.7464584487137692,0.8034393941497237,471.390243902439,108.8,0.518389386278398,False
ref64,5,0,elkan-cal,5,0.16666666666666666,28,20,13,19307,0.6829268292682927,0.9989651782480468,0.8409460037581697,0.5833333333333334,0.6292134831460674,0.004351832889617039,0.9892769750898213,0.7464584487137692,0.8034393941497237,471.390243902439,108.8,0.518389386278398,False
ref64,5,0,elkan-cal,10,0.09090909090909091,33,31,8,19296,0.8048780487804879,0.9983960262844725,0.9016370375324803,0.515625,0.6285714285714286,0.005623955008359933,0.9892769750898213,0.7464584487137692,0.8034393941497237,471.390243902439,108.8,0.518389386278398,False
ref64,5,0,elkan-cal,20,0.047619047619047616,35,62,6,19265,0.8536585365853658,0.996792052568945,0.9252252945771554,0.36082474226804123,0.5072463768115942,0.00903360301781903,0.9892769750898213,0.7464584487137692,0.8034393941497237,471.390243902439,108.8,0.518389386278398,False
ref64,5,0,elkan-cal,50,0.0196078431372549,38,115,3,19212,0.926829268292683,0.994049774926269,0.960439521609476,0.24836601307189543,0.3917525773195876,0.01239650091219535,0.9892769750898213,0.7464584487137692,0.8034393941497237,471.390243902439,108.8,0.518389386278398,False
ref64,5,0,elkan-cal,100,0.009900990099009901,38,172,3,19155,0.926829268292683,0.9911005329332022,0.9589649006129426,0.18095238095238095,0.30278884462151395,0.020147692833055876,0.9892769750898213,0.7464584487137692,0.8034393941497237,471.390243902439,108.8,0.518389386278398,False
ref64,5,0,elkan-cal,200,0.004975124378109453,40,253,1,19074,0.975609756097561,0.9869095048377917,0.9812596304676764,0.13651877133105803,0.23952095808383234,0.016456569913176154,0.9892769750898213,0.7464584487137692,0.8034393941497237,471.390243902439,108.8,0.518389386278398,False
ref64,5,0,val-cost,1,0.2674136333665923,31,26,10,19301,0.7560975609756098,0.9986547317224608,0.8773761463490353,0.543859649122807,0.6326530612244898,0.0018587360594795538,0.9892769750898213,0.7464584487137692,0.8034393941497237,471.390243902439,108.8,0.518389386278398,False
ref64,5,0,val-cost,2,0.2674136333665923,31,26,10,19301,0.7560975609756098,0.9986547317224608,0.8773761463490353,0.543859649122807,0.6326530612244898,0.0023700345200680095,0.9892769750898213,0.7464584487137692,0.8034393941497237,471.390243902439,108.8,0.518389386278398,False
ref64,5,0,val-cost,5,0.2674136333665923,31,26,10,19301,0.7560975609756098,0.9986547317224608,0.8773761463490353,0.543859649122807,0.6326530612244898,0.0038910505836575876,0.9892769750898213,0.7464584487137692,0.8034393941497237,471.390243902439,108.8,0.518389386278398,False
ref64,5,0,val-cost,10,0.2674136333665923,31,26,10,19301,0.7560975609756098,0.9986547317224608,0.8773761463490353,0.543859649122807,0.6326530612244898,0.006383948928408573,0.9892769750898213,0.7464584487137692,0.8034393941497237,471.390243902439,108.8,0.518389386278398,False
ref64,5,0,val-cost,20,0.2674136333665923,31,26,10,19301,0.7560975609756098,0.9986547317224608,0.8773761463490353,0.543859649122807,0.6326530612244898,0.011217551000148906,0.9892769750898213,0.7464584487137692,0.8034393941497237,471.390243902439,108.8,0.518389386278398,False
ref64,5,0,val-cost,50,0.2674136333665923,31,26,10,19301,0.7560975609756098,0.9986547317224608,0.8773761463490353,0.543859649122807,0.6326530612244898,0.024605884829489638,0.9892769750898213,0.7464584487137692,0.8034393941497237,471.390243902439,108.8,0.518389386278398,False
ref64,5,0,val-cost,100,0.2674136333665923,31,26,10,19301,0.7560975609756098,0.9986547317224608,0.8773761463490353,0.543859649122807,0.6326530612244898,0.043795620437956206,0.9892769750898213,0.7464584487137692,0.8034393941497237,471.390243902439,108.8,0.518389386278398,False
ref64,5,0,val-cost,200,0.2674136333665923,31,26,10,19301,0.7560975609756098,0.9986547317224608,0.8773761463490353,0.543859649122807,0.6326530612244898,0.07360046499800196,0.9892769750898213,0.7464584487137692,0.8034393941497237,471.390243902439,108.8,0.518389386278398,False
ref64,5,0,oracle,1,0.44965019822120667,25,5,16,19322,0.6097560975609756,0.9997412945620117,0.8047486960614936,0.8333333333333334,0.704225352112676,0.0010842627013630732,0.9892769750898213,0.7464584487137692,0.8034393941497237,471.390243902439,108.8,0.518389386278398,False
ref64,5,0,oracle,2,0.43523775041103363,26,7,15,19320,0.6341463414634146,0.9996378123868164,0.8168920769251156,0.7878787878787878,0.7027027027027027,0.0019063321139677469,0.9892769750898213,0.7464584487137692,0.8034393941497237,471.390243902439,108.8,0.518389386278398,False
ref64,5,0,oracle,5,0.237154521048069,33,31,8,19296,0.8048780487804879,0.9983960262844725,0.9016370375324803,0.515625,0.6285714285714286,0.0036350604136801148,0.9892769750898213,0.7464584487137692,0.8034393941497237,471.390243902439,108.8,0.518389386278398,False
ref64,5,0,oracle,10,0.19372127205133438,35,48,6,19279,0.8536585365853658,0.9975164277953122,0.925587482190339,0.42168674698795183,0.5645161290322581,0.005471956224350205,0.9892769750898213,0.7464584487137692,0.8034393941497237,471.390243902439,108.8,0.518389386278398,False
ref64,5,0,oracle,20,0.1320948526263237,38,95,3,19232,0.926829268292683,0.9950845966782221,0.9609569324854526,0.2857142857142857,0.4367816091954023,0.007693453119571152,0.9892769750898213,0.7464584487137692,0.8034393941497237,471.390243902439,108.8,0.518389386278398,False
ref64,5,0,oracle,50,0.078502357006073,40,191,1,19136,0.975609756097561,0.9901174522688467,0.9828636041832038,0.17316017316017315,0.29411764705882354,0.011273798942788979,0.9892769750898213,0.7464584487137692,0.8034393941497237,471.390243902439,108.8,0.518389386278398,False
ref64,5,0,oracle,100,0.078502357006073,40,191,1,19136,0.975609756097561,0.9901174522688467,0.9828636041832038,0.17316017316017315,0.29411764705882354,0.012421564861057754,0.9892769750898213,0.7464584487137692,0.8034393941497237,471.390243902439,108.8,0.518389386278398,False
ref64,5,0,oracle,200,0.078502357006073,40,191,1,19136,0.975609756097561,0.9901174522688467,0.9828636041832038,0.17316017316017315,0.29411764705882354,0.01420423584117412,0.9892769750898213,0.7464584487137692,0.8034393941497237,471.390243902439,108.8,0.518389386278398,False
